# ICC Profile MPE CurveSet Export
# Tag: BToA1Tag
# Element: 1
# Channels: 3
# Samples: 4096
# Format: input(normalized 0-1) <tab> ch0_output ... chN_output
#
input	ch0	ch1	ch2
0.000000000	0.000000000	0.000000000	0.000000000
0.000244200	0.003155067	0.003155067	0.003155067
0.000488401	0.006310135	0.006310135	0.006310135
0.000732601	0.009465202	0.009465202	0.009465202
0.000976801	0.012620269	0.012620269	0.012620269
0.001221001	0.015775336	0.015775336	0.015775336
0.001465201	0.018930404	0.018930404	0.018930404
0.001709402	0.022085471	0.022085471	0.022085471
0.001953602	0.025240539	0.025240539	0.025240539
0.002197802	0.028395606	0.028395606	0.028395606
0.002442003	0.031550672	0.031550672	0.031550672
0.002686203	0.034705739	0.034705739	0.034705739
0.002930403	0.037860807	0.037860807	0.037860807
0.003174603	0.041004092	0.041004092	0.041004092
0.003418803	0.044014782	0.044014782	0.044014782
0.003663004	0.046902463	0.046902463	0.046902463
0.003907204	0.049679913	0.049679913	0.049679913
0.004151404	0.052357830	0.052357830	0.052357830
0.004395605	0.054945357	0.054945357	0.054945357
0.004639805	0.057450317	0.057450317	0.057450317
0.004884005	0.059879489	0.059879489	0.059879489
0.005128205	0.062238805	0.062238805	0.062238805
0.005372406	0.064533450	0.064533450	0.064533450
0.005616606	0.066768028	0.066768028	0.066768028
0.005860806	0.068946622	0.068946622	0.068946622
0.006105006	0.071072884	0.071072884	0.071072884
0.006349206	0.073150091	0.073150091	0.073150091
0.006593407	0.075181194	0.075181194	0.075181194
0.006837607	0.077168874	0.077168874	0.077168874
0.007081807	0.079115562	0.079115562	0.079115562
0.007326007	0.081023477	0.081023477	0.081023477
0.007570208	0.082894631	0.082894631	0.082894631
0.007814408	0.084730901	0.084730901	0.084730901
0.008058609	0.086534016	0.086534016	0.086534016
0.008302809	0.088305511	0.088305511	0.088305511
0.008547009	0.090046875	0.090046875	0.090046875
0.008791209	0.091759436	0.091759436	0.091759436
0.009035409	0.093444474	0.093444474	0.093444474
0.009279610	0.095103152	0.095103152	0.095103152
0.009523810	0.096736573	0.096736573	0.096736573
0.009768010	0.098345734	0.098345734	0.098345734
0.010012210	0.099931575	0.099931575	0.099931575
0.010256411	0.101495035	0.101495035	0.101495035
0.010500611	0.103036903	0.103036903	0.103036903
0.010744811	0.104558013	0.104558013	0.104558013
0.010989011	0.106059082	0.106059082	0.106059082
0.011233211	0.107540809	0.107540809	0.107540809
0.011477412	0.109003879	0.109003879	0.109003879
0.011721612	0.110448875	0.110448875	0.110448875
0.011965812	0.111876450	0.111876450	0.111876450
0.012210012	0.113287099	0.113287099	0.113287099
0.012454213	0.114681400	0.114681400	0.114681400
0.012698413	0.116059847	0.116059847	0.116059847
0.012942613	0.117422886	0.117422886	0.117422886
0.013186813	0.118771039	0.118771039	0.118771039
0.013431014	0.120104693	0.120104693	0.120104693
0.013675214	0.121424265	0.121424265	0.121424265
0.013919414	0.122730173	0.122730173	0.122730173
0.014163614	0.124022804	0.124022804	0.124022804
0.014407814	0.125302464	0.125302464	0.125302464
0.014652015	0.126569569	0.126569569	0.126569569
0.014896215	0.127824366	0.127824366	0.127824366
0.015140415	0.129067242	0.129067242	0.129067242
0.015384615	0.130298495	0.130298495	0.130298495
0.015628817	0.131518394	0.131518394	0.131518394
0.015873017	0.132727236	0.132727236	0.132727236
0.016117217	0.133925229	0.133925229	0.133925229
0.016361417	0.135112703	0.135112703	0.135112703
0.016605617	0.136289895	0.136289895	0.136289895
0.016849818	0.137457043	0.137457043	0.137457043
0.017094018	0.138614327	0.138614327	0.138614327
0.017338218	0.139762044	0.139762044	0.139762044
0.017582418	0.140900344	0.140900344	0.140900344
0.017826619	0.142029464	0.142029464	0.142029464
0.018070819	0.143149614	0.143149614	0.143149614
0.018315019	0.144260943	0.144260943	0.144260943
0.018559219	0.145363688	0.145363688	0.145363688
0.018803420	0.146457970	0.146457970	0.146457970
0.019047620	0.147544026	0.147544026	0.147544026
0.019291820	0.148621947	0.148621947	0.148621947
0.019536020	0.149691969	0.149691969	0.149691969
0.019780220	0.150754213	0.150754213	0.150754213
0.020024421	0.151808858	0.151808858	0.151808858
0.020268621	0.152855992	0.152855992	0.152855992
0.020512821	0.153895795	0.153895795	0.153895795
0.020757021	0.154928416	0.154928416	0.154928416
0.021001222	0.155953974	0.155953974	0.155953974
0.021245422	0.156972587	0.156972587	0.156972587
0.021489622	0.157984376	0.157984376	0.157984376
0.021733822	0.158989519	0.158989519	0.158989519
0.021978023	0.159988075	0.159988075	0.159988075
0.022222223	0.160980195	0.160980195	0.160980195
0.022466423	0.161965966	0.161965966	0.161965966
0.022710623	0.162945479	0.162945479	0.162945479
0.022954823	0.163918912	0.163918912	0.163918912
0.023199024	0.164886296	0.164886296	0.164886296
0.023443224	0.165847778	0.165847778	0.165847778
0.023687424	0.166803420	0.166803420	0.166803420
0.023931624	0.167753339	0.167753339	0.167753339
0.024175825	0.168697596	0.168697596	0.168697596
0.024420025	0.169636339	0.169636339	0.169636339
0.024664225	0.170569599	0.170569599	0.170569599
0.024908425	0.171497494	0.171497494	0.171497494
0.025152626	0.172420114	0.172420114	0.172420114
0.025396826	0.173337489	0.173337489	0.173337489
0.025641026	0.174249768	0.174249768	0.174249768
0.025885226	0.175156951	0.175156951	0.175156951
0.026129426	0.176059186	0.176059186	0.176059186
0.026373627	0.176956505	0.176956505	0.176956505
0.026617827	0.177848995	0.177848995	0.177848995
0.026862027	0.178736717	0.178736717	0.178736717
0.027106227	0.179619759	0.179619759	0.179619759
0.027350428	0.180498153	0.180498153	0.180498153
0.027594628	0.181371987	0.181371987	0.181371987
0.027838828	0.182241321	0.182241321	0.182241321
0.028083028	0.183106244	0.183106244	0.183106244
0.028327229	0.183966756	0.183966756	0.183966756
0.028571429	0.184822977	0.184822977	0.184822977
0.028815629	0.185674906	0.185674906	0.185674906
0.029059829	0.186522663	0.186522663	0.186522663
0.029304029	0.187366277	0.187366277	0.187366277
0.029548230	0.188205779	0.188205779	0.188205779
0.029792430	0.189041257	0.189041257	0.189041257
0.030036630	0.189872742	0.189872742	0.189872742
0.030280830	0.190700293	0.190700293	0.190700293
0.030525031	0.191523969	0.191523969	0.191523969
0.030769231	0.192343801	0.192343801	0.192343801
0.031013431	0.193159878	0.193159878	0.193159878
0.031257633	0.193972170	0.193972170	0.193972170
0.031501833	0.194780797	0.194780797	0.194780797
0.031746034	0.195585757	0.195585757	0.195585757
0.031990234	0.196387112	0.196387112	0.196387112
0.032234434	0.197184920	0.197184920	0.197184920
0.032478634	0.197979212	0.197979212	0.197979212
0.032722834	0.198770016	0.198770016	0.198770016
0.032967035	0.199557394	0.199557394	0.199557394
0.033211235	0.200341374	0.200341374	0.200341374
0.033455435	0.201122016	0.201122016	0.201122016
0.033699635	0.201899320	0.201899320	0.201899320
0.033943836	0.202673346	0.202673346	0.202673346
0.034188036	0.203444123	0.203444123	0.203444123
0.034432236	0.204211712	0.204211712	0.204211712
0.034676436	0.204976112	0.204976112	0.204976112
0.034920637	0.205737412	0.205737412	0.205737412
0.035164837	0.206495583	0.206495583	0.206495583
0.035409037	0.207250684	0.207250684	0.207250684
0.035653237	0.208002776	0.208002776	0.208002776
0.035897437	0.208751857	0.208751857	0.208751857
0.036141638	0.209497958	0.209497958	0.209497958
0.036385838	0.210241139	0.210241139	0.210241139
0.036630038	0.210981429	0.210981429	0.210981429
0.036874238	0.211718827	0.211718827	0.211718827
0.037118439	0.212453395	0.212453395	0.212453395
0.037362639	0.213185161	0.213185161	0.213185161
0.037606839	0.213914156	0.213914156	0.213914156
0.037851039	0.214640349	0.214640349	0.214640349
0.038095240	0.215363801	0.215363801	0.215363801
0.038339440	0.216084599	0.216084599	0.216084599
0.038583640	0.216802686	0.216802686	0.216802686
0.038827840	0.217518151	0.217518151	0.217518151
0.039072040	0.218230993	0.218230993	0.218230993
0.039316241	0.218941242	0.218941242	0.218941242
0.039560441	0.219648927	0.219648927	0.219648927
0.039804641	0.220354080	0.220354080	0.220354080
0.040048841	0.221056670	0.221056670	0.221056670
0.040293042	0.221756816	0.221756816	0.221756816
0.040537242	0.222454458	0.222454458	0.222454458
0.040781442	0.223149657	0.223149657	0.223149657
0.041025642	0.223842442	0.223842442	0.223842442
0.041269843	0.224532813	0.224532813	0.224532813
0.041514043	0.225220799	0.225220799	0.225220799
0.041758243	0.225906432	0.225906432	0.225906432
0.042002443	0.226589739	0.226589739	0.226589739
0.042246643	0.227270752	0.227270752	0.227270752
0.042490844	0.227949440	0.227949440	0.227949440
0.042735044	0.228625894	0.228625894	0.228625894
0.042979244	0.229300052	0.229300052	0.229300052
0.043223444	0.229971975	0.229971975	0.229971975
0.043467645	0.230641723	0.230641723	0.230641723
0.043711845	0.231309295	0.231309295	0.231309295
0.043956045	0.231974632	0.231974632	0.231974632
0.044200245	0.232637882	0.232637882	0.232637882
0.044444446	0.233298957	0.233298957	0.233298957
0.044688646	0.233957916	0.233957916	0.233957916
0.044932846	0.234614789	0.234614789	0.234614789
0.045177046	0.235269576	0.235269576	0.235269576
0.045421246	0.235922307	0.235922307	0.235922307
0.045665447	0.236573011	0.236573011	0.236573011
0.045909647	0.237221658	0.237221658	0.237221658
0.046153847	0.237868309	0.237868309	0.237868309
0.046398047	0.238512993	0.238512993	0.238512993
0.046642248	0.239155650	0.239155650	0.239155650
0.046886448	0.239796400	0.239796400	0.239796400
0.047130648	0.240435153	0.240435153	0.240435153
0.047374848	0.241071999	0.241071999	0.241071999
0.047619049	0.241706967	0.241706967	0.241706967
0.047863249	0.242339998	0.242339998	0.242339998
0.048107449	0.242971152	0.242971152	0.242971152
0.048351649	0.243600458	0.243600458	0.243600458
0.048595849	0.244227916	0.244227916	0.244227916
0.048840050	0.244853497	0.244853497	0.244853497
0.049084250	0.245477289	0.245477289	0.245477289
0.049328450	0.246099263	0.246099263	0.246099263
0.049572650	0.246719450	0.246719450	0.246719450
0.049816851	0.247337878	0.247337878	0.247337878
0.050061051	0.247954518	0.247954518	0.247954518
0.050305251	0.248569399	0.248569399	0.248569399
0.050549451	0.249182552	0.249182552	0.249182552
0.050793651	0.249793947	0.249793947	0.249793947
0.051037852	0.250403672	0.250403672	0.250403672
0.051282052	0.251011699	0.251011699	0.251011699
0.051526252	0.251617998	0.251617998	0.251617998
0.051770452	0.252222657	0.252222657	0.252222657
0.052014653	0.252825677	0.252825677	0.252825677
0.052258853	0.253426999	0.253426999	0.253426999
0.052503053	0.254026711	0.254026711	0.254026711
0.052747253	0.254624784	0.254624784	0.254624784
0.052991454	0.255221248	0.255221248	0.255221248
0.053235654	0.255816102	0.255816102	0.255816102
0.053479854	0.256409407	0.256409407	0.256409407
0.053724054	0.257001102	0.257001102	0.257001102
0.053968254	0.257591218	0.257591218	0.257591218
0.054212455	0.258179784	0.258179784	0.258179784
0.054456655	0.258766830	0.258766830	0.258766830
0.054700855	0.259352326	0.259352326	0.259352326
0.054945055	0.259936273	0.259936273	0.259936273
0.055189256	0.260518730	0.260518730	0.260518730
0.055433456	0.261099696	0.261099696	0.261099696
0.055677656	0.261679173	0.261679173	0.261679173
0.055921856	0.262257159	0.262257159	0.262257159
0.056166057	0.262833685	0.262833685	0.262833685
0.056410257	0.263408750	0.263408750	0.263408750
0.056654457	0.263982356	0.263982356	0.263982356
0.056898657	0.264554501	0.264554501	0.264554501
0.057142857	0.265125245	0.265125245	0.265125245
0.057387058	0.265694559	0.265694559	0.265694559
0.057631258	0.266262472	0.266262472	0.266262472
0.057875458	0.266828984	0.266828984	0.266828984
0.058119658	0.267394066	0.267394066	0.267394066
0.058363859	0.267957807	0.267957807	0.267957807
0.058608059	0.268520147	0.268520147	0.268520147
0.058852259	0.269081116	0.269081116	0.269081116
0.059096459	0.269640744	0.269640744	0.269640744
0.059340660	0.270199060	0.270199060	0.270199060
0.059584860	0.270755976	0.270755976	0.270755976
0.059829060	0.271311611	0.271311611	0.271311611
0.060073260	0.271865875	0.271865875	0.271865875
0.060317460	0.272418886	0.272418886	0.272418886
0.060561661	0.272970557	0.272970557	0.272970557
0.060805861	0.273520947	0.273520947	0.273520947
0.061050061	0.274070024	0.274070024	0.274070024
0.061294261	0.274617821	0.274617821	0.274617821
0.061538462	0.275164366	0.275164366	0.275164366
0.061782662	0.275709629	0.275709629	0.275709629
0.062026862	0.276253670	0.276253670	0.276253670
0.062271062	0.276796430	0.276796430	0.276796430
0.062515266	0.277337998	0.277337998	0.277337998
0.062759466	0.277878284	0.277878284	0.277878284
0.063003667	0.278417349	0.278417349	0.278417349
0.063247867	0.278955221	0.278955221	0.278955221
0.063492067	0.279491842	0.279491842	0.279491842
0.063736267	0.280027300	0.280027300	0.280027300
0.063980468	0.280561566	0.280561566	0.280561566
0.064224668	0.281094611	0.281094611	0.281094611
0.064468868	0.281626493	0.281626493	0.281626493
0.064713068	0.282157212	0.282157212	0.282157212
0.064957269	0.282686740	0.282686740	0.282686740
0.065201469	0.283215135	0.283215135	0.283215135
0.065445669	0.283742338	0.283742338	0.283742338
0.065689869	0.284268409	0.284268409	0.284268409
0.065934069	0.284793347	0.284793347	0.284793347
0.066178270	0.285317183	0.285317183	0.285317183
0.066422470	0.285839856	0.285839856	0.285839856
0.066666670	0.286361396	0.286361396	0.286361396
0.066910870	0.286881864	0.286881864	0.286881864
0.067155071	0.287401199	0.287401199	0.287401199
0.067399271	0.287919462	0.287919462	0.287919462
0.067643471	0.288436592	0.288436592	0.288436592
0.067887671	0.288952649	0.288952649	0.288952649
0.068131872	0.289467633	0.289467633	0.289467633
0.068376072	0.289981514	0.289981514	0.289981514
0.068620272	0.290494353	0.290494353	0.290494353
0.068864472	0.291006118	0.291006118	0.291006118
0.069108672	0.291516840	0.291516840	0.291516840
0.069352873	0.292026490	0.292026490	0.292026490
0.069597073	0.292535126	0.292535126	0.292535126
0.069841273	0.293042690	0.293042690	0.293042690
0.070085473	0.293549240	0.293549240	0.293549240
0.070329674	0.294054717	0.294054717	0.294054717
0.070573874	0.294559240	0.294559240	0.294559240
0.070818074	0.295062691	0.295062691	0.295062691
0.071062274	0.295565128	0.295565128	0.295565128
0.071306475	0.296066582	0.296066582	0.296066582
0.071550675	0.296567053	0.296567053	0.296567053
0.071794875	0.297066480	0.297066480	0.297066480
0.072039075	0.297564954	0.297564954	0.297564954
0.072283275	0.298062474	0.298062474	0.298062474
0.072527476	0.298558950	0.298558950	0.298558950
0.072771676	0.299054474	0.299054474	0.299054474
0.073015876	0.299549043	0.299549043	0.299549043
0.073260076	0.300042659	0.300042659	0.300042659
0.073504277	0.300535262	0.300535262	0.300535262
0.073748477	0.301026940	0.301026940	0.301026940
0.073992677	0.301517695	0.301517695	0.301517695
0.074236877	0.302007496	0.302007496	0.302007496
0.074481077	0.302496344	0.302496344	0.302496344
0.074725278	0.302984238	0.302984238	0.302984238
0.074969478	0.303471237	0.303471237	0.303471237
0.075213678	0.303957283	0.303957283	0.303957283
0.075457878	0.304442436	0.304442436	0.304442436
0.075702079	0.304926664	0.304926664	0.304926664
0.075946279	0.305409998	0.305409998	0.305409998
0.076190479	0.305892378	0.305892378	0.305892378
0.076434679	0.306373924	0.306373924	0.306373924
0.076678880	0.306854516	0.306854516	0.306854516
0.076923080	0.307334244	0.307334244	0.307334244
0.077167280	0.307813078	0.307813078	0.307813078
0.077411480	0.308291018	0.308291018	0.308291018
0.077655680	0.308768123	0.308768123	0.308768123
0.077899881	0.309244305	0.309244305	0.309244305
0.078144081	0.309719622	0.309719622	0.309719622
0.078388281	0.310194075	0.310194075	0.310194075
0.078632481	0.310667694	0.310667694	0.310667694
0.078876682	0.311140448	0.311140448	0.311140448
0.079120882	0.311612338	0.311612338	0.311612338
0.079365082	0.312083364	0.312083364	0.312083364
0.079609282	0.312553585	0.312553585	0.312553585
0.079853483	0.313022941	0.313022941	0.313022941
0.080097683	0.313491434	0.313491434	0.313491434
0.080341883	0.313959122	0.313959122	0.313959122
0.080586083	0.314426005	0.314426005	0.314426005
0.080830283	0.314892024	0.314892024	0.314892024
0.081074484	0.315357238	0.315357238	0.315357238
0.081318684	0.315821677	0.315821677	0.315821677
0.081562884	0.316285223	0.316285223	0.316285223
0.081807084	0.316748023	0.316748023	0.316748023
0.082051285	0.317209989	0.317209989	0.317209989
0.082295485	0.317671150	0.317671150	0.317671150
0.082539685	0.318131536	0.318131536	0.318131536
0.082783885	0.318591088	0.318591088	0.318591088
0.083028086	0.319049895	0.319049895	0.319049895
0.083272286	0.319507897	0.319507897	0.319507897
0.083516486	0.319965124	0.319965124	0.319965124
0.083760686	0.320421547	0.320421547	0.320421547
0.084004886	0.320877224	0.320877224	0.320877224
0.084249087	0.321332127	0.321332127	0.321332127
0.084493287	0.321786225	0.321786225	0.321786225
0.084737487	0.322239578	0.322239578	0.322239578
0.084981687	0.322692186	0.322692186	0.322692186
0.085225888	0.323144019	0.323144019	0.323144019
0.085470088	0.323595107	0.323595107	0.323595107
0.085714288	0.324045449	0.324045449	0.324045449
0.085958488	0.324495047	0.324495047	0.324495047
0.086202689	0.324943870	0.324943870	0.324943870
0.086446889	0.325391978	0.325391978	0.325391978
0.086691089	0.325839341	0.325839341	0.325839341
0.086935289	0.326285988	0.326285988	0.326285988
0.087179489	0.326731861	0.326731861	0.326731861
0.087423690	0.327177018	0.327177018	0.327177018
0.087667890	0.327621490	0.327621490	0.327621490
0.087912090	0.328065187	0.328065187	0.328065187
0.088156290	0.328508198	0.328508198	0.328508198
0.088400491	0.328950495	0.328950495	0.328950495
0.088644691	0.329392076	0.329392076	0.329392076
0.088888891	0.329832911	0.329832911	0.329832911
0.089133091	0.330273092	0.330273092	0.330273092
0.089377292	0.330712557	0.330712557	0.330712557
0.089621492	0.331151307	0.331151307	0.331151307
0.089865692	0.331589371	0.331589371	0.331589371
0.090109892	0.332026750	0.332026750	0.332026750
0.090354092	0.332463413	0.332463413	0.332463413
0.090598293	0.332899392	0.332899392	0.332899392
0.090842493	0.333334714	0.333334714	0.333334714
0.091086693	0.333769321	0.333769321	0.333769321
0.091330893	0.334203273	0.334203273	0.334203273
0.091575094	0.334636539	0.334636539	0.334636539
0.091819294	0.335069150	0.335069150	0.335069150
0.092063494	0.335501045	0.335501045	0.335501045
0.092307694	0.335932314	0.335932314	0.335932314
0.092551894	0.336362898	0.336362898	0.336362898
0.092796095	0.336792827	0.336792827	0.336792827
0.093040295	0.337222099	0.337222099	0.337222099
0.093284495	0.337650716	0.337650716	0.337650716
0.093528695	0.338078648	0.338078648	0.338078648
0.093772896	0.338505983	0.338505983	0.338505983
0.094017096	0.338932633	0.338932633	0.338932633
0.094261296	0.339358628	0.339358628	0.339358628
0.094505496	0.339783996	0.339783996	0.339783996
0.094749697	0.340208709	0.340208709	0.340208709
0.094993897	0.340632826	0.340632826	0.340632826
0.095238097	0.341056287	0.341056287	0.341056287
0.095482297	0.341479123	0.341479123	0.341479123
0.095726497	0.341901273	0.341901273	0.341901273
0.095970698	0.342322856	0.342322856	0.342322856
0.096214898	0.342743784	0.342743784	0.342743784
0.096459098	0.343164086	0.343164086	0.343164086
0.096703298	0.343583792	0.343583792	0.343583792
0.096947499	0.344002873	0.344002873	0.344002873
0.097191699	0.344421327	0.344421327	0.344421327
0.097435899	0.344839185	0.344839185	0.344839185
0.097680099	0.345256418	0.345256418	0.345256418
0.097924300	0.345673054	0.345673054	0.345673054
0.098168500	0.346089095	0.346089095	0.346089095
0.098412700	0.346504480	0.346504480	0.346504480
0.098656900	0.346919328	0.346919328	0.346919328
0.098901100	0.347333550	0.347333550	0.347333550
0.099145301	0.347747177	0.347747177	0.347747177
0.099389501	0.348160207	0.348160207	0.348160207
0.099633701	0.348572642	0.348572642	0.348572642
0.099877901	0.348984510	0.348984510	0.348984510
0.100122102	0.349395752	0.349395752	0.349395752
0.100366302	0.349806428	0.349806428	0.349806428
0.100610502	0.350216538	0.350216538	0.350216538
0.100854702	0.350626051	0.350626051	0.350626051
0.101098903	0.351034999	0.351034999	0.351034999
0.101343103	0.351443350	0.351443350	0.351443350
0.101587303	0.351851135	0.351851135	0.351851135
0.101831503	0.352258384	0.352258384	0.352258384
0.102075703	0.352665007	0.352665007	0.352665007
0.102319904	0.353071094	0.353071094	0.353071094
0.102564104	0.353476614	0.353476614	0.353476614
0.102808304	0.353881568	0.353881568	0.353881568
0.103052504	0.354285926	0.354285926	0.354285926
0.103296705	0.354689777	0.354689777	0.354689777
0.103540905	0.355093062	0.355093062	0.355093062
0.103785105	0.355495781	0.355495781	0.355495781
0.104029305	0.355897963	0.355897963	0.355897963
0.104273506	0.356299579	0.356299579	0.356299579
0.104517706	0.356700629	0.356700629	0.356700629
0.104761906	0.357101172	0.357101172	0.357101172
0.105006106	0.357501179	0.357501179	0.357501179
0.105250306	0.357900590	0.357900590	0.357900590
0.105494507	0.358299494	0.358299494	0.358299494
0.105738707	0.358697861	0.358697861	0.358697861
0.105982907	0.359095693	0.359095693	0.359095693
0.106227107	0.359492987	0.359492987	0.359492987
0.106471308	0.359889746	0.359889746	0.359889746
0.106715508	0.360285968	0.360285968	0.360285968
0.106959708	0.360681653	0.360681653	0.360681653
0.107203908	0.361076832	0.361076832	0.361076832
0.107448108	0.361471474	0.361471474	0.361471474
0.107692309	0.361865580	0.361865580	0.361865580
0.107936509	0.362259209	0.362259209	0.362259209
0.108180709	0.362652272	0.362652272	0.362652272
0.108424909	0.363044858	0.363044858	0.363044858
0.108669110	0.363436908	0.363436908	0.363436908
0.108913310	0.363828450	0.363828450	0.363828450
0.109157510	0.364219487	0.364219487	0.364219487
0.109401710	0.364609987	0.364609987	0.364609987
0.109645911	0.364999980	0.364999980	0.364999980
0.109890111	0.365389526	0.365389526	0.365389526
0.110134311	0.365778506	0.365778506	0.365778506
0.110378511	0.366167009	0.366167009	0.366167009
0.110622711	0.366554976	0.366554976	0.366554976
0.110866912	0.366942465	0.366942465	0.366942465
0.111111112	0.367329478	0.367329478	0.367329478
0.111355312	0.367715985	0.367715985	0.367715985
0.111599512	0.368102014	0.368102014	0.368102014
0.111843713	0.368487507	0.368487507	0.368487507
0.112087913	0.368872523	0.368872523	0.368872523
0.112332113	0.369257063	0.369257063	0.369257063
0.112576313	0.369641095	0.369641095	0.369641095
0.112820514	0.370024681	0.370024681	0.370024681
0.113064714	0.370407760	0.370407760	0.370407760
0.113308914	0.370790333	0.370790333	0.370790333
0.113553114	0.371172458	0.371172458	0.371172458
0.113797314	0.371554077	0.371554077	0.371554077
0.114041515	0.371935248	0.371935248	0.371935248
0.114285715	0.372315943	0.372315943	0.372315943
0.114529915	0.372696131	0.372696131	0.372696131
0.114774115	0.373075873	0.373075873	0.373075873
0.115018316	0.373455137	0.373455137	0.373455137
0.115262516	0.373833925	0.373833925	0.373833925
0.115506716	0.374212265	0.374212265	0.374212265
0.115750916	0.374590129	0.374590129	0.374590129
0.115995117	0.374967515	0.374967515	0.374967515
0.116239317	0.375344455	0.375344455	0.375344455
0.116483517	0.375720918	0.375720918	0.375720918
0.116727717	0.376096934	0.376096934	0.376096934
0.116971917	0.376472503	0.376472503	0.376472503
0.117216118	0.376847595	0.376847595	0.376847595
0.117460318	0.377222210	0.377222210	0.377222210
0.117704518	0.377596408	0.377596408	0.377596408
0.117948718	0.377970159	0.377970159	0.377970159
0.118192919	0.378343433	0.378343433	0.378343433
0.118437119	0.378716260	0.378716260	0.378716260
0.118681319	0.379088640	0.379088640	0.379088640
0.118925519	0.379460573	0.379460573	0.379460573
0.119169720	0.379832089	0.379832089	0.379832089
0.119413920	0.380203128	0.380203128	0.380203128
0.119658120	0.380573720	0.380573720	0.380573720
0.119902320	0.380943894	0.380943894	0.380943894
0.120146520	0.381313622	0.381313622	0.381313622
0.120390721	0.381682903	0.381682903	0.381682903
0.120634921	0.382051766	0.382051766	0.382051766
0.120879121	0.382420182	0.382420182	0.382420182
0.121123321	0.382788152	0.382788152	0.382788152
0.121367522	0.383155704	0.383155704	0.383155704
0.121611722	0.383522838	0.383522838	0.383522838
0.121855922	0.383889496	0.383889496	0.383889496
0.122100122	0.384255767	0.384255767	0.384255767
0.122344323	0.384621620	0.384621620	0.384621620
0.122588523	0.384986997	0.384986997	0.384986997
0.122832723	0.385352015	0.385352015	0.385352015
0.123076923	0.385716558	0.385716558	0.385716558
0.123321123	0.386080682	0.386080682	0.386080682
0.123565324	0.386444420	0.386444420	0.386444420
0.123809524	0.386807710	0.386807710	0.386807710
0.124053724	0.387170613	0.387170613	0.387170613
0.124297924	0.387533069	0.387533069	0.387533069
0.124542125	0.387895107	0.387895107	0.387895107
0.124786325	0.388256758	0.388256758	0.388256758
0.125030532	0.388617992	0.388617992	0.388617992
0.125274733	0.388978779	0.388978779	0.388978779
0.125518933	0.389339179	0.389339179	0.389339179
0.125763133	0.389699191	0.389699191	0.389699191
0.126007333	0.390058756	0.390058756	0.390058756
0.126251534	0.390417933	0.390417933	0.390417933
0.126495734	0.390776724	0.390776724	0.390776724
0.126739934	0.391135097	0.391135097	0.391135097
0.126984134	0.391493052	0.391493052	0.391493052
0.127228335	0.391850650	0.391850650	0.391850650
0.127472535	0.392207772	0.392207772	0.392207772
0.127716735	0.392564535	0.392564535	0.392564535
0.127960935	0.392920941	0.392920941	0.392920941
0.128205135	0.393276930	0.393276930	0.393276930
0.128449336	0.393632501	0.393632501	0.393632501
0.128693536	0.393987685	0.393987685	0.393987685
0.128937736	0.394342482	0.394342482	0.394342482
0.129181936	0.394696832	0.394696832	0.394696832
0.129426137	0.395050883	0.395050883	0.395050883
0.129670337	0.395404488	0.395404488	0.395404488
0.129914537	0.395757705	0.395757705	0.395757705
0.130158737	0.396110535	0.396110535	0.396110535
0.130402938	0.396463007	0.396463007	0.396463007
0.130647138	0.396815091	0.396815091	0.396815091
0.130891338	0.397166789	0.397166789	0.397166789
0.131135538	0.397518098	0.397518098	0.397518098
0.131379738	0.397868991	0.397868991	0.397868991
0.131623939	0.398219556	0.398219556	0.398219556
0.131868139	0.398569703	0.398569703	0.398569703
0.132112339	0.398919493	0.398919493	0.398919493
0.132356539	0.399268925	0.399268925	0.399268925
0.132600740	0.399617970	0.399617970	0.399617970
0.132844940	0.399966627	0.399966627	0.399966627
0.133089140	0.400314897	0.400314897	0.400314897
0.133333340	0.400662839	0.400662839	0.400662839
0.133577541	0.401010364	0.401010364	0.401010364
0.133821741	0.401357532	0.401357532	0.401357532
0.134065941	0.401704311	0.401704311	0.401704311
0.134310141	0.402050793	0.402050793	0.402050793
0.134554341	0.402396828	0.402396828	0.402396828
0.134798542	0.402742535	0.402742535	0.402742535
0.135042742	0.403087884	0.403087884	0.403087884
0.135286942	0.403432846	0.403432846	0.403432846
0.135531142	0.403777450	0.403777450	0.403777450
0.135775343	0.404121697	0.404121697	0.404121697
0.136019543	0.404465586	0.404465586	0.404465586
0.136263743	0.404809117	0.404809117	0.404809117
0.136507943	0.405152291	0.405152291	0.405152291
0.136752144	0.405495107	0.405495107	0.405495107
0.136996344	0.405837536	0.405837536	0.405837536
0.137240544	0.406179637	0.406179637	0.406179637
0.137484744	0.406521380	0.406521380	0.406521380
0.137728944	0.406862766	0.406862766	0.406862766
0.137973145	0.407203794	0.407203794	0.407203794
0.138217345	0.407544494	0.407544494	0.407544494
0.138461545	0.407884806	0.407884806	0.407884806
0.138705745	0.408224791	0.408224791	0.408224791
0.138949946	0.408564419	0.408564419	0.408564419
0.139194146	0.408903688	0.408903688	0.408903688
0.139438346	0.409242630	0.409242630	0.409242630
0.139682546	0.409581214	0.409581214	0.409581214
0.139926746	0.409919471	0.409919471	0.409919471
0.140170947	0.410257369	0.410257369	0.410257369
0.140415147	0.410594940	0.410594940	0.410594940
0.140659347	0.410932183	0.410932183	0.410932183
0.140903547	0.411269039	0.411269039	0.411269039
0.141147748	0.411605597	0.411605597	0.411605597
0.141391948	0.411941767	0.411941767	0.411941767
0.141636148	0.412277609	0.412277609	0.412277609
0.141880348	0.412613153	0.412613153	0.412613153
0.142124549	0.412948310	0.412948310	0.412948310
0.142368749	0.413283169	0.413283169	0.413283169
0.142612949	0.413617671	0.413617671	0.413617671
0.142857149	0.413951874	0.413951874	0.413951874
0.143101349	0.414285719	0.414285719	0.414285719
0.143345550	0.414619207	0.414619207	0.414619207
0.143589750	0.414952397	0.414952397	0.414952397
0.143833950	0.415285230	0.415285230	0.415285230
0.144078150	0.415617764	0.415617764	0.415617764
0.144322351	0.415949970	0.415949970	0.415949970
0.144566551	0.416281849	0.416281849	0.416281849
0.144810751	0.416613370	0.416613370	0.416613370
0.145054951	0.416944593	0.416944593	0.416944593
0.145299152	0.417275488	0.417275488	0.417275488
0.145543352	0.417606026	0.417606026	0.417606026
0.145787552	0.417936295	0.417936295	0.417936295
0.146031752	0.418266207	0.418266207	0.418266207
0.146275952	0.418595761	0.418595761	0.418595761
0.146520153	0.418925047	0.418925047	0.418925047
0.146764353	0.419254035	0.419254035	0.419254035
0.147008553	0.419582665	0.419582665	0.419582665
0.147252753	0.419910967	0.419910967	0.419910967
0.147496954	0.420238972	0.420238972	0.420238972
0.147741154	0.420566648	0.420566648	0.420566648
0.147985354	0.420894027	0.420894027	0.420894027
0.148229554	0.421221077	0.421221077	0.421221077
0.148473755	0.421547800	0.421547800	0.421547800
0.148717955	0.421874225	0.421874225	0.421874225
0.148962155	0.422200352	0.422200352	0.422200352
0.149206355	0.422526151	0.422526151	0.422526151
0.149450555	0.422851622	0.422851622	0.422851622
0.149694756	0.423176825	0.423176825	0.423176825
0.149938956	0.423501670	0.423501670	0.423501670
0.150183156	0.423826247	0.423826247	0.423826247
0.150427356	0.424150497	0.424150497	0.424150497
0.150671557	0.424474448	0.424474448	0.424474448
0.150915757	0.424798101	0.424798101	0.424798101
0.151159957	0.425121427	0.425121427	0.425121427
0.151404157	0.425444484	0.425444484	0.425444484
0.151648358	0.425767183	0.425767183	0.425767183
0.151892558	0.426089615	0.426089615	0.426089615
0.152136758	0.426411748	0.426411748	0.426411748
0.152380958	0.426733553	0.426733553	0.426733553
0.152625158	0.427055061	0.427055061	0.427055061
0.152869359	0.427376300	0.427376300	0.427376300
0.153113559	0.427697212	0.427697212	0.427697212
0.153357759	0.428017825	0.428017825	0.428017825
0.153601959	0.428338170	0.428338170	0.428338170
0.153846160	0.428658187	0.428658187	0.428658187
0.154090360	0.428977937	0.428977937	0.428977937
0.154334560	0.429297358	0.429297358	0.429297358
0.154578760	0.429616511	0.429616511	0.429616511
0.154822960	0.429935366	0.429935366	0.429935366
0.155067161	0.430253923	0.430253923	0.430253923
0.155311361	0.430572152	0.430572152	0.430572152
0.155555561	0.430890143	0.430890143	0.430890143
0.155799761	0.431207806	0.431207806	0.431207806
0.156043962	0.431525201	0.431525201	0.431525201
0.156288162	0.431842297	0.431842297	0.431842297
0.156532362	0.432159096	0.432159096	0.432159096
0.156776562	0.432475626	0.432475626	0.432475626
0.157020763	0.432791859	0.432791859	0.432791859
0.157264963	0.433107823	0.433107823	0.433107823
0.157509163	0.433423460	0.433423460	0.433423460
0.157753363	0.433738858	0.433738858	0.433738858
0.157997563	0.434053957	0.434053957	0.434053957
0.158241764	0.434368759	0.434368759	0.434368759
0.158485964	0.434683293	0.434683293	0.434683293
0.158730164	0.434997529	0.434997529	0.434997529
0.158974364	0.435311496	0.435311496	0.435311496
0.159218565	0.435625166	0.435625166	0.435625166
0.159462765	0.435938567	0.435938567	0.435938567
0.159706965	0.436251700	0.436251700	0.436251700
0.159951165	0.436564535	0.436564535	0.436564535
0.160195366	0.436877102	0.436877102	0.436877102
0.160439566	0.437189370	0.437189370	0.437189370
0.160683766	0.437501371	0.437501371	0.437501371
0.160927966	0.437813103	0.437813103	0.437813103
0.161172166	0.438124567	0.438124567	0.438124567
0.161416367	0.438435733	0.438435733	0.438435733
0.161660567	0.438746631	0.438746631	0.438746631
0.161904767	0.439057261	0.439057261	0.439057261
0.162148967	0.439367622	0.439367622	0.439367622
0.162393168	0.439677715	0.439677715	0.439677715
0.162637368	0.439987540	0.439987540	0.439987540
0.162881568	0.440297067	0.440297067	0.440297067
0.163125768	0.440606326	0.440606326	0.440606326
0.163369969	0.440915346	0.440915346	0.440915346
0.163614169	0.441224068	0.441224068	0.441224068
0.163858369	0.441532522	0.441532522	0.441532522
0.164102569	0.441840708	0.441840708	0.441840708
0.164346769	0.442148656	0.442148656	0.442148656
0.164590970	0.442456305	0.442456305	0.442456305
0.164835170	0.442763716	0.442763716	0.442763716
0.165079370	0.443070829	0.443070829	0.443070829
0.165323570	0.443377703	0.443377703	0.443377703
0.165567771	0.443684280	0.443684280	0.443684280
0.165811971	0.443990618	0.443990618	0.443990618
0.166056171	0.444296718	0.444296718	0.444296718
0.166300371	0.444602489	0.444602489	0.444602489
0.166544572	0.444908053	0.444908053	0.444908053
0.166788772	0.445213377	0.445213377	0.445213377
0.167032972	0.445518374	0.445518374	0.445518374
0.167277172	0.445823133	0.445823133	0.445823133
0.167521372	0.446127653	0.446127653	0.446127653
0.167765573	0.446431875	0.446431875	0.446431875
0.168009773	0.446735919	0.446735919	0.446735919
0.168253973	0.447039604	0.447039604	0.447039604
0.168498173	0.447343111	0.447343111	0.447343111
0.168742374	0.447646320	0.447646320	0.447646320
0.168986574	0.447949290	0.447949290	0.447949290
0.169230774	0.448251963	0.448251963	0.448251963
0.169474974	0.448554456	0.448554456	0.448554456
0.169719175	0.448856652	0.448856652	0.448856652
0.169963375	0.449158609	0.449158609	0.449158609
0.170207575	0.449460268	0.449460268	0.449460268
0.170451775	0.449761748	0.449761748	0.449761748
0.170695975	0.450062931	0.450062931	0.450062931
0.170940176	0.450363815	0.450363815	0.450363815
0.171184376	0.450664520	0.450664520	0.450664520
0.171428576	0.450964987	0.450964987	0.450964987
0.171672776	0.451265156	0.451265156	0.451265156
0.171916977	0.451565087	0.451565087	0.451565087
0.172161177	0.451864779	0.451864779	0.451864779
0.172405377	0.452164233	0.452164233	0.452164233
0.172649577	0.452463448	0.452463448	0.452463448
0.172893777	0.452762365	0.452762365	0.452762365
0.173137978	0.453061044	0.453061044	0.453061044
0.173382178	0.453359485	0.453359485	0.453359485
0.173626378	0.453657746	0.453657746	0.453657746
0.173870578	0.453955710	0.453955710	0.453955710
0.174114779	0.454253435	0.454253435	0.454253435
0.174358979	0.454550922	0.454550922	0.454550922
0.174603179	0.454848111	0.454848111	0.454848111
0.174847379	0.455145121	0.455145121	0.455145121
0.175091580	0.455441892	0.455441892	0.455441892
0.175335780	0.455738366	0.455738366	0.455738366
0.175579980	0.456034660	0.456034660	0.456034660
0.175824180	0.456330717	0.456330717	0.456330717
0.176068380	0.456626475	0.456626475	0.456626475
0.176312581	0.456921995	0.456921995	0.456921995
0.176556781	0.457217336	0.457217336	0.457217336
0.176800981	0.457512379	0.457512379	0.457512379
0.177045181	0.457807243	0.457807243	0.457807243
0.177289382	0.458101869	0.458101869	0.458101869
0.177533582	0.458396196	0.458396196	0.458396196
0.177777782	0.458690345	0.458690345	0.458690345
0.178021982	0.458984256	0.458984256	0.458984256
0.178266183	0.459277868	0.459277868	0.459277868
0.178510383	0.459571302	0.459571302	0.459571302
0.178754583	0.459864497	0.459864497	0.459864497
0.178998783	0.460157454	0.460157454	0.460157454
0.179242983	0.460450172	0.460450172	0.460450172
0.179487184	0.460742652	0.460742652	0.460742652
0.179731384	0.461034894	0.461034894	0.461034894
0.179975584	0.461326957	0.461326957	0.461326957
0.180219784	0.461618721	0.461618721	0.461618721
0.180463985	0.461910248	0.461910248	0.461910248
0.180708185	0.462201595	0.462201595	0.462201595
0.180952385	0.462492704	0.462492704	0.462492704
0.181196585	0.462783575	0.462783575	0.462783575
0.181440786	0.463074207	0.463074207	0.463074207
0.181684986	0.463364661	0.463364661	0.463364661
0.181929186	0.463654816	0.463654816	0.463654816
0.182173386	0.463944793	0.463944793	0.463944793
0.182417586	0.464234531	0.464234531	0.464234531
0.182661787	0.464524031	0.464524031	0.464524031
0.182905987	0.464813292	0.464813292	0.464813292
0.183150187	0.465102375	0.465102375	0.465102375
0.183394387	0.465391219	0.465391219	0.465391219
0.183638588	0.465679824	0.465679824	0.465679824
0.183882788	0.465968192	0.465968192	0.465968192
0.184126988	0.466256380	0.466256380	0.466256380
0.184371188	0.466544271	0.466544271	0.466544271
0.184615389	0.466832042	0.466832042	0.466832042
0.184859589	0.467119515	0.467119515	0.467119515
0.185103789	0.467406809	0.467406809	0.467406809
0.185347989	0.467693865	0.467693865	0.467693865
0.185592189	0.467980683	0.467980683	0.467980683
0.185836390	0.468267262	0.468267262	0.468267262
0.186080590	0.468553662	0.468553662	0.468553662
0.186324790	0.468839884	0.468839884	0.468839884
0.186568990	0.469125807	0.469125807	0.469125807
0.186813191	0.469411552	0.469411552	0.469411552
0.187057391	0.469697058	0.469697058	0.469697058
0.187301591	0.469982326	0.469982326	0.469982326
0.187545791	0.470267475	0.470267475	0.470267475
0.187789991	0.470552325	0.470552325	0.470552325
0.188034192	0.470836937	0.470836937	0.470836937
0.188278392	0.471121430	0.471121430	0.471121430
0.188522592	0.471405625	0.471405625	0.471405625
0.188766792	0.471689641	0.471689641	0.471689641
0.189010993	0.471973419	0.471973419	0.471973419
0.189255193	0.472257018	0.472257018	0.472257018
0.189499393	0.472540379	0.472540379	0.472540379
0.189743593	0.472823501	0.472823501	0.472823501
0.189987794	0.473106444	0.473106444	0.473106444
0.190231994	0.473389208	0.473389208	0.473389208
0.190476194	0.473671734	0.473671734	0.473671734
0.190720394	0.473954022	0.473954022	0.473954022
0.190964594	0.474236071	0.474236071	0.474236071
0.191208795	0.474518001	0.474518001	0.474518001
0.191452995	0.474799633	0.474799633	0.474799633
0.191697195	0.475081146	0.475081146	0.475081146
0.191941395	0.475362420	0.475362420	0.475362420
0.192185596	0.475643396	0.475643396	0.475643396
0.192429796	0.475924253	0.475924253	0.475924253
0.192673996	0.476204872	0.476204872	0.476204872
0.192918196	0.476485312	0.476485312	0.476485312
0.193162397	0.476765513	0.476765513	0.476765513
0.193406597	0.477045536	0.477045536	0.477045536
0.193650797	0.477325320	0.477325320	0.477325320
0.193894997	0.477604926	0.477604926	0.477604926
0.194139197	0.477884293	0.477884293	0.477884293
0.194383398	0.478163540	0.478163540	0.478163540
0.194627598	0.478442550	0.478442550	0.478442550
0.194871798	0.478721261	0.478721261	0.478721261
0.195115998	0.478999853	0.478999853	0.478999853
0.195360199	0.479278266	0.479278266	0.479278266
0.195604399	0.479556382	0.479556382	0.479556382
0.195848599	0.479834378	0.479834378	0.479834378
0.196092799	0.480112135	0.480112135	0.480112135
0.196337000	0.480389714	0.480389714	0.480389714
0.196581200	0.480667055	0.480667055	0.480667055
0.196825400	0.480944216	0.480944216	0.480944216
0.197069600	0.481221199	0.481221199	0.481221199
0.197313800	0.481497943	0.481497943	0.481497943
0.197558001	0.481774509	0.481774509	0.481774509
0.197802201	0.482050896	0.482050896	0.482050896
0.198046401	0.482326984	0.482326984	0.482326984
0.198290601	0.482603014	0.482603014	0.482603014
0.198534802	0.482878745	0.482878745	0.482878745
0.198779002	0.483154297	0.483154297	0.483154297
0.199023202	0.483429670	0.483429670	0.483429670
0.199267402	0.483704805	0.483704805	0.483704805
0.199511603	0.483979821	0.483979821	0.483979821
0.199755803	0.484254599	0.484254599	0.484254599
0.200000003	0.484529197	0.484529197	0.484529197
0.200244203	0.484803557	0.484803557	0.484803557
0.200488403	0.485077739	0.485077739	0.485077739
0.200732604	0.485351801	0.485351801	0.485351801
0.200976804	0.485625565	0.485625565	0.485625565
0.201221004	0.485899150	0.485899150	0.485899150
0.201465204	0.486172616	0.486172616	0.486172616
0.201709405	0.486445844	0.486445844	0.486445844
0.201953605	0.486718833	0.486718833	0.486718833
0.202197805	0.486991704	0.486991704	0.486991704
0.202442005	0.487264276	0.487264276	0.487264276
0.202686206	0.487536788	0.487536788	0.487536788
0.202930406	0.487809062	0.487809062	0.487809062
0.203174606	0.488081098	0.488081098	0.488081098
0.203418806	0.488353014	0.488353014	0.488353014
0.203663006	0.488624692	0.488624692	0.488624692
0.203907207	0.488896191	0.488896191	0.488896191
0.204151407	0.489167511	0.489167511	0.489167511
0.204395607	0.489438593	0.489438593	0.489438593
0.204639807	0.489709556	0.489709556	0.489709556
0.204884008	0.489980280	0.489980280	0.489980280
0.205128208	0.490250885	0.490250885	0.490250885
0.205372408	0.490521193	0.490521193	0.490521193
0.205616608	0.490791380	0.490791380	0.490791380
0.205860808	0.491061389	0.491061389	0.491061389
0.206105009	0.491331220	0.491331220	0.491331220
0.206349209	0.491600811	0.491600811	0.491600811
0.206593409	0.491870224	0.491870224	0.491870224
0.206837609	0.492139518	0.492139518	0.492139518
0.207081810	0.492408574	0.492408574	0.492408574
0.207326010	0.492677450	0.492677450	0.492677450
0.207570210	0.492946148	0.492946148	0.492946148
0.207814410	0.493214667	0.493214667	0.493214667
0.208058611	0.493483007	0.493483007	0.493483007
0.208302811	0.493751109	0.493751109	0.493751109
0.208547011	0.494019032	0.494019032	0.494019032
0.208791211	0.494286835	0.494286835	0.494286835
0.209035411	0.494554460	0.494554460	0.494554460
0.209279612	0.494821846	0.494821846	0.494821846
0.209523812	0.495089054	0.495089054	0.495089054
0.209768012	0.495356143	0.495356143	0.495356143
0.210012212	0.495622993	0.495622993	0.495622993
0.210256413	0.495889664	0.495889664	0.495889664
0.210500613	0.496156216	0.496156216	0.496156216
0.210744813	0.496422529	0.496422529	0.496422529
0.210989013	0.496688604	0.496688604	0.496688604
0.211233214	0.496954620	0.496954620	0.496954620
0.211477414	0.497220337	0.497220337	0.497220337
0.211721614	0.497485995	0.497485995	0.497485995
0.211965814	0.497751415	0.497751415	0.497751415
0.212210014	0.498016655	0.498016655	0.498016655
0.212454215	0.498281777	0.498281777	0.498281777
0.212698415	0.498546600	0.498546600	0.498546600
0.212942615	0.498811364	0.498811364	0.498811364
0.213186815	0.499075890	0.499075890	0.499075890
0.213431016	0.499340296	0.499340296	0.499340296
0.213675216	0.499604464	0.499604464	0.499604464
0.213919416	0.499868453	0.499868453	0.499868453
0.214163616	0.500132263	0.500132263	0.500132263
0.214407817	0.500395954	0.500395954	0.500395954
0.214652017	0.500659406	0.500659406	0.500659406
0.214896217	0.500922740	0.500922740	0.500922740
0.215140417	0.501185894	0.501185894	0.501185894
0.215384617	0.501448810	0.501448810	0.501448810
0.215628818	0.501711607	0.501711607	0.501711607
0.215873018	0.501974165	0.501974165	0.501974165
0.216117218	0.502236664	0.502236664	0.502236664
0.216361418	0.502498925	0.502498925	0.502498925
0.216605619	0.502761066	0.502761066	0.502761066
0.216849819	0.503022969	0.503022969	0.503022969
0.217094019	0.503284693	0.503284693	0.503284693
0.217338219	0.503546238	0.503546238	0.503546238
0.217582420	0.503807664	0.503807664	0.503807664
0.217826620	0.504068851	0.504068851	0.504068851
0.218070820	0.504329979	0.504329979	0.504329979
0.218315020	0.504590869	0.504590869	0.504590869
0.218559220	0.504851580	0.504851580	0.504851580
0.218803421	0.505112112	0.505112112	0.505112112
0.219047621	0.505372524	0.505372524	0.505372524
0.219291821	0.505632699	0.505632699	0.505632699
0.219536021	0.505892813	0.505892813	0.505892813
0.219780222	0.506152630	0.506152630	0.506152630
0.220024422	0.506412387	0.506412387	0.506412387
0.220268622	0.506671906	0.506671906	0.506671906
0.220512822	0.506931305	0.506931305	0.506931305
0.220757023	0.507190526	0.507190526	0.507190526
0.221001223	0.507449508	0.507449508	0.507449508
0.221245423	0.507708430	0.507708430	0.507708430
0.221489623	0.507967114	0.507967114	0.507967114
0.221733823	0.508225620	0.508225620	0.508225620
0.221978024	0.508484006	0.508484006	0.508484006
0.222222224	0.508742213	0.508742213	0.508742213
0.222466424	0.509000301	0.509000301	0.509000301
0.222710624	0.509258151	0.509258151	0.509258151
0.222954825	0.509515882	0.509515882	0.509515882
0.223199025	0.509773374	0.509773374	0.509773374
0.223443225	0.510030746	0.510030746	0.510030746
0.223687425	0.510288000	0.510288000	0.510288000
0.223931625	0.510545075	0.510545075	0.510545075
0.224175826	0.510801911	0.510801911	0.510801911
0.224420026	0.511058688	0.511058688	0.511058688
0.224664226	0.511315227	0.511315227	0.511315227
0.224908426	0.511571646	0.511571646	0.511571646
0.225152627	0.511827886	0.511827886	0.511827886
0.225396827	0.512083948	0.512083948	0.512083948
0.225641027	0.512339890	0.512339890	0.512339890
0.225885227	0.512595594	0.512595594	0.512595594
0.226129428	0.512851238	0.512851238	0.512851238
0.226373628	0.513106644	0.513106644	0.513106644
0.226617828	0.513361931	0.513361931	0.513361931
0.226862028	0.513617039	0.513617039	0.513617039
0.227106228	0.513872027	0.513872027	0.513872027
0.227350429	0.514126718	0.514126718	0.514126718
0.227594629	0.514381409	0.514381409	0.514381409
0.227838829	0.514635861	0.514635861	0.514635861
0.228083029	0.514890194	0.514890194	0.514890194
0.228327230	0.515144289	0.515144289	0.515144289
0.228571430	0.515398383	0.515398383	0.515398383
0.228815630	0.515652180	0.515652180	0.515652180
0.229059830	0.515905857	0.515905857	0.515905857
0.229304031	0.516159356	0.516159356	0.516159356
0.229548231	0.516412735	0.516412735	0.516412735
0.229792431	0.516665936	0.516665936	0.516665936
0.230036631	0.516919017	0.516919017	0.516919017
0.230280831	0.517171919	0.517171919	0.517171919
0.230525032	0.517424643	0.517424643	0.517424643
0.230769232	0.517677188	0.517677188	0.517677188
0.231013432	0.517929673	0.517929673	0.517929673
0.231257632	0.518181860	0.518181860	0.518181860
0.231501833	0.518434048	0.518434048	0.518434048
0.231746033	0.518685937	0.518685937	0.518685937
0.231990233	0.518937767	0.518937767	0.518937767
0.232234433	0.519189477	0.519189477	0.519189477
0.232478634	0.519440889	0.519440889	0.519440889
0.232722834	0.519692242	0.519692242	0.519692242
0.232967034	0.519943476	0.519943476	0.519943476
0.233211234	0.520194530	0.520194530	0.520194530
0.233455434	0.520445347	0.520445347	0.520445347
0.233699635	0.520696104	0.520696104	0.520696104
0.233943835	0.520946622	0.520946622	0.520946622
0.234188035	0.521197140	0.521197140	0.521197140
0.234432235	0.521447361	0.521447361	0.521447361
0.234676436	0.521697462	0.521697462	0.521697462
0.234920636	0.521947443	0.521947443	0.521947443
0.235164836	0.522197247	0.522197247	0.522197247
0.235409036	0.522446930	0.522446930	0.522446930
0.235653237	0.522696435	0.522696435	0.522696435
0.235897437	0.522945821	0.522945821	0.522945821
0.236141637	0.523195028	0.523195028	0.523195028
0.236385837	0.523444116	0.523444116	0.523444116
0.236630037	0.523693025	0.523693025	0.523693025
0.236874238	0.523941755	0.523941755	0.523941755
0.237118438	0.524190366	0.524190366	0.524190366
0.237362638	0.524438858	0.524438858	0.524438858
0.237606838	0.524687111	0.524687111	0.524687111
0.237851039	0.524935305	0.524935305	0.524935305
0.238095239	0.525183320	0.525183320	0.525183320
0.238339439	0.525431216	0.525431216	0.525431216
0.238583639	0.525678873	0.525678873	0.525678873
0.238827839	0.525926471	0.525926471	0.525926471
0.239072040	0.526173890	0.526173890	0.526173890
0.239316240	0.526421189	0.526421189	0.526421189
0.239560440	0.526668310	0.526668310	0.526668310
0.239804640	0.526915312	0.526915312	0.526915312
0.240048841	0.527162135	0.527162135	0.527162135
0.240293041	0.527408838	0.527408838	0.527408838
0.240537241	0.527655363	0.527655363	0.527655363
0.240781441	0.527901769	0.527901769	0.527901769
0.241025642	0.528147995	0.528147995	0.528147995
0.241269842	0.528394103	0.528394103	0.528394103
0.241514042	0.528640032	0.528640032	0.528640032
0.241758242	0.528885841	0.528885841	0.528885841
0.242002442	0.529131532	0.529131532	0.529131532
0.242246643	0.529377103	0.529377103	0.529377103
0.242490843	0.529622495	0.529622495	0.529622495
0.242735043	0.529867709	0.529867709	0.529867709
0.242979243	0.530112803	0.530112803	0.530112803
0.243223444	0.530357778	0.530357778	0.530357778
0.243467644	0.530602574	0.530602574	0.530602574
0.243711844	0.530847251	0.530847251	0.530847251
0.243956044	0.531091750	0.531091750	0.531091750
0.244200245	0.531336069	0.531336069	0.531336069
0.244444445	0.531580329	0.531580329	0.531580329
0.244688645	0.531824470	0.531824470	0.531824470
0.244932845	0.532068372	0.532068372	0.532068372
0.245177045	0.532312214	0.532312214	0.532312214
0.245421246	0.532555878	0.532555878	0.532555878
0.245665446	0.532799363	0.532799363	0.532799363
0.245909646	0.533042789	0.533042789	0.533042789
0.246153846	0.533286035	0.533286035	0.533286035
0.246398047	0.533529162	0.533529162	0.533529162
0.246642247	0.533772111	0.533772111	0.533772111
0.246886447	0.534014881	0.534014881	0.534014881
0.247130647	0.534257591	0.534257591	0.534257591
0.247374848	0.534500122	0.534500122	0.534500122
0.247619048	0.534742534	0.534742534	0.534742534
0.247863248	0.534984827	0.534984827	0.534984827
0.248107448	0.535226941	0.535226941	0.535226941
0.248351648	0.535468876	0.535468876	0.535468876
0.248595849	0.535710752	0.535710752	0.535710752
0.248840049	0.535952449	0.535952449	0.535952449
0.249084249	0.536194026	0.536194026	0.536194026
0.249328449	0.536435485	0.536435485	0.536435485
0.249572650	0.536676764	0.536676764	0.536676764
0.249816850	0.536917925	0.536917925	0.536917925
0.250061065	0.537158906	0.537158906	0.537158906
0.250305265	0.537399828	0.537399828	0.537399828
0.250549465	0.537640631	0.537640631	0.537640631
0.250793666	0.537881196	0.537881196	0.537881196
0.251037866	0.538121641	0.538121641	0.538121641
0.251282066	0.538362026	0.538362026	0.538362026
0.251526266	0.538602233	0.538602233	0.538602233
0.251770467	0.538842261	0.538842261	0.538842261
0.252014667	0.539082229	0.539082229	0.539082229
0.252258867	0.539321959	0.539321959	0.539321959
0.252503067	0.539561629	0.539561629	0.539561629
0.252747267	0.539801121	0.539801121	0.539801121
0.252991468	0.540040553	0.540040553	0.540040553
0.253235668	0.540279806	0.540279806	0.540279806
0.253479868	0.540518880	0.540518880	0.540518880
0.253724068	0.540757895	0.540757895	0.540757895
0.253968269	0.540996730	0.540996730	0.540996730
0.254212469	0.541235447	0.541235447	0.541235447
0.254456669	0.541474044	0.541474044	0.541474044
0.254700869	0.541712463	0.541712463	0.541712463
0.254945070	0.541950822	0.541950822	0.541950822
0.255189270	0.542189002	0.542189002	0.542189002
0.255433470	0.542427003	0.542427003	0.542427003
0.255677670	0.542664945	0.542664945	0.542664945
0.255921870	0.542902708	0.542902708	0.542902708
0.256166071	0.543140352	0.543140352	0.543140352
0.256410271	0.543377876	0.543377876	0.543377876
0.256654471	0.543615222	0.543615222	0.543615222
0.256898671	0.543852508	0.543852508	0.543852508
0.257142872	0.544089615	0.544089615	0.544089615
0.257387072	0.544326663	0.544326663	0.544326663
0.257631272	0.544563532	0.544563532	0.544563532
0.257875472	0.544800222	0.544800222	0.544800222
0.258119673	0.545036852	0.545036852	0.545036852
0.258363873	0.545273304	0.545273304	0.545273304
0.258608073	0.545509636	0.545509636	0.545509636
0.258852273	0.545745850	0.545745850	0.545745850
0.259096473	0.545981884	0.545981884	0.545981884
0.259340674	0.546217859	0.546217859	0.546217859
0.259584874	0.546453655	0.546453655	0.546453655
0.259829074	0.546689332	0.546689332	0.546689332
0.260073274	0.546924889	0.546924889	0.546924889
0.260317475	0.547160327	0.547160327	0.547160327
0.260561675	0.547395647	0.547395647	0.547395647
0.260805875	0.547630847	0.547630847	0.547630847
0.261050075	0.547865868	0.547865868	0.547865868
0.261294276	0.548100829	0.548100829	0.548100829
0.261538476	0.548335552	0.548335552	0.548335552
0.261782676	0.548570216	0.548570216	0.548570216
0.262026876	0.548804760	0.548804760	0.548804760
0.262271076	0.549039125	0.549039125	0.549039125
0.262515277	0.549273431	0.549273431	0.549273431
0.262759477	0.549507618	0.549507618	0.549507618
0.263003677	0.549741626	0.549741626	0.549741626
0.263247877	0.549975514	0.549975514	0.549975514
0.263492078	0.550209284	0.550209284	0.550209284
0.263736278	0.550442934	0.550442934	0.550442934
0.263980478	0.550676465	0.550676465	0.550676465
0.264224678	0.550909817	0.550909817	0.550909817
0.264468879	0.551143169	0.551143169	0.551143169
0.264713079	0.551376224	0.551376224	0.551376224
0.264957279	0.551609278	0.551609278	0.551609278
0.265201479	0.551842153	0.551842153	0.551842153
0.265445679	0.552074969	0.552074969	0.552074969
0.265689880	0.552307546	0.552307546	0.552307546
0.265934080	0.552540064	0.552540064	0.552540064
0.266178280	0.552772522	0.552772522	0.552772522
0.266422480	0.553004742	0.553004742	0.553004742
0.266666681	0.553236902	0.553236902	0.553236902
0.266910881	0.553468943	0.553468943	0.553468943
0.267155081	0.553700805	0.553700805	0.553700805
0.267399281	0.553932548	0.553932548	0.553932548
0.267643481	0.554164231	0.554164231	0.554164231
0.267887682	0.554395735	0.554395735	0.554395735
0.268131882	0.554627180	0.554627180	0.554627180
0.268376082	0.554858446	0.554858446	0.554858446
0.268620282	0.555089533	0.555089533	0.555089533
0.268864483	0.555320621	0.555320621	0.555320621
0.269108683	0.555551529	0.555551529	0.555551529
0.269352883	0.555782318	0.555782318	0.555782318
0.269597083	0.556012988	0.556012988	0.556012988
0.269841284	0.556243539	0.556243539	0.556243539
0.270085484	0.556473970	0.556473970	0.556473970
0.270329684	0.556704283	0.556704283	0.556704283
0.270573884	0.556934416	0.556934416	0.556934416
0.270818084	0.557164490	0.557164490	0.557164490
0.271062285	0.557394385	0.557394385	0.557394385
0.271306485	0.557624221	0.557624221	0.557624221
0.271550685	0.557853937	0.557853937	0.557853937
0.271794885	0.558083534	0.558083534	0.558083534
0.272039086	0.558313012	0.558313012	0.558313012
0.272283286	0.558542311	0.558542311	0.558542311
0.272527486	0.558771551	0.558771551	0.558771551
0.272771686	0.559000611	0.559000611	0.559000611
0.273015887	0.559229553	0.559229553	0.559229553
0.273260087	0.559458435	0.559458435	0.559458435
0.273504287	0.559687138	0.559687138	0.559687138
0.273748487	0.559915781	0.559915781	0.559915781
0.273992687	0.560144305	0.560144305	0.560144305
0.274236888	0.560372710	0.560372710	0.560372710
0.274481088	0.560600996	0.560600996	0.560600996
0.274725288	0.560829103	0.560829103	0.560829103
0.274969488	0.561057150	0.561057150	0.561057150
0.275213689	0.561285019	0.561285019	0.561285019
0.275457889	0.561512828	0.561512828	0.561512828
0.275702089	0.561740458	0.561740458	0.561740458
0.275946289	0.561968029	0.561968029	0.561968029
0.276190490	0.562195480	0.562195480	0.562195480
0.276434690	0.562422812	0.562422812	0.562422812
0.276678890	0.562650025	0.562650025	0.562650025
0.276923090	0.562877119	0.562877119	0.562877119
0.277167290	0.563104033	0.563104033	0.563104033
0.277411491	0.563330889	0.563330889	0.563330889
0.277655691	0.563557684	0.563557684	0.563557684
0.277899891	0.563784242	0.563784242	0.563784242
0.278144091	0.564010739	0.564010739	0.564010739
0.278388292	0.564237177	0.564237177	0.564237177
0.278632492	0.564463437	0.564463437	0.564463437
0.278876692	0.564689577	0.564689577	0.564689577
0.279120892	0.564915657	0.564915657	0.564915657
0.279365093	0.565141559	0.565141559	0.565141559
0.279609293	0.565367401	0.565367401	0.565367401
0.279853493	0.565593064	0.565593064	0.565593064
0.280097693	0.565818608	0.565818608	0.565818608
0.280341893	0.566044152	0.566044152	0.566044152
0.280586094	0.566269457	0.566269457	0.566269457
0.280830294	0.566494703	0.566494703	0.566494703
0.281074494	0.566719830	0.566719830	0.566719830
0.281318694	0.566944778	0.566944778	0.566944778
0.281562895	0.567169726	0.567169726	0.567169726
0.281807095	0.567394495	0.567394495	0.567394495
0.282051295	0.567619145	0.567619145	0.567619145
0.282295495	0.567843735	0.567843735	0.567843735
0.282539696	0.568068147	0.568068147	0.568068147
0.282783896	0.568292499	0.568292499	0.568292499
0.283028096	0.568516672	0.568516672	0.568516672
0.283272296	0.568740785	0.568740785	0.568740785
0.283516496	0.568964779	0.568964779	0.568964779
0.283760697	0.569188654	0.569188654	0.569188654
0.284004897	0.569412470	0.569412470	0.569412470
0.284249097	0.569636047	0.569636047	0.569636047
0.284493297	0.569859624	0.569859624	0.569859624
0.284737498	0.570083022	0.570083022	0.570083022
0.284981698	0.570306301	0.570306301	0.570306301
0.285225898	0.570529580	0.570529580	0.570529580
0.285470098	0.570752680	0.570752680	0.570752680
0.285714298	0.570975661	0.570975661	0.570975661
0.285958499	0.571198523	0.571198523	0.571198523
0.286202699	0.571421266	0.571421266	0.571421266
0.286446899	0.571643889	0.571643889	0.571643889
0.286691099	0.571866453	0.571866453	0.571866453
0.286935300	0.572088897	0.572088897	0.572088897
0.287179500	0.572311223	0.572311223	0.572311223
0.287423700	0.572533369	0.572533369	0.572533369
0.287667900	0.572755516	0.572755516	0.572755516
0.287912101	0.572977483	0.572977483	0.572977483
0.288156301	0.573199391	0.573199391	0.573199391
0.288400501	0.573421121	0.573421121	0.573421121
0.288644701	0.573642790	0.573642790	0.573642790
0.288888901	0.573864281	0.573864281	0.573864281
0.289133102	0.574085772	0.574085772	0.574085772
0.289377302	0.574307144	0.574307144	0.574307144
0.289621502	0.574528337	0.574528337	0.574528337
0.289865702	0.574749470	0.574749470	0.574749470
0.290109903	0.574970424	0.574970424	0.574970424
0.290354103	0.575191319	0.575191319	0.575191319
0.290598303	0.575412095	0.575412095	0.575412095
0.290842503	0.575632811	0.575632811	0.575632811
0.291086704	0.575853348	0.575853348	0.575853348
0.291330904	0.576073825	0.576073825	0.576073825
0.291575104	0.576294184	0.576294184	0.576294184
0.291819304	0.576514423	0.576514423	0.576514423
0.292063504	0.576734602	0.576734602	0.576734602
0.292307705	0.576954603	0.576954603	0.576954603
0.292551905	0.577174544	0.577174544	0.577174544
0.292796105	0.577394366	0.577394366	0.577394366
0.293040305	0.577614069	0.577614069	0.577614069
0.293284506	0.577833652	0.577833652	0.577833652
0.293528706	0.578053176	0.578053176	0.578053176
0.293772906	0.578272521	0.578272521	0.578272521
0.294017106	0.578491867	0.578491867	0.578491867
0.294261307	0.578711033	0.578711033	0.578711033
0.294505507	0.578930080	0.578930080	0.578930080
0.294749707	0.579149067	0.579149067	0.579149067
0.294993907	0.579367936	0.579367936	0.579367936
0.295238107	0.579586625	0.579586625	0.579586625
0.295482308	0.579805315	0.579805315	0.579805315
0.295726508	0.580023885	0.580023885	0.580023885
0.295970708	0.580242336	0.580242336	0.580242336
0.296214908	0.580460668	0.580460668	0.580460668
0.296459109	0.580678880	0.580678880	0.580678880
0.296703309	0.580896974	0.580896974	0.580896974
0.296947509	0.581115007	0.581115007	0.581115007
0.297191709	0.581332922	0.581332922	0.581332922
0.297435910	0.581550717	0.581550717	0.581550717
0.297680110	0.581768453	0.581768453	0.581768453
0.297924310	0.581986070	0.581986070	0.581986070
0.298168510	0.582203507	0.582203507	0.582203507
0.298412710	0.582420886	0.582420886	0.582420886
0.298656911	0.582638204	0.582638204	0.582638204
0.298901111	0.582855403	0.582855403	0.582855403
0.299145311	0.583072484	0.583072484	0.583072484
0.299389511	0.583289444	0.583289444	0.583289444
0.299633712	0.583506346	0.583506346	0.583506346
0.299877912	0.583723128	0.583723128	0.583723128
0.300122112	0.583939791	0.583939791	0.583939791
0.300366312	0.584156334	0.584156334	0.584156334
0.300610512	0.584372878	0.584372878	0.584372878
0.300854713	0.584589183	0.584589183	0.584589183
0.301098913	0.584805429	0.584805429	0.584805429
0.301343113	0.585021615	0.585021615	0.585021615
0.301587313	0.585237682	0.585237682	0.585237682
0.301831514	0.585453629	0.585453629	0.585453629
0.302075714	0.585669458	0.585669458	0.585669458
0.302319914	0.585885167	0.585885167	0.585885167
0.302564114	0.586100876	0.586100876	0.586100876
0.302808315	0.586316466	0.586316466	0.586316466
0.303052515	0.586531878	0.586531878	0.586531878
0.303296715	0.586747169	0.586747169	0.586747169
0.303540915	0.586962461	0.586962461	0.586962461
0.303785115	0.587177575	0.587177575	0.587177575
0.304029316	0.587392628	0.587392628	0.587392628
0.304273516	0.587607563	0.587607563	0.587607563
0.304517716	0.587822437	0.587822437	0.587822437
0.304761916	0.588037193	0.588037193	0.588037193
0.305006117	0.588251770	0.588251770	0.588251770
0.305250317	0.588466346	0.588466346	0.588466346
0.305494517	0.588680744	0.588680744	0.588680744
0.305738717	0.588895082	0.588895082	0.588895082
0.305982918	0.589109302	0.589109302	0.589109302
0.306227118	0.589323521	0.589323521	0.589323521
0.306471318	0.589537501	0.589537501	0.589537501
0.306715518	0.589751482	0.589751482	0.589751482
0.306959718	0.589965284	0.589965284	0.589965284
0.307203919	0.590179026	0.590179026	0.590179026
0.307448119	0.590392709	0.590392709	0.590392709
0.307692319	0.590606272	0.590606272	0.590606272
0.307936519	0.590819657	0.590819657	0.590819657
0.308180720	0.591033041	0.591033041	0.591033041
0.308424920	0.591246247	0.591246247	0.591246247
0.308669120	0.591459453	0.591459453	0.591459453
0.308913320	0.591672480	0.591672480	0.591672480
0.309157521	0.591885388	0.591885388	0.591885388
0.309401721	0.592098296	0.592098296	0.592098296
0.309645921	0.592311025	0.592311025	0.592311025
0.309890121	0.592523694	0.592523694	0.592523694
0.310134321	0.592736304	0.592736304	0.592736304
0.310378522	0.592948675	0.592948675	0.592948675
0.310622722	0.593161047	0.593161047	0.593161047
0.310866922	0.593373358	0.593373358	0.593373358
0.311111122	0.593585491	0.593585491	0.593585491
0.311355323	0.593797624	0.593797624	0.593797624
0.311599523	0.594009578	0.594009578	0.594009578
0.311843723	0.594221473	0.594221473	0.594221473
0.312087923	0.594433248	0.594433248	0.594433248
0.312332124	0.594644904	0.594644904	0.594644904
0.312576324	0.594856501	0.594856501	0.594856501
0.312820524	0.595067978	0.595067978	0.595067978
0.313064724	0.595279396	0.595279396	0.595279396
0.313308924	0.595490694	0.595490694	0.595490694
0.313553125	0.595701873	0.595701873	0.595701873
0.313797325	0.595912993	0.595912993	0.595912993
0.314041525	0.596124053	0.596124053	0.596124053
0.314285725	0.596334934	0.596334934	0.596334934
0.314529926	0.596545815	0.596545815	0.596545815
0.314774126	0.596756518	0.596756518	0.596756518
0.315018326	0.596967101	0.596967101	0.596967101
0.315262526	0.597177625	0.597177625	0.597177625
0.315506727	0.597388089	0.597388089	0.597388089
0.315750927	0.597598433	0.597598433	0.597598433
0.315995127	0.597808719	0.597808719	0.597808719
0.316239327	0.598018885	0.598018885	0.598018885
0.316483527	0.598228931	0.598228931	0.598228931
0.316727728	0.598438859	0.598438859	0.598438859
0.316971928	0.598648787	0.598648787	0.598648787
0.317216128	0.598858535	0.598858535	0.598858535
0.317460328	0.599068224	0.599068224	0.599068224
0.317704529	0.599277794	0.599277794	0.599277794
0.317948729	0.599487305	0.599487305	0.599487305
0.318192929	0.599696696	0.599696696	0.599696696
0.318437129	0.599906027	0.599906027	0.599906027
0.318681329	0.600115180	0.600115180	0.600115180
0.318925530	0.600324333	0.600324333	0.600324333
0.319169730	0.600533366	0.600533366	0.600533366
0.319413930	0.600742340	0.600742340	0.600742340
0.319658130	0.600951195	0.600951195	0.600951195
0.319902331	0.601159871	0.601159871	0.601159871
0.320146531	0.601368606	0.601368606	0.601368606
0.320390731	0.601577103	0.601577103	0.601577103
0.320634931	0.601785541	0.601785541	0.601785541
0.320879132	0.601993978	0.601993978	0.601993978
0.321123332	0.602202237	0.602202237	0.602202237
0.321367532	0.602410436	0.602410436	0.602410436
0.321611732	0.602618575	0.602618575	0.602618575
0.321855932	0.602826536	0.602826536	0.602826536
0.322100133	0.603034496	0.603034496	0.603034496
0.322344333	0.603242338	0.603242338	0.603242338
0.322588533	0.603450000	0.603450000	0.603450000
0.322832733	0.603657663	0.603657663	0.603657663
0.323076934	0.603865206	0.603865206	0.603865206
0.323321134	0.604072690	0.604072690	0.604072690
0.323565334	0.604280055	0.604280055	0.604280055
0.323809534	0.604487360	0.604487360	0.604487360
0.324053735	0.604694545	0.604694545	0.604694545
0.324297935	0.604901612	0.604901612	0.604901612
0.324542135	0.605108619	0.605108619	0.605108619
0.324786335	0.605315506	0.605315506	0.605315506
0.325030535	0.605522335	0.605522335	0.605522335
0.325274736	0.605729103	0.605729103	0.605729103
0.325518936	0.605935693	0.605935693	0.605935693
0.325763136	0.606142223	0.606142223	0.606142223
0.326007336	0.606348753	0.606348753	0.606348753
0.326251537	0.606555045	0.606555045	0.606555045
0.326495737	0.606761336	0.606761336	0.606761336
0.326739937	0.606967568	0.606967568	0.606967568
0.326984137	0.607173622	0.607173622	0.607173622
0.327228338	0.607379615	0.607379615	0.607379615
0.327472538	0.607585549	0.607585549	0.607585549
0.327716738	0.607791364	0.607791364	0.607791364
0.327960938	0.607997119	0.607997119	0.607997119
0.328205138	0.608202755	0.608202755	0.608202755
0.328449339	0.608408332	0.608408332	0.608408332
0.328693539	0.608613849	0.608613849	0.608613849
0.328937739	0.608819187	0.608819187	0.608819187
0.329181939	0.609024525	0.609024525	0.609024525
0.329426140	0.609229684	0.609229684	0.609229684
0.329670340	0.609434843	0.609434843	0.609434843
0.329914540	0.609639823	0.609639823	0.609639823
0.330158740	0.609844744	0.609844744	0.609844744
0.330402941	0.610049665	0.610049665	0.610049665
0.330647141	0.610254407	0.610254407	0.610254407
0.330891341	0.610459089	0.610459089	0.610459089
0.331135541	0.610663712	0.610663712	0.610663712
0.331379741	0.610868156	0.610868156	0.610868156
0.331623942	0.611072540	0.611072540	0.611072540
0.331868142	0.611276925	0.611276925	0.611276925
0.332112342	0.611481130	0.611481130	0.611481130
0.332356542	0.611685276	0.611685276	0.611685276
0.332600743	0.611889362	0.611889362	0.611889362
0.332844943	0.612093329	0.612093329	0.612093329
0.333089143	0.612297177	0.612297177	0.612297177
0.333333343	0.612501025	0.612501025	0.612501025
0.333577543	0.612704694	0.612704694	0.612704694
0.333821744	0.612908363	0.612908363	0.612908363
0.334065944	0.613111854	0.613111854	0.613111854
0.334310144	0.613315344	0.613315344	0.613315344
0.334554344	0.613518715	0.613518715	0.613518715
0.334798545	0.613721907	0.613721907	0.613721907
0.335042745	0.613925159	0.613925159	0.613925159
0.335286945	0.614128292	0.614128292	0.614128292
0.335531145	0.614331245	0.614331245	0.614331245
0.335775346	0.614534199	0.614534199	0.614534199
0.336019546	0.614737034	0.614737034	0.614737034
0.336263746	0.614939809	0.614939809	0.614939809
0.336507946	0.615142465	0.615142465	0.615142465
0.336752146	0.615345061	0.615345061	0.615345061
0.336996347	0.615547538	0.615547538	0.615547538
0.337240547	0.615749955	0.615749955	0.615749955
0.337484747	0.615952313	0.615952313	0.615952313
0.337728947	0.616154552	0.616154552	0.616154552
0.337973148	0.616356730	0.616356730	0.616356730
0.338217348	0.616558850	0.616558850	0.616558850
0.338461548	0.616760790	0.616760790	0.616760790
0.338705748	0.616962731	0.616962731	0.616962731
0.338949949	0.617164552	0.617164552	0.617164552
0.339194149	0.617366254	0.617366254	0.617366254
0.339438349	0.617567897	0.617567897	0.617567897
0.339682549	0.617769480	0.617769480	0.617769480
0.339926749	0.617971003	0.617971003	0.617971003
0.340170950	0.618172348	0.618172348	0.618172348
0.340415150	0.618373692	0.618373692	0.618373692
0.340659350	0.618574917	0.618574917	0.618574917
0.340903550	0.618776083	0.618776083	0.618776083
0.341147751	0.618977129	0.618977129	0.618977129
0.341391951	0.619178116	0.619178116	0.619178116
0.341636151	0.619378984	0.619378984	0.619378984
0.341880351	0.619579792	0.619579792	0.619579792
0.342124552	0.619780540	0.619780540	0.619780540
0.342368752	0.619981170	0.619981170	0.619981170
0.342612952	0.620181680	0.620181680	0.620181680
0.342857152	0.620382190	0.620382190	0.620382190
0.343101352	0.620582581	0.620582581	0.620582581
0.343345553	0.620782912	0.620782912	0.620782912
0.343589753	0.620983124	0.620983124	0.620983124
0.343833953	0.621183217	0.621183217	0.621183217
0.344078153	0.621383309	0.621383309	0.621383309
0.344322354	0.621583283	0.621583283	0.621583283
0.344566554	0.621783197	0.621783197	0.621783197
0.344810754	0.621982992	0.621982992	0.621982992
0.345054954	0.622182786	0.622182786	0.622182786
0.345299155	0.622382402	0.622382402	0.622382402
0.345543355	0.622581959	0.622581959	0.622581959
0.345787555	0.622781396	0.622781396	0.622781396
0.346031755	0.622980833	0.622980833	0.622980833
0.346275955	0.623180151	0.623180151	0.623180151
0.346520156	0.623379350	0.623379350	0.623379350
0.346764356	0.623578489	0.623578489	0.623578489
0.347008556	0.623777628	0.623777628	0.623777628
0.347252756	0.623976648	0.623976648	0.623976648
0.347496957	0.624175549	0.624175549	0.624175549
0.347741157	0.624374390	0.624374390	0.624374390
0.347985357	0.624573052	0.624573052	0.624573052
0.348229557	0.624771774	0.624771774	0.624771774
0.348473758	0.624970376	0.624970376	0.624970376
0.348717958	0.625168800	0.625168800	0.625168800
0.348962158	0.625367284	0.625367284	0.625367284
0.349206358	0.625565588	0.625565588	0.625565588
0.349450558	0.625763893	0.625763893	0.625763893
0.349694759	0.625962019	0.625962019	0.625962019
0.349938959	0.626160145	0.626160145	0.626160145
0.350183159	0.626358151	0.626358151	0.626358151
0.350427359	0.626556098	0.626556098	0.626556098
0.350671560	0.626753986	0.626753986	0.626753986
0.350915760	0.626951754	0.626951754	0.626951754
0.351159960	0.627149463	0.627149463	0.627149463
0.351404160	0.627347052	0.627347052	0.627347052
0.351648360	0.627544582	0.627544582	0.627544582
0.351892561	0.627742052	0.627742052	0.627742052
0.352136761	0.627939403	0.627939403	0.627939403
0.352380961	0.628136694	0.628136694	0.628136694
0.352625161	0.628333926	0.628333926	0.628333926
0.352869362	0.628531039	0.628531039	0.628531039
0.353113562	0.628728151	0.628728151	0.628728151
0.353357762	0.628925085	0.628925085	0.628925085
0.353601962	0.629121959	0.629121959	0.629121959
0.353846163	0.629318774	0.629318774	0.629318774
0.354090363	0.629515529	0.629515529	0.629515529
0.354334563	0.629712164	0.629712164	0.629712164
0.354578763	0.629908800	0.629908800	0.629908800
0.354822963	0.630105317	0.630105317	0.630105317
0.355067164	0.630301714	0.630301714	0.630301714
0.355311364	0.630498111	0.630498111	0.630498111
0.355555564	0.630694330	0.630694330	0.630694330
0.355799764	0.630890548	0.630890548	0.630890548
0.356043965	0.631086588	0.631086588	0.631086588
0.356288165	0.631282687	0.631282687	0.631282687
0.356532365	0.631478608	0.631478608	0.631478608
0.356776565	0.631674528	0.631674528	0.631674528
0.357020766	0.631870270	0.631870270	0.631870270
0.357264966	0.632066011	0.632066011	0.632066011
0.357509166	0.632261634	0.632261634	0.632261634
0.357753366	0.632457197	0.632457197	0.632457197
0.357997566	0.632652640	0.632652640	0.632652640
0.358241767	0.632848084	0.632848084	0.632848084
0.358485967	0.633043408	0.633043408	0.633043408
0.358730167	0.633238673	0.633238673	0.633238673
0.358974367	0.633433819	0.633433819	0.633433819
0.359218568	0.633628905	0.633628905	0.633628905
0.359462768	0.633823991	0.633823991	0.633823991
0.359706968	0.634018898	0.634018898	0.634018898
0.359951168	0.634213746	0.634213746	0.634213746
0.360195369	0.634408534	0.634408534	0.634408534
0.360439569	0.634603262	0.634603262	0.634603262
0.360683769	0.634797871	0.634797871	0.634797871
0.360927969	0.634992480	0.634992480	0.634992480
0.361172169	0.635186911	0.635186911	0.635186911
0.361416370	0.635381341	0.635381341	0.635381341
0.361660570	0.635575652	0.635575652	0.635575652
0.361904770	0.635769904	0.635769904	0.635769904
0.362148970	0.635964036	0.635964036	0.635964036
0.362393171	0.636158168	0.636158168	0.636158168
0.362637371	0.636352181	0.636352181	0.636352181
0.362881571	0.636546075	0.636546075	0.636546075
0.363125771	0.636739969	0.636739969	0.636739969
0.363369972	0.636933804	0.636933804	0.636933804
0.363614172	0.637127519	0.637127519	0.637127519
0.363858372	0.637321115	0.637321115	0.637321115
0.364102572	0.637514710	0.637514710	0.637514710
0.364346772	0.637708187	0.637708187	0.637708187
0.364590973	0.637901604	0.637901604	0.637901604
0.364835173	0.638094962	0.638094962	0.638094962
0.365079373	0.638288200	0.638288200	0.638288200
0.365323573	0.638481379	0.638481379	0.638481379
0.365567774	0.638674498	0.638674498	0.638674498
0.365811974	0.638867557	0.638867557	0.638867557
0.366056174	0.639060497	0.639060497	0.639060497
0.366300374	0.639253378	0.639253378	0.639253378
0.366544574	0.639446199	0.639446199	0.639446199
0.366788775	0.639638960	0.639638960	0.639638960
0.367032975	0.639831603	0.639831603	0.639831603
0.367277175	0.640024126	0.640024126	0.640024126
0.367521375	0.640216708	0.640216708	0.640216708
0.367765576	0.640409112	0.640409112	0.640409112
0.368009776	0.640601456	0.640601456	0.640601456
0.368253976	0.640793800	0.640793800	0.640793800
0.368498176	0.640986025	0.640986025	0.640986025
0.368742377	0.641178131	0.641178131	0.641178131
0.368986577	0.641370177	0.641370177	0.641370177
0.369230777	0.641562223	0.641562223	0.641562223
0.369474977	0.641754150	0.641754150	0.641754150
0.369719177	0.641945899	0.641945899	0.641945899
0.369963378	0.642137706	0.642137706	0.642137706
0.370207578	0.642329395	0.642329395	0.642329395
0.370451778	0.642521024	0.642521024	0.642521024
0.370695978	0.642712593	0.642712593	0.642712593
0.370940179	0.642904043	0.642904043	0.642904043
0.371184379	0.643095493	0.643095493	0.643095493
0.371428579	0.643286765	0.643286765	0.643286765
0.371672779	0.643478036	0.643478036	0.643478036
0.371916980	0.643669248	0.643669248	0.643669248
0.372161180	0.643860340	0.643860340	0.643860340
0.372405380	0.644051373	0.644051373	0.644051373
0.372649580	0.644242346	0.644242346	0.644242346
0.372893780	0.644433200	0.644433200	0.644433200
0.373137981	0.644624054	0.644624054	0.644624054
0.373382181	0.644814789	0.644814789	0.644814789
0.373626381	0.645005405	0.645005405	0.645005405
0.373870581	0.645196021	0.645196021	0.645196021
0.374114782	0.645386577	0.645386577	0.645386577
0.374358982	0.645577013	0.645577013	0.645577013
0.374603182	0.645767391	0.645767391	0.645767391
0.374847382	0.645957708	0.645957708	0.645957708
0.375091583	0.646147966	0.646147966	0.646147966
0.375335783	0.646338105	0.646338105	0.646338105
0.375579983	0.646528184	0.646528184	0.646528184
0.375824183	0.646718204	0.646718204	0.646718204
0.376068383	0.646908104	0.646908104	0.646908104
0.376312584	0.647098064	0.647098064	0.647098064
0.376556784	0.647287846	0.647287846	0.647287846
0.376800984	0.647477567	0.647477567	0.647477567
0.377045184	0.647667170	0.647667170	0.647667170
0.377289385	0.647856772	0.647856772	0.647856772
0.377533585	0.648046315	0.648046315	0.648046315
0.377777785	0.648235798	0.648235798	0.648235798
0.378021985	0.648425102	0.648425102	0.648425102
0.378266186	0.648614466	0.648614466	0.648614466
0.378510386	0.648803651	0.648803651	0.648803651
0.378754586	0.648992836	0.648992836	0.648992836
0.378998786	0.649181902	0.649181902	0.649181902
0.379242986	0.649370968	0.649370968	0.649370968
0.379487187	0.649559855	0.649559855	0.649559855
0.379731387	0.649748743	0.649748743	0.649748743
0.379975587	0.649937510	0.649937510	0.649937510
0.380219787	0.650126278	0.650126278	0.650126278
0.380463988	0.650314927	0.650314927	0.650314927
0.380708188	0.650503516	0.650503516	0.650503516
0.380952388	0.650692046	0.650692046	0.650692046
0.381196588	0.650880516	0.650880516	0.650880516
0.381440789	0.651068926	0.651068926	0.651068926
0.381684989	0.651257157	0.651257157	0.651257157
0.381929189	0.651445448	0.651445448	0.651445448
0.382173389	0.651633620	0.651633620	0.651633620
0.382417589	0.651821673	0.651821673	0.651821673
0.382661790	0.652009785	0.652009785	0.652009785
0.382905990	0.652197719	0.652197719	0.652197719
0.383150190	0.652385592	0.652385592	0.652385592
0.383394390	0.652573407	0.652573407	0.652573407
0.383638591	0.652761161	0.652761161	0.652761161
0.383882791	0.652948856	0.652948856	0.652948856
0.384126991	0.653136432	0.653136432	0.653136432
0.384371191	0.653324008	0.653324008	0.653324008
0.384615391	0.653511465	0.653511465	0.653511465
0.384859592	0.653698862	0.653698862	0.653698862
0.385103792	0.653886199	0.653886199	0.653886199
0.385347992	0.654073477	0.654073477	0.654073477
0.385592192	0.654260635	0.654260635	0.654260635
0.385836393	0.654447794	0.654447794	0.654447794
0.386080593	0.654634833	0.654634833	0.654634833
0.386324793	0.654821813	0.654821813	0.654821813
0.386568993	0.655008733	0.655008733	0.655008733
0.386813194	0.655195594	0.655195594	0.655195594
0.387057394	0.655382335	0.655382335	0.655382335
0.387301594	0.655569077	0.655569077	0.655569077
0.387545794	0.655755699	0.655755699	0.655755699
0.387789994	0.655942261	0.655942261	0.655942261
0.388034195	0.656128764	0.656128764	0.656128764
0.388278395	0.656315207	0.656315207	0.656315207
0.388522595	0.656501591	0.656501591	0.656501591
0.388766795	0.656687915	0.656687915	0.656687915
0.389010996	0.656874120	0.656874120	0.656874120
0.389255196	0.657060325	0.657060325	0.657060325
0.389499396	0.657246411	0.657246411	0.657246411
0.389743596	0.657432377	0.657432377	0.657432377
0.389987797	0.657618403	0.657618403	0.657618403
0.390231997	0.657804310	0.657804310	0.657804310
0.390476197	0.657990098	0.657990098	0.657990098
0.390720397	0.658175886	0.658175886	0.658175886
0.390964597	0.658361554	0.658361554	0.658361554
0.391208798	0.658547163	0.658547163	0.658547163
0.391452998	0.658732772	0.658732772	0.658732772
0.391697198	0.658918202	0.658918202	0.658918202
0.391941398	0.659103632	0.659103632	0.659103632
0.392185599	0.659288943	0.659288943	0.659288943
0.392429799	0.659474254	0.659474254	0.659474254
0.392673999	0.659659445	0.659659445	0.659659445
0.392918199	0.659844637	0.659844637	0.659844637
0.393162400	0.660029709	0.660029709	0.660029709
0.393406600	0.660214722	0.660214722	0.660214722
0.393650800	0.660399675	0.660399675	0.660399675
0.393895000	0.660584569	0.660584569	0.660584569
0.394139200	0.660769403	0.660769403	0.660769403
0.394383401	0.660954177	0.660954177	0.660954177
0.394627601	0.661138773	0.661138773	0.661138773
0.394871801	0.661323428	0.661323428	0.661323428
0.395116001	0.661507964	0.661507964	0.661507964
0.395360202	0.661692441	0.661692441	0.661692441
0.395604402	0.661876857	0.661876857	0.661876857
0.395848602	0.662061214	0.662061214	0.662061214
0.396092802	0.662245512	0.662245512	0.662245512
0.396337003	0.662429690	0.662429690	0.662429690
0.396581203	0.662613869	0.662613869	0.662613869
0.396825403	0.662797928	0.662797928	0.662797928
0.397069603	0.662981927	0.662981927	0.662981927
0.397313803	0.663165927	0.663165927	0.663165927
0.397558004	0.663349807	0.663349807	0.663349807
0.397802204	0.663533628	0.663533628	0.663533628
0.398046404	0.663717389	0.663717389	0.663717389
0.398290604	0.663901031	0.663901031	0.663901031
0.398534805	0.664084733	0.664084733	0.664084733
0.398779005	0.664268255	0.664268255	0.664268255
0.399023205	0.664451778	0.664451778	0.664451778
0.399267405	0.664635122	0.664635122	0.664635122
0.399511606	0.664818525	0.664818525	0.664818525
0.399755806	0.665001810	0.665001810	0.665001810
0.400000006	0.665185034	0.665185034	0.665185034
0.400244206	0.665368199	0.665368199	0.665368199
0.400488406	0.665551364	0.665551364	0.665551364
0.400732607	0.665734351	0.665734351	0.665734351
0.400976807	0.665917337	0.665917337	0.665917337
0.401221007	0.666100264	0.666100264	0.666100264
0.401465207	0.666283071	0.666283071	0.666283071
0.401709408	0.666465819	0.666465819	0.666465819
0.401953608	0.666648507	0.666648507	0.666648507
0.402197808	0.666831195	0.666831195	0.666831195
0.402442008	0.667013764	0.667013764	0.667013764
0.402686208	0.667196274	0.667196274	0.667196274
0.402930409	0.667378724	0.667378724	0.667378724
0.403174609	0.667561114	0.667561114	0.667561114
0.403418809	0.667743444	0.667743444	0.667743444
0.403663009	0.667925715	0.667925715	0.667925715
0.403907210	0.668107927	0.668107927	0.668107927
0.404151410	0.668290019	0.668290019	0.668290019
0.404395610	0.668472111	0.668472111	0.668472111
0.404639810	0.668654084	0.668654084	0.668654084
0.404884011	0.668836057	0.668836057	0.668836057
0.405128211	0.669017911	0.669017911	0.669017911
0.405372411	0.669199765	0.669199765	0.669199765
0.405616611	0.669381499	0.669381499	0.669381499
0.405860811	0.669563115	0.669563115	0.669563115
0.406105012	0.669744730	0.669744730	0.669744730
0.406349212	0.669926286	0.669926286	0.669926286
0.406593412	0.670107782	0.670107782	0.670107782
0.406837612	0.670289278	0.670289278	0.670289278
0.407081813	0.670470595	0.670470595	0.670470595
0.407326013	0.670651913	0.670651913	0.670651913
0.407570213	0.670833111	0.670833111	0.670833111
0.407814413	0.671014309	0.671014309	0.671014309
0.408058614	0.671195388	0.671195388	0.671195388
0.408302814	0.671376407	0.671376407	0.671376407
0.408547014	0.671557426	0.671557426	0.671557426
0.408791214	0.671738386	0.671738386	0.671738386
0.409035414	0.671919227	0.671919227	0.671919227
0.409279615	0.672100008	0.672100008	0.672100008
0.409523815	0.672280729	0.672280729	0.672280729
0.409768015	0.672461390	0.672461390	0.672461390
0.410012215	0.672641993	0.672641993	0.672641993
0.410256416	0.672822535	0.672822535	0.672822535
0.410500616	0.673003018	0.673003018	0.673003018
0.410744816	0.673183441	0.673183441	0.673183441
0.410989016	0.673363805	0.673363805	0.673363805
0.411233217	0.673544109	0.673544109	0.673544109
0.411477417	0.673724353	0.673724353	0.673724353
0.411721617	0.673904538	0.673904538	0.673904538
0.411965817	0.674084604	0.674084604	0.674084604
0.412210017	0.674264669	0.674264669	0.674264669
0.412454218	0.674444616	0.674444616	0.674444616
0.412698418	0.674624503	0.674624503	0.674624503
0.412942618	0.674804449	0.674804449	0.674804449
0.413186818	0.674984217	0.674984217	0.674984217
0.413431019	0.675163925	0.675163925	0.675163925
0.413675219	0.675343573	0.675343573	0.675343573
0.413919419	0.675523162	0.675523162	0.675523162
0.414163619	0.675702751	0.675702751	0.675702751
0.414407820	0.675882220	0.675882220	0.675882220
0.414652020	0.676061630	0.676061630	0.676061630
0.414896220	0.676241040	0.676241040	0.676241040
0.415140420	0.676420331	0.676420331	0.676420331
0.415384620	0.676599562	0.676599562	0.676599562
0.415628821	0.676778793	0.676778793	0.676778793
0.415873021	0.676957846	0.676957846	0.676957846
0.416117221	0.677136958	0.677136958	0.677136958
0.416361421	0.677315891	0.677315891	0.677315891
0.416605622	0.677494824	0.677494824	0.677494824
0.416849822	0.677673697	0.677673697	0.677673697
0.417094022	0.677852571	0.677852571	0.677852571
0.417338222	0.678031266	0.678031266	0.678031266
0.417582422	0.678209960	0.678209960	0.678209960
0.417826623	0.678388596	0.678388596	0.678388596
0.418070823	0.678567171	0.678567171	0.678567171
0.418315023	0.678745687	0.678745687	0.678745687
0.418559223	0.678924084	0.678924084	0.678924084
0.418803424	0.679102480	0.679102480	0.679102480
0.419047624	0.679280818	0.679280818	0.679280818
0.419291824	0.679459095	0.679459095	0.679459095
0.419536024	0.679637313	0.679637313	0.679637313
0.419780225	0.679815471	0.679815471	0.679815471
0.420024425	0.679993510	0.679993510	0.679993510
0.420268625	0.680171549	0.680171549	0.680171549
0.420512825	0.680349529	0.680349529	0.680349529
0.420757025	0.680527389	0.680527389	0.680527389
0.421001226	0.680705249	0.680705249	0.680705249
0.421245426	0.680882990	0.680882990	0.680882990
0.421489626	0.681060731	0.681060731	0.681060731
0.421733826	0.681238353	0.681238353	0.681238353
0.421978027	0.681415975	0.681415975	0.681415975
0.422222227	0.681593537	0.681593537	0.681593537
0.422466427	0.681770980	0.681770980	0.681770980
0.422710627	0.681948423	0.681948423	0.681948423
0.422954828	0.682125747	0.682125747	0.682125747
0.423199028	0.682303071	0.682303071	0.682303071
0.423443228	0.682480276	0.682480276	0.682480276
0.423687428	0.682657480	0.682657480	0.682657480
0.423931628	0.682834625	0.682834625	0.682834625
0.424175829	0.683011651	0.683011651	0.683011651
0.424420029	0.683188677	0.683188677	0.683188677
0.424664229	0.683365643	0.683365643	0.683365643
0.424908429	0.683542490	0.683542490	0.683542490
0.425152630	0.683719337	0.683719337	0.683719337
0.425396830	0.683896124	0.683896124	0.683896124
0.425641030	0.684072793	0.684072793	0.684072793
0.425885230	0.684249461	0.684249461	0.684249461
0.426129431	0.684426010	0.684426010	0.684426010
0.426373631	0.684602618	0.684602618	0.684602618
0.426617831	0.684779048	0.684779048	0.684779048
0.426862031	0.684955418	0.684955418	0.684955418
0.427106231	0.685131788	0.685131788	0.685131788
0.427350432	0.685308099	0.685308099	0.685308099
0.427594632	0.685484350	0.685484350	0.685484350
0.427838832	0.685660541	0.685660541	0.685660541
0.428083032	0.685836613	0.685836613	0.685836613
0.428327233	0.686012685	0.686012685	0.686012685
0.428571433	0.686188698	0.686188698	0.686188698
0.428815633	0.686364651	0.686364651	0.686364651
0.429059833	0.686540544	0.686540544	0.686540544
0.429304034	0.686716318	0.686716318	0.686716318
0.429548234	0.686892092	0.686892092	0.686892092
0.429792434	0.687067807	0.687067807	0.687067807
0.430036634	0.687243402	0.687243402	0.687243402
0.430280834	0.687419057	0.687419057	0.687419057
0.430525035	0.687594593	0.687594593	0.687594593
0.430769235	0.687770069	0.687770069	0.687770069
0.431013435	0.687945426	0.687945426	0.687945426
0.431257635	0.688120842	0.688120842	0.688120842
0.431501836	0.688296139	0.688296139	0.688296139
0.431746036	0.688471377	0.688471377	0.688471377
0.431990236	0.688646615	0.688646615	0.688646615
0.432234436	0.688821673	0.688821673	0.688821673
0.432478637	0.688996792	0.688996792	0.688996792
0.432722837	0.689171791	0.689171791	0.689171791
0.432967037	0.689346731	0.689346731	0.689346731
0.433211237	0.689521611	0.689521611	0.689521611
0.433455437	0.689696491	0.689696491	0.689696491
0.433699638	0.689871252	0.689871252	0.689871252
0.433943838	0.690046012	0.690046012	0.690046012
0.434188038	0.690220594	0.690220594	0.690220594
0.434432238	0.690395236	0.690395236	0.690395236
0.434676439	0.690569818	0.690569818	0.690569818
0.434920639	0.690744281	0.690744281	0.690744281
0.435164839	0.690918744	0.690918744	0.690918744
0.435409039	0.691093087	0.691093087	0.691093087
0.435653239	0.691267431	0.691267431	0.691267431
0.435897440	0.691441715	0.691441715	0.691441715
0.436141640	0.691615939	0.691615939	0.691615939
0.436385840	0.691790104	0.691790104	0.691790104
0.436630040	0.691964149	0.691964149	0.691964149
0.436874241	0.692138255	0.692138255	0.692138255
0.437118441	0.692312241	0.692312241	0.692312241
0.437362641	0.692486167	0.692486167	0.692486167
0.437606841	0.692660034	0.692660034	0.692660034
0.437851042	0.692833841	0.692833841	0.692833841
0.438095242	0.693007588	0.693007588	0.693007588
0.438339442	0.693181276	0.693181276	0.693181276
0.438583642	0.693354905	0.693354905	0.693354905
0.438827842	0.693528533	0.693528533	0.693528533
0.439072043	0.693702042	0.693702042	0.693702042
0.439316243	0.693875492	0.693875492	0.693875492
0.439560443	0.694048941	0.694048941	0.694048941
0.439804643	0.694222271	0.694222271	0.694222271
0.440048844	0.694395602	0.694395602	0.694395602
0.440293044	0.694568813	0.694568813	0.694568813
0.440537244	0.694742024	0.694742024	0.694742024
0.440781444	0.694915175	0.694915175	0.694915175
0.441025645	0.695088267	0.695088267	0.695088267
0.441269845	0.695261300	0.695261300	0.695261300
0.441514045	0.695434213	0.695434213	0.695434213
0.441758245	0.695607185	0.695607185	0.695607185
0.442002445	0.695780039	0.695780039	0.695780039
0.442246646	0.695952833	0.695952833	0.695952833
0.442490846	0.696125567	0.696125567	0.696125567
0.442735046	0.696298301	0.696298301	0.696298301
0.442979246	0.696470916	0.696470916	0.696470916
0.443223447	0.696643472	0.696643472	0.696643472
0.443467647	0.696816027	0.696816027	0.696816027
0.443711847	0.696988523	0.696988523	0.696988523
0.443956047	0.697160959	0.697160959	0.697160959
0.444200248	0.697333276	0.697333276	0.697333276
0.444444448	0.697505593	0.697505593	0.697505593
0.444688648	0.697677851	0.697677851	0.697677851
0.444932848	0.697849989	0.697849989	0.697849989
0.445177048	0.698022187	0.698022187	0.698022187
0.445421249	0.698194206	0.698194206	0.698194206
0.445665449	0.698366284	0.698366284	0.698366284
0.445909649	0.698538244	0.698538244	0.698538244
0.446153849	0.698710203	0.698710203	0.698710203
0.446398050	0.698882043	0.698882043	0.698882043
0.446642250	0.699053824	0.699053824	0.699053824
0.446886450	0.699225545	0.699225545	0.699225545
0.447130650	0.699397326	0.699397326	0.699397326
0.447374851	0.699568927	0.699568927	0.699568927
0.447619051	0.699740529	0.699740529	0.699740529
0.447863251	0.699912071	0.699912071	0.699912071
0.448107451	0.700083554	0.700083554	0.700083554
0.448351651	0.700254977	0.700254977	0.700254977
0.448595852	0.700426340	0.700426340	0.700426340
0.448840052	0.700597703	0.700597703	0.700597703
0.449084252	0.700768888	0.700768888	0.700768888
0.449328452	0.700940132	0.700940132	0.700940132
0.449572653	0.701111317	0.701111317	0.701111317
0.449816853	0.701282382	0.701282382	0.701282382
0.450061053	0.701453447	0.701453447	0.701453447
0.450305253	0.701624453	0.701624453	0.701624453
0.450549453	0.701795340	0.701795340	0.701795340
0.450793654	0.701966286	0.701966286	0.701966286
0.451037854	0.702137113	0.702137113	0.702137113
0.451282054	0.702307820	0.702307820	0.702307820
0.451526254	0.702478588	0.702478588	0.702478588
0.451770455	0.702649236	0.702649236	0.702649236
0.452014655	0.702819884	0.702819884	0.702819884
0.452258855	0.702990413	0.702990413	0.702990413
0.452503055	0.703160882	0.703160882	0.703160882
0.452747256	0.703331411	0.703331411	0.703331411
0.452991456	0.703501821	0.703501821	0.703501821
0.453235656	0.703672171	0.703672171	0.703672171
0.453479856	0.703842461	0.703842461	0.703842461
0.453724056	0.704012632	0.704012632	0.704012632
0.453968257	0.704182863	0.704182863	0.704182863
0.454212457	0.704352975	0.704352975	0.704352975
0.454456657	0.704523087	0.704523087	0.704523087
0.454700857	0.704693139	0.704693139	0.704693139
0.454945058	0.704863071	0.704863071	0.704863071
0.455189258	0.705033004	0.705033004	0.705033004
0.455433458	0.705202818	0.705202818	0.705202818
0.455677658	0.705372691	0.705372691	0.705372691
0.455921859	0.705542386	0.705542386	0.705542386
0.456166059	0.705712140	0.705712140	0.705712140
0.456410259	0.705881774	0.705881774	0.705881774
0.456654459	0.706051409	0.706051409	0.706051409
0.456898659	0.706220925	0.706220925	0.706220925
0.457142860	0.706390440	0.706390440	0.706390440
0.457387060	0.706559837	0.706559837	0.706559837
0.457631260	0.706729233	0.706729233	0.706729233
0.457875460	0.706898630	0.706898630	0.706898630
0.458119661	0.707067907	0.707067907	0.707067907
0.458363861	0.707237124	0.707237124	0.707237124
0.458608061	0.707406342	0.707406342	0.707406342
0.458852261	0.707575440	0.707575440	0.707575440
0.459096462	0.707744479	0.707744479	0.707744479
0.459340662	0.707913518	0.707913518	0.707913518
0.459584862	0.708082497	0.708082497	0.708082497
0.459829062	0.708251417	0.708251417	0.708251417
0.460073262	0.708420277	0.708420277	0.708420277
0.460317463	0.708589077	0.708589077	0.708589077
0.460561663	0.708757877	0.708757877	0.708757877
0.460805863	0.708926499	0.708926499	0.708926499
0.461050063	0.709095240	0.709095240	0.709095240
0.461294264	0.709263802	0.709263802	0.709263802
0.461538464	0.709432364	0.709432364	0.709432364
0.461782664	0.709600866	0.709600866	0.709600866
0.462026864	0.709769309	0.709769309	0.709769309
0.462271065	0.709937692	0.709937692	0.709937692
0.462515265	0.710106075	0.710106075	0.710106075
0.462759465	0.710274339	0.710274339	0.710274339
0.463003665	0.710442543	0.710442543	0.710442543
0.463247865	0.710610747	0.710610747	0.710610747
0.463492066	0.710778892	0.710778892	0.710778892
0.463736266	0.710947037	0.710947037	0.710947037
0.463980466	0.711115003	0.711115003	0.711115003
0.464224666	0.711282969	0.711282969	0.711282969
0.464468867	0.711450934	0.711450934	0.711450934
0.464713067	0.711618781	0.711618781	0.711618781
0.464957267	0.711786628	0.711786628	0.711786628
0.465201467	0.711954415	0.711954415	0.711954415
0.465445668	0.712122142	0.712122142	0.712122142
0.465689868	0.712289810	0.712289810	0.712289810
0.465934068	0.712457478	0.712457478	0.712457478
0.466178268	0.712625027	0.712625027	0.712625027
0.466422468	0.712792516	0.712792516	0.712792516
0.466666669	0.712960005	0.712960005	0.712960005
0.466910869	0.713127434	0.713127434	0.713127434
0.467155069	0.713294804	0.713294804	0.713294804
0.467399269	0.713462055	0.713462055	0.713462055
0.467643470	0.713629365	0.713629365	0.713629365
0.467887670	0.713796556	0.713796556	0.713796556
0.468131870	0.713963747	0.713963747	0.713963747
0.468376070	0.714130819	0.714130819	0.714130819
0.468620270	0.714297891	0.714297891	0.714297891
0.468864471	0.714464903	0.714464903	0.714464903
0.469108671	0.714631855	0.714631855	0.714631855
0.469352871	0.714798748	0.714798748	0.714798748
0.469597071	0.714965641	0.714965641	0.714965641
0.469841272	0.715132415	0.715132415	0.715132415
0.470085472	0.715299189	0.715299189	0.715299189
0.470329672	0.715465903	0.715465903	0.715465903
0.470573872	0.715632558	0.715632558	0.715632558
0.470818073	0.715799153	0.715799153	0.715799153
0.471062273	0.715965748	0.715965748	0.715965748
0.471306473	0.716132224	0.716132224	0.716132224
0.471550673	0.716298640	0.716298640	0.716298640
0.471794873	0.716465116	0.716465116	0.716465116
0.472039074	0.716631413	0.716631413	0.716631413
0.472283274	0.716797769	0.716797769	0.716797769
0.472527474	0.716964006	0.716964006	0.716964006
0.472771674	0.717130244	0.717130244	0.717130244
0.473015875	0.717296362	0.717296362	0.717296362
0.473260075	0.717462420	0.717462420	0.717462420
0.473504275	0.717628479	0.717628479	0.717628479
0.473748475	0.717794538	0.717794538	0.717794538
0.473992676	0.717960477	0.717960477	0.717960477
0.474236876	0.718126357	0.718126357	0.718126357
0.474481076	0.718292236	0.718292236	0.718292236
0.474725276	0.718458056	0.718458056	0.718458056
0.474969476	0.718623817	0.718623817	0.718623817
0.475213677	0.718789518	0.718789518	0.718789518
0.475457877	0.718955159	0.718955159	0.718955159
0.475702077	0.719120800	0.719120800	0.719120800
0.475946277	0.719286263	0.719286263	0.719286263
0.476190478	0.719451785	0.719451785	0.719451785
0.476434678	0.719617248	0.719617248	0.719617248
0.476678878	0.719782710	0.719782710	0.719782710
0.476923078	0.719947994	0.719947994	0.719947994
0.477167279	0.720113337	0.720113337	0.720113337
0.477411479	0.720278561	0.720278561	0.720278561
0.477655679	0.720443845	0.720443845	0.720443845
0.477899879	0.720608950	0.720608950	0.720608950
0.478144079	0.720774114	0.720774114	0.720774114
0.478388280	0.720939159	0.720939159	0.720939159
0.478632480	0.721104145	0.721104145	0.721104145
0.478876680	0.721269131	0.721269131	0.721269131
0.479120880	0.721434057	0.721434057	0.721434057
0.479365081	0.721598864	0.721598864	0.721598864
0.479609281	0.721763670	0.721763670	0.721763670
0.479853481	0.721928477	0.721928477	0.721928477
0.480097681	0.722093165	0.722093165	0.722093165
0.480341882	0.722257853	0.722257853	0.722257853
0.480586082	0.722422481	0.722422481	0.722422481
0.480830282	0.722587049	0.722587049	0.722587049
0.481074482	0.722751558	0.722751558	0.722751558
0.481318682	0.722916067	0.722916067	0.722916067
0.481562883	0.723080516	0.723080516	0.723080516
0.481807083	0.723244905	0.723244905	0.723244905
0.482051283	0.723409176	0.723409176	0.723409176
0.482295483	0.723573446	0.723573446	0.723573446
0.482539684	0.723737717	0.723737717	0.723737717
0.482783884	0.723901868	0.723901868	0.723901868
0.483028084	0.724066019	0.724066019	0.724066019
0.483272284	0.724230051	0.724230051	0.724230051
0.483516484	0.724394143	0.724394143	0.724394143
0.483760685	0.724558115	0.724558115	0.724558115
0.484004885	0.724722087	0.724722087	0.724722087
0.484249085	0.724885941	0.724885941	0.724885941
0.484493285	0.725049794	0.725049794	0.725049794
0.484737486	0.725213647	0.725213647	0.725213647
0.484981686	0.725377381	0.725377381	0.725377381
0.485225886	0.725541055	0.725541055	0.725541055
0.485470086	0.725704730	0.725704730	0.725704730
0.485714287	0.725868285	0.725868285	0.725868285
0.485958487	0.726031840	0.726031840	0.726031840
0.486202687	0.726195335	0.726195335	0.726195335
0.486446887	0.726358831	0.726358831	0.726358831
0.486691087	0.726522267	0.726522267	0.726522267
0.486935288	0.726685643	0.726685643	0.726685643
0.487179488	0.726848960	0.726848960	0.726848960
0.487423688	0.727012217	0.727012217	0.727012217
0.487667888	0.727175474	0.727175474	0.727175474
0.487912089	0.727338612	0.727338612	0.727338612
0.488156289	0.727501750	0.727501750	0.727501750
0.488400489	0.727664828	0.727664828	0.727664828
0.488644689	0.727827847	0.727827847	0.727827847
0.488888890	0.727990866	0.727990866	0.727990866
0.489133090	0.728153765	0.728153765	0.728153765
0.489377290	0.728316665	0.728316665	0.728316665
0.489621490	0.728479505	0.728479505	0.728479505
0.489865690	0.728642344	0.728642344	0.728642344
0.490109891	0.728805065	0.728805065	0.728805065
0.490354091	0.728967726	0.728967726	0.728967726
0.490598291	0.729130387	0.729130387	0.729130387
0.490842491	0.729292989	0.729292989	0.729292989
0.491086692	0.729455531	0.729455531	0.729455531
0.491330892	0.729618073	0.729618073	0.729618073
0.491575092	0.729780495	0.729780495	0.729780495
0.491819292	0.729942918	0.729942918	0.729942918
0.492063493	0.730105281	0.730105281	0.730105281
0.492307693	0.730267644	0.730267644	0.730267644
0.492551893	0.730429888	0.730429888	0.730429888
0.492796093	0.730592132	0.730592132	0.730592132
0.493040293	0.730754316	0.730754316	0.730754316
0.493284494	0.730916500	0.730916500	0.730916500
0.493528694	0.731078506	0.731078506	0.731078506
0.493772894	0.731240571	0.731240571	0.731240571
0.494017094	0.731402576	0.731402576	0.731402576
0.494261295	0.731564522	0.731564522	0.731564522
0.494505495	0.731726408	0.731726408	0.731726408
0.494749695	0.731888294	0.731888294	0.731888294
0.494993895	0.732050061	0.732050061	0.732050061
0.495238096	0.732211888	0.732211888	0.732211888
0.495482296	0.732373536	0.732373536	0.732373536
0.495726496	0.732535183	0.732535183	0.732535183
0.495970696	0.732696891	0.732696891	0.732696891
0.496214896	0.732858419	0.732858419	0.732858419
0.496459097	0.733019948	0.733019948	0.733019948
0.496703297	0.733181477	0.733181477	0.733181477
0.496947497	0.733342886	0.733342886	0.733342886
0.497191697	0.733504295	0.733504295	0.733504295
0.497435898	0.733665586	0.733665586	0.733665586
0.497680098	0.733826876	0.733826876	0.733826876
0.497924298	0.733988166	0.733988166	0.733988166
0.498168498	0.734149337	0.734149337	0.734149337
0.498412699	0.734310508	0.734310508	0.734310508
0.498656899	0.734471619	0.734471619	0.734471619
0.498901099	0.734632730	0.734632730	0.734632730
0.499145299	0.734793723	0.734793723	0.734793723
0.499389499	0.734954715	0.734954715	0.734954715
0.499633700	0.735115588	0.735115588	0.735115588
0.499877900	0.735276520	0.735276520	0.735276520
0.500122130	0.735437393	0.735437393	0.735437393
0.500366330	0.735598147	0.735598147	0.735598147
0.500610530	0.735758901	0.735758901	0.735758901
0.500854731	0.735919654	0.735919654	0.735919654
0.501098931	0.736080289	0.736080289	0.736080289
0.501343131	0.736240923	0.736240923	0.736240923
0.501587331	0.736401439	0.736401439	0.736401439
0.501831532	0.736561954	0.736561954	0.736561954
0.502075732	0.736722469	0.736722469	0.736722469
0.502319932	0.736882865	0.736882865	0.736882865
0.502564132	0.737043202	0.737043202	0.737043202
0.502808332	0.737203598	0.737203598	0.737203598
0.503052533	0.737363875	0.737363875	0.737363875
0.503296733	0.737524092	0.737524092	0.737524092
0.503540933	0.737684309	0.737684309	0.737684309
0.503785133	0.737844467	0.737844467	0.737844467
0.504029334	0.738004565	0.738004565	0.738004565
0.504273534	0.738164604	0.738164604	0.738164604
0.504517734	0.738324642	0.738324642	0.738324642
0.504761934	0.738484621	0.738484621	0.738484621
0.505006135	0.738644540	0.738644540	0.738644540
0.505250335	0.738804460	0.738804460	0.738804460
0.505494535	0.738964319	0.738964319	0.738964319
0.505738735	0.739124060	0.739124060	0.739124060
0.505982935	0.739283800	0.739283800	0.739283800
0.506227136	0.739443541	0.739443541	0.739443541
0.506471336	0.739603162	0.739603162	0.739603162
0.506715536	0.739762783	0.739762783	0.739762783
0.506959736	0.739922404	0.739922404	0.739922404
0.507203937	0.740081906	0.740081906	0.740081906
0.507448137	0.740241408	0.740241408	0.740241408
0.507692337	0.740400791	0.740400791	0.740400791
0.507936537	0.740560174	0.740560174	0.740560174
0.508180737	0.740719557	0.740719557	0.740719557
0.508424938	0.740878820	0.740878820	0.740878820
0.508669138	0.741038084	0.741038084	0.741038084
0.508913338	0.741197348	0.741197348	0.741197348
0.509157538	0.741356492	0.741356492	0.741356492
0.509401739	0.741515577	0.741515577	0.741515577
0.509645939	0.741674662	0.741674662	0.741674662
0.509890139	0.741833687	0.741833687	0.741833687
0.510134339	0.741992652	0.741992652	0.741992652
0.510378540	0.742151618	0.742151618	0.742151618
0.510622740	0.742310524	0.742310524	0.742310524
0.510866940	0.742469370	0.742469370	0.742469370
0.511111140	0.742628157	0.742628157	0.742628157
0.511355340	0.742786944	0.742786944	0.742786944
0.511599541	0.742945671	0.742945671	0.742945671
0.511843741	0.743104398	0.743104398	0.743104398
0.512087941	0.743262947	0.743262947	0.743262947
0.512332141	0.743421555	0.743421555	0.743421555
0.512576342	0.743580163	0.743580163	0.743580163
0.512820542	0.743738592	0.743738592	0.743738592
0.513064742	0.743897080	0.743897080	0.743897080
0.513308942	0.744055510	0.744055510	0.744055510
0.513553143	0.744213879	0.744213879	0.744213879
0.513797343	0.744372249	0.744372249	0.744372249
0.514041543	0.744530499	0.744530499	0.744530499
0.514285743	0.744688690	0.744688690	0.744688690
0.514529943	0.744846940	0.744846940	0.744846940
0.514774144	0.745005071	0.745005071	0.745005071
0.515018344	0.745163143	0.745163143	0.745163143
0.515262544	0.745321274	0.745321274	0.745321274
0.515506744	0.745479286	0.745479286	0.745479286
0.515750945	0.745637238	0.745637238	0.745637238
0.515995145	0.745795131	0.745795131	0.745795131
0.516239345	0.745953023	0.745953023	0.745953023
0.516483545	0.746110857	0.746110857	0.746110857
0.516727746	0.746268690	0.746268690	0.746268690
0.516971946	0.746426463	0.746426463	0.746426463
0.517216146	0.746584177	0.746584177	0.746584177
0.517460346	0.746741831	0.746741831	0.746741831
0.517704546	0.746899486	0.746899486	0.746899486
0.517948747	0.747057080	0.747057080	0.747057080
0.518192947	0.747214615	0.747214615	0.747214615
0.518437147	0.747372091	0.747372091	0.747372091
0.518681347	0.747529566	0.747529566	0.747529566
0.518925548	0.747686982	0.747686982	0.747686982
0.519169748	0.747844279	0.747844279	0.747844279
0.519413948	0.748001635	0.748001635	0.748001635
0.519658148	0.748158932	0.748158932	0.748158932
0.519902349	0.748316169	0.748316169	0.748316169
0.520146549	0.748473406	0.748473406	0.748473406
0.520390749	0.748630524	0.748630524	0.748630524
0.520634949	0.748787582	0.748787582	0.748787582
0.520879149	0.748944700	0.748944700	0.748944700
0.521123350	0.749101698	0.749101698	0.749101698
0.521367550	0.749258757	0.749258757	0.749258757
0.521611750	0.749415636	0.749415636	0.749415636
0.521855950	0.749572515	0.749572515	0.749572515
0.522100151	0.749729395	0.749729395	0.749729395
0.522344351	0.749886155	0.749886155	0.749886155
0.522588551	0.750042915	0.750042915	0.750042915
0.522832751	0.750199735	0.750199735	0.750199735
0.523076952	0.750356376	0.750356376	0.750356376
0.523321152	0.750513017	0.750513017	0.750513017
0.523565352	0.750669658	0.750669658	0.750669658
0.523809552	0.750826120	0.750826120	0.750826120
0.524053752	0.750982642	0.750982642	0.750982642
0.524297953	0.751139104	0.751139104	0.751139104
0.524542153	0.751295567	0.751295567	0.751295567
0.524786353	0.751451969	0.751451969	0.751451969
0.525030553	0.751608312	0.751608312	0.751608312
0.525274754	0.751764596	0.751764596	0.751764596
0.525518954	0.751920819	0.751920819	0.751920819
0.525763154	0.752077103	0.752077103	0.752077103
0.526007354	0.752233207	0.752233207	0.752233207
0.526251554	0.752389371	0.752389371	0.752389371
0.526495755	0.752545416	0.752545416	0.752545416
0.526739955	0.752701521	0.752701521	0.752701521
0.526984155	0.752857506	0.752857506	0.752857506
0.527228355	0.753013492	0.753013492	0.753013492
0.527472556	0.753169358	0.753169358	0.753169358
0.527716756	0.753325224	0.753325224	0.753325224
0.527960956	0.753481090	0.753481090	0.753481090
0.528205156	0.753636897	0.753636897	0.753636897
0.528449357	0.753792584	0.753792584	0.753792584
0.528693557	0.753948331	0.753948331	0.753948331
0.528937757	0.754103959	0.754103959	0.754103959
0.529181957	0.754259586	0.754259586	0.754259586
0.529426157	0.754415214	0.754415214	0.754415214
0.529670358	0.754570782	0.754570782	0.754570782
0.529914558	0.754726231	0.754726231	0.754726231
0.530158758	0.754881740	0.754881740	0.754881740
0.530402958	0.755037129	0.755037129	0.755037129
0.530647159	0.755192459	0.755192459	0.755192459
0.530891359	0.755347788	0.755347788	0.755347788
0.531135559	0.755503118	0.755503118	0.755503118
0.531379759	0.755658329	0.755658329	0.755658329
0.531623960	0.755813599	0.755813599	0.755813599
0.531868160	0.755968690	0.755968690	0.755968690
0.532112360	0.756123841	0.756123841	0.756123841
0.532356560	0.756278932	0.756278932	0.756278932
0.532600760	0.756433964	0.756433964	0.756433964
0.532844961	0.756588995	0.756588995	0.756588995
0.533089161	0.756743908	0.756743908	0.756743908
0.533333361	0.756898820	0.756898820	0.756898820
0.533577561	0.757053673	0.757053673	0.757053673
0.533821762	0.757208526	0.757208526	0.757208526
0.534065962	0.757363319	0.757363319	0.757363319
0.534310162	0.757518053	0.757518053	0.757518053
0.534554362	0.757672787	0.757672787	0.757672787
0.534798563	0.757827461	0.757827461	0.757827461
0.535042763	0.757982075	0.757982075	0.757982075
0.535286963	0.758136690	0.758136690	0.758136690
0.535531163	0.758291245	0.758291245	0.758291245
0.535775363	0.758445740	0.758445740	0.758445740
0.536019564	0.758600175	0.758600175	0.758600175
0.536263764	0.758754611	0.758754611	0.758754611
0.536507964	0.758908987	0.758908987	0.758908987
0.536752164	0.759063303	0.759063303	0.759063303
0.536996365	0.759217620	0.759217620	0.759217620
0.537240565	0.759371877	0.759371877	0.759371877
0.537484765	0.759526134	0.759526134	0.759526134
0.537728965	0.759680271	0.759680271	0.759680271
0.537973166	0.759834409	0.759834409	0.759834409
0.538217366	0.759988487	0.759988487	0.759988487
0.538461566	0.760142565	0.760142565	0.760142565
0.538705766	0.760296583	0.760296583	0.760296583
0.538949966	0.760450542	0.760450542	0.760450542
0.539194167	0.760604501	0.760604501	0.760604501
0.539438367	0.760758400	0.760758400	0.760758400
0.539682567	0.760912180	0.760912180	0.760912180
0.539926767	0.761066020	0.761066020	0.761066020
0.540170968	0.761219800	0.761219800	0.761219800
0.540415168	0.761373520	0.761373520	0.761373520
0.540659368	0.761527181	0.761527181	0.761527181
0.540903568	0.761680841	0.761680841	0.761680841
0.541147768	0.761834502	0.761834502	0.761834502
0.541391969	0.761988044	0.761988044	0.761988044
0.541636169	0.762141526	0.762141526	0.762141526
0.541880369	0.762295067	0.762295067	0.762295067
0.542124569	0.762448490	0.762448490	0.762448490
0.542368770	0.762601912	0.762601912	0.762601912
0.542612970	0.762755215	0.762755215	0.762755215
0.542857170	0.762908578	0.762908578	0.762908578
0.543101370	0.763061821	0.763061821	0.763061821
0.543345571	0.763215065	0.763215065	0.763215065
0.543589771	0.763368309	0.763368309	0.763368309
0.543833971	0.763521433	0.763521433	0.763521433
0.544078171	0.763674557	0.763674557	0.763674557
0.544322371	0.763827682	0.763827682	0.763827682
0.544566572	0.763980746	0.763980746	0.763980746
0.544810772	0.764133751	0.764133751	0.764133751
0.545054972	0.764286697	0.764286697	0.764286697
0.545299172	0.764439583	0.764439583	0.764439583
0.545543373	0.764592469	0.764592469	0.764592469
0.545787573	0.764745355	0.764745355	0.764745355
0.546031773	0.764898121	0.764898121	0.764898121
0.546275973	0.765050888	0.765050888	0.765050888
0.546520174	0.765203655	0.765203655	0.765203655
0.546764374	0.765356302	0.765356302	0.765356302
0.547008574	0.765508950	0.765508950	0.765508950
0.547252774	0.765661538	0.765661538	0.765661538
0.547496974	0.765814126	0.765814126	0.765814126
0.547741175	0.765966654	0.765966654	0.765966654
0.547985375	0.766119123	0.766119123	0.766119123
0.548229575	0.766271591	0.766271591	0.766271591
0.548473775	0.766424000	0.766424000	0.766424000
0.548717976	0.766576350	0.766576350	0.766576350
0.548962176	0.766728640	0.766728640	0.766728640
0.549206376	0.766880989	0.766880989	0.766880989
0.549450576	0.767033219	0.767033219	0.767033219
0.549694777	0.767185450	0.767185450	0.767185450
0.549938977	0.767337620	0.767337620	0.767337620
0.550183177	0.767489731	0.767489731	0.767489731
0.550427377	0.767641783	0.767641783	0.767641783
0.550671577	0.767793834	0.767793834	0.767793834
0.550915778	0.767945886	0.767945886	0.767945886
0.551159978	0.768097878	0.768097878	0.768097878
0.551404178	0.768249810	0.768249810	0.768249810
0.551648378	0.768401682	0.768401682	0.768401682
0.551892579	0.768553555	0.768553555	0.768553555
0.552136779	0.768705308	0.768705308	0.768705308
0.552380979	0.768857121	0.768857121	0.768857121
0.552625179	0.769008875	0.769008875	0.769008875
0.552869380	0.769160509	0.769160509	0.769160509
0.553113580	0.769312203	0.769312203	0.769312203
0.553357780	0.769463837	0.769463837	0.769463837
0.553601980	0.769615412	0.769615412	0.769615412
0.553846180	0.769766986	0.769766986	0.769766986
0.554090381	0.769918442	0.769918442	0.769918442
0.554334581	0.770069957	0.770069957	0.770069957
0.554578781	0.770221353	0.770221353	0.770221353
0.554822981	0.770372748	0.770372748	0.770372748
0.555067182	0.770524085	0.770524085	0.770524085
0.555311382	0.770675361	0.770675361	0.770675361
0.555555582	0.770826697	0.770826697	0.770826697
0.555799782	0.770977914	0.770977914	0.770977914
0.556043983	0.771129072	0.771129072	0.771129072
0.556288183	0.771280229	0.771280229	0.771280229
0.556532383	0.771431386	0.771431386	0.771431386
0.556776583	0.771582425	0.771582425	0.771582425
0.557020783	0.771733463	0.771733463	0.771733463
0.557264984	0.771884501	0.771884501	0.771884501
0.557509184	0.772035420	0.772035420	0.772035420
0.557753384	0.772186339	0.772186339	0.772186339
0.557997584	0.772337258	0.772337258	0.772337258
0.558241785	0.772488058	0.772488058	0.772488058
0.558485985	0.772638917	0.772638917	0.772638917
0.558730185	0.772789657	0.772789657	0.772789657
0.558974385	0.772940338	0.772940338	0.772940338
0.559218585	0.773091078	0.773091078	0.773091078
0.559462786	0.773241699	0.773241699	0.773241699
0.559706986	0.773392379	0.773392379	0.773392379
0.559951186	0.773542881	0.773542881	0.773542881
0.560195386	0.773693442	0.773693442	0.773693442
0.560439587	0.773843944	0.773843944	0.773843944
0.560683787	0.773994386	0.773994386	0.773994386
0.560927987	0.774144828	0.774144828	0.774144828
0.561172187	0.774295211	0.774295211	0.774295211
0.561416388	0.774445593	0.774445593	0.774445593
0.561660588	0.774595857	0.774595857	0.774595857
0.561904788	0.774746180	0.774746180	0.774746180
0.562148988	0.774896383	0.774896383	0.774896383
0.562393188	0.775046587	0.775046587	0.775046587
0.562637389	0.775196731	0.775196731	0.775196731
0.562881589	0.775346816	0.775346816	0.775346816
0.563125789	0.775496960	0.775496960	0.775496960
0.563369989	0.775646985	0.775646985	0.775646985
0.563614190	0.775796950	0.775796950	0.775796950
0.563858390	0.775946915	0.775946915	0.775946915
0.564102590	0.776096821	0.776096821	0.776096821
0.564346790	0.776246727	0.776246727	0.776246727
0.564590991	0.776396573	0.776396573	0.776396573
0.564835191	0.776546419	0.776546419	0.776546419
0.565079391	0.776696146	0.776696146	0.776696146
0.565323591	0.776845932	0.776845932	0.776845932
0.565567791	0.776995599	0.776995599	0.776995599
0.565811992	0.777145267	0.777145267	0.777145267
0.566056192	0.777294934	0.777294934	0.777294934
0.566300392	0.777444541	0.777444541	0.777444541
0.566544592	0.777594090	0.777594090	0.777594090
0.566788793	0.777743518	0.777743518	0.777743518
0.567032993	0.777893066	0.777893066	0.777893066
0.567277193	0.778042495	0.778042495	0.778042495
0.567521393	0.778191924	0.778191924	0.778191924
0.567765594	0.778341234	0.778341234	0.778341234
0.568009794	0.778490603	0.778490603	0.778490603
0.568253994	0.778639853	0.778639853	0.778639853
0.568498194	0.778789103	0.778789103	0.778789103
0.568742394	0.778938293	0.778938293	0.778938293
0.568986595	0.779087484	0.779087484	0.779087484
0.569230795	0.779236615	0.779236615	0.779236615
0.569474995	0.779385746	0.779385746	0.779385746
0.569719195	0.779534817	0.779534817	0.779534817
0.569963396	0.779683888	0.779683888	0.779683888
0.570207596	0.779832840	0.779832840	0.779832840
0.570451796	0.779981792	0.779981792	0.779981792
0.570695996	0.780130684	0.780130684	0.780130684
0.570940197	0.780279577	0.780279577	0.780279577
0.571184397	0.780428410	0.780428410	0.780428410
0.571428597	0.780577242	0.780577242	0.780577242
0.571672797	0.780725956	0.780725956	0.780725956
0.571916997	0.780874729	0.780874729	0.780874729
0.572161198	0.781023383	0.781023383	0.781023383
0.572405398	0.781172037	0.781172037	0.781172037
0.572649598	0.781320691	0.781320691	0.781320691
0.572893798	0.781469226	0.781469226	0.781469226
0.573137999	0.781617820	0.781617820	0.781617820
0.573382199	0.781766295	0.781766295	0.781766295
0.573626399	0.781914771	0.781914771	0.781914771
0.573870599	0.782063246	0.782063246	0.782063246
0.574114799	0.782211602	0.782211602	0.782211602
0.574359000	0.782359958	0.782359958	0.782359958
0.574603200	0.782508314	0.782508314	0.782508314
0.574847400	0.782656610	0.782656610	0.782656610
0.575091600	0.782804847	0.782804847	0.782804847
0.575335801	0.782953084	0.782953084	0.782953084
0.575580001	0.783101261	0.783101261	0.783101261
0.575824201	0.783249378	0.783249378	0.783249378
0.576068401	0.783397496	0.783397496	0.783397496
0.576312602	0.783545554	0.783545554	0.783545554
0.576556802	0.783693612	0.783693612	0.783693612
0.576801002	0.783841550	0.783841550	0.783841550
0.577045202	0.783989489	0.783989489	0.783989489
0.577289402	0.784137428	0.784137428	0.784137428
0.577533603	0.784285307	0.784285307	0.784285307
0.577777803	0.784433126	0.784433126	0.784433126
0.578022003	0.784581006	0.784581006	0.784581006
0.578266203	0.784728765	0.784728765	0.784728765
0.578510404	0.784876466	0.784876466	0.784876466
0.578754604	0.785024166	0.785024166	0.785024166
0.578998804	0.785171866	0.785171866	0.785171866
0.579243004	0.785319507	0.785319507	0.785319507
0.579487205	0.785467088	0.785467088	0.785467088
0.579731405	0.785614669	0.785614669	0.785614669
0.579975605	0.785762191	0.785762191	0.785762191
0.580219805	0.785909653	0.785909653	0.785909653
0.580464005	0.786057115	0.786057115	0.786057115
0.580708206	0.786204517	0.786204517	0.786204517
0.580952406	0.786351919	0.786351919	0.786351919
0.581196606	0.786499262	0.786499262	0.786499262
0.581440806	0.786646485	0.786646485	0.786646485
0.581685007	0.786793768	0.786793768	0.786793768
0.581929207	0.786940992	0.786940992	0.786940992
0.582173407	0.787088215	0.787088215	0.787088215
0.582417607	0.787235320	0.787235320	0.787235320
0.582661808	0.787382483	0.787382483	0.787382483
0.582906008	0.787529588	0.787529588	0.787529588
0.583150208	0.787676632	0.787676632	0.787676632
0.583394408	0.787823677	0.787823677	0.787823677
0.583638608	0.787970662	0.787970662	0.787970662
0.583882809	0.788117588	0.788117588	0.788117588
0.584127009	0.788264513	0.788264513	0.788264513
0.584371209	0.788411379	0.788411379	0.788411379
0.584615409	0.788558185	0.788558185	0.788558185
0.584859610	0.788704991	0.788704991	0.788704991
0.585103810	0.788851738	0.788851738	0.788851738
0.585348010	0.788998425	0.788998425	0.788998425
0.585592210	0.789145172	0.789145172	0.789145172
0.585836411	0.789291799	0.789291799	0.789291799
0.586080611	0.789438426	0.789438426	0.789438426
0.586324811	0.789585054	0.789585054	0.789585054
0.586569011	0.789731622	0.789731622	0.789731622
0.586813211	0.789878130	0.789878130	0.789878130
0.587057412	0.790024579	0.790024579	0.790024579
0.587301612	0.790171027	0.790171027	0.790171027
0.587545812	0.790317416	0.790317416	0.790317416
0.587790012	0.790463805	0.790463805	0.790463805
0.588034213	0.790610135	0.790610135	0.790610135
0.588278413	0.790756464	0.790756464	0.790756464
0.588522613	0.790902734	0.790902734	0.790902734
0.588766813	0.791048944	0.791048944	0.791048944
0.589011014	0.791195154	0.791195154	0.791195154
0.589255214	0.791341305	0.791341305	0.791341305
0.589499414	0.791487396	0.791487396	0.791487396
0.589743614	0.791633487	0.791633487	0.791633487
0.589987814	0.791779578	0.791779578	0.791779578
0.590232015	0.791925609	0.791925609	0.791925609
0.590476215	0.792071521	0.792071521	0.792071521
0.590720415	0.792217493	0.792217493	0.792217493
0.590964615	0.792363465	0.792363465	0.792363465
0.591208816	0.792509317	0.792509317	0.792509317
0.591453016	0.792655170	0.792655170	0.792655170
0.591697216	0.792800963	0.792800963	0.792800963
0.591941416	0.792946756	0.792946756	0.792946756
0.592185616	0.793092430	0.793092430	0.793092430
0.592429817	0.793238223	0.793238223	0.793238223
0.592674017	0.793383837	0.793383837	0.793383837
0.592918217	0.793529510	0.793529510	0.793529510
0.593162417	0.793675065	0.793675065	0.793675065
0.593406618	0.793820620	0.793820620	0.793820620
0.593650818	0.793966115	0.793966115	0.793966115
0.593895018	0.794111669	0.794111669	0.794111669
0.594139218	0.794257104	0.794257104	0.794257104
0.594383419	0.794402540	0.794402540	0.794402540
0.594627619	0.794547915	0.794547915	0.794547915
0.594871819	0.794693232	0.794693232	0.794693232
0.595116019	0.794838607	0.794838607	0.794838607
0.595360219	0.794983923	0.794983923	0.794983923
0.595604420	0.795129180	0.795129180	0.795129180
0.595848620	0.795274377	0.795274377	0.795274377
0.596092820	0.795419574	0.795419574	0.795419574
0.596337020	0.795564711	0.795564711	0.795564711
0.596581221	0.795709729	0.795709729	0.795709729
0.596825421	0.795854867	0.795854867	0.795854867
0.597069621	0.795999885	0.795999885	0.795999885
0.597313821	0.796144903	0.796144903	0.796144903
0.597558022	0.796289861	0.796289861	0.796289861
0.597802222	0.796434820	0.796434820	0.796434820
0.598046422	0.796579719	0.796579719	0.796579719
0.598290622	0.796724558	0.796724558	0.796724558
0.598534822	0.796869457	0.796869457	0.796869457
0.598779023	0.797014177	0.797014177	0.797014177
0.599023223	0.797158957	0.797158957	0.797158957
0.599267423	0.797303736	0.797303736	0.797303736
0.599511623	0.797448397	0.797448397	0.797448397
0.599755824	0.797593117	0.797593117	0.797593117
0.600000024	0.797737718	0.797737718	0.797737718
0.600244224	0.797882318	0.797882318	0.797882318
0.600488424	0.798026860	0.798026860	0.798026860
0.600732625	0.798171341	0.798171341	0.798171341
0.600976825	0.798315883	0.798315883	0.798315883
0.601221025	0.798460305	0.798460305	0.798460305
0.601465225	0.798604786	0.798604786	0.798604786
0.601709425	0.798749149	0.798749149	0.798749149
0.601953626	0.798893511	0.798893511	0.798893511
0.602197826	0.799037814	0.799037814	0.799037814
0.602442026	0.799182117	0.799182117	0.799182117
0.602686226	0.799326360	0.799326360	0.799326360
0.602930427	0.799470544	0.799470544	0.799470544
0.603174627	0.799614727	0.799614727	0.799614727
0.603418827	0.799758911	0.799758911	0.799758911
0.603663027	0.799902976	0.799902976	0.799902976
0.603907228	0.800047100	0.800047100	0.800047100
0.604151428	0.800191104	0.800191104	0.800191104
0.604395628	0.800335169	0.800335169	0.800335169
0.604639828	0.800479114	0.800479114	0.800479114
0.604884028	0.800623059	0.800623059	0.800623059
0.605128229	0.800767004	0.800767004	0.800767004
0.605372429	0.800910890	0.800910890	0.800910890
0.605616629	0.801054657	0.801054657	0.801054657
0.605860829	0.801198483	0.801198483	0.801198483
0.606105030	0.801342309	0.801342309	0.801342309
0.606349230	0.801486075	0.801486075	0.801486075
0.606593430	0.801629722	0.801629722	0.801629722
0.606837630	0.801773429	0.801773429	0.801773429
0.607081831	0.801917076	0.801917076	0.801917076
0.607326031	0.802060664	0.802060664	0.802060664
0.607570231	0.802204251	0.802204251	0.802204251
0.607814431	0.802347779	0.802347779	0.802347779
0.608058631	0.802491307	0.802491307	0.802491307
0.608302832	0.802634716	0.802634716	0.802634716
0.608547032	0.802778184	0.802778184	0.802778184
0.608791232	0.802921593	0.802921593	0.802921593
0.609035432	0.803065002	0.803065002	0.803065002
0.609279633	0.803208292	0.803208292	0.803208292
0.609523833	0.803351581	0.803351581	0.803351581
0.609768033	0.803494871	0.803494871	0.803494871
0.610012233	0.803638101	0.803638101	0.803638101
0.610256433	0.803781331	0.803781331	0.803781331
0.610500634	0.803924441	0.803924441	0.803924441
0.610744834	0.804067671	0.804067671	0.804067671
0.610989034	0.804210722	0.804210722	0.804210722
0.611233234	0.804353833	0.804353833	0.804353833
0.611477435	0.804496825	0.804496825	0.804496825
0.611721635	0.804639816	0.804639816	0.804639816
0.611965835	0.804782808	0.804782808	0.804782808
0.612210035	0.804925740	0.804925740	0.804925740
0.612454236	0.805068672	0.805068672	0.805068672
0.612698436	0.805211544	0.805211544	0.805211544
0.612942636	0.805354357	0.805354357	0.805354357
0.613186836	0.805497169	0.805497169	0.805497169
0.613431036	0.805639923	0.805639923	0.805639923
0.613675237	0.805782676	0.805782676	0.805782676
0.613919437	0.805925369	0.805925369	0.805925369
0.614163637	0.806068063	0.806068063	0.806068063
0.614407837	0.806210697	0.806210697	0.806210697
0.614652038	0.806353331	0.806353331	0.806353331
0.614896238	0.806495845	0.806495845	0.806495845
0.615140438	0.806638420	0.806638420	0.806638420
0.615384638	0.806780934	0.806780934	0.806780934
0.615628839	0.806923389	0.806923389	0.806923389
0.615873039	0.807065845	0.807065845	0.807065845
0.616117239	0.807208300	0.807208300	0.807208300
0.616361439	0.807350636	0.807350636	0.807350636
0.616605639	0.807492971	0.807492971	0.807492971
0.616849840	0.807635248	0.807635248	0.807635248
0.617094040	0.807777524	0.807777524	0.807777524
0.617338240	0.807919800	0.807919800	0.807919800
0.617582440	0.808061957	0.808061957	0.808061957
0.617826641	0.808204174	0.808204174	0.808204174
0.618070841	0.808346331	0.808346331	0.808346331
0.618315041	0.808488429	0.808488429	0.808488429
0.618559241	0.808630466	0.808630466	0.808630466
0.618803442	0.808772564	0.808772564	0.808772564
0.619047642	0.808914602	0.808914602	0.808914602
0.619291842	0.809056520	0.809056520	0.809056520
0.619536042	0.809198499	0.809198499	0.809198499
0.619780242	0.809340417	0.809340417	0.809340417
0.620024443	0.809482336	0.809482336	0.809482336
0.620268643	0.809624195	0.809624195	0.809624195
0.620512843	0.809765995	0.809765995	0.809765995
0.620757043	0.809907794	0.809907794	0.809907794
0.621001244	0.810049534	0.810049534	0.810049534
0.621245444	0.810191274	0.810191274	0.810191274
0.621489644	0.810332894	0.810332894	0.810332894
0.621733844	0.810474575	0.810474575	0.810474575
0.621978045	0.810616195	0.810616195	0.810616195
0.622222245	0.810757756	0.810757756	0.810757756
0.622466445	0.810899377	0.810899377	0.810899377
0.622710645	0.811040878	0.811040878	0.811040878
0.622954845	0.811182320	0.811182320	0.811182320
0.623199046	0.811323822	0.811323822	0.811323822
0.623443246	0.811465263	0.811465263	0.811465263
0.623687446	0.811606705	0.811606705	0.811606705
0.623931646	0.811748028	0.811748028	0.811748028
0.624175847	0.811889350	0.811889350	0.811889350
0.624420047	0.812030613	0.812030613	0.812030613
0.624664247	0.812171936	0.812171936	0.812171936
0.624908447	0.812313139	0.812313139	0.812313139
0.625152647	0.812454343	0.812454343	0.812454343
0.625396848	0.812595487	0.812595487	0.812595487
0.625641048	0.812736690	0.812736690	0.812736690
0.625885248	0.812877774	0.812877774	0.812877774
0.626129448	0.813018858	0.813018858	0.813018858
0.626373649	0.813159883	0.813159883	0.813159883
0.626617849	0.813300908	0.813300908	0.813300908
0.626862049	0.813441873	0.813441873	0.813441873
0.627106249	0.813582838	0.813582838	0.813582838
0.627350450	0.813723743	0.813723743	0.813723743
0.627594650	0.813864589	0.813864589	0.813864589
0.627838850	0.814005494	0.814005494	0.814005494
0.628083050	0.814146280	0.814146280	0.814146280
0.628327250	0.814287066	0.814287066	0.814287066
0.628571451	0.814427853	0.814427853	0.814427853
0.628815651	0.814568579	0.814568579	0.814568579
0.629059851	0.814709246	0.814709246	0.814709246
0.629304051	0.814849913	0.814849913	0.814849913
0.629548252	0.814990520	0.814990520	0.814990520
0.629792452	0.815131128	0.815131128	0.815131128
0.630036652	0.815271676	0.815271676	0.815271676
0.630280852	0.815412223	0.815412223	0.815412223
0.630525053	0.815552711	0.815552711	0.815552711
0.630769253	0.815693200	0.815693200	0.815693200
0.631013453	0.815833628	0.815833628	0.815833628
0.631257653	0.815973997	0.815973997	0.815973997
0.631501853	0.816114426	0.816114426	0.816114426
0.631746054	0.816254735	0.816254735	0.816254735
0.631990254	0.816395104	0.816395104	0.816395104
0.632234454	0.816535294	0.816535294	0.816535294
0.632478654	0.816675603	0.816675603	0.816675603
0.632722855	0.816815794	0.816815794	0.816815794
0.632967055	0.816955984	0.816955984	0.816955984
0.633211255	0.817096174	0.817096174	0.817096174
0.633455455	0.817236245	0.817236245	0.817236245
0.633699656	0.817376375	0.817376375	0.817376375
0.633943856	0.817516387	0.817516387	0.817516387
0.634188056	0.817656457	0.817656457	0.817656457
0.634432256	0.817796409	0.817796409	0.817796409
0.634676456	0.817936420	0.817936420	0.817936420
0.634920657	0.818076313	0.818076313	0.818076313
0.635164857	0.818216264	0.818216264	0.818216264
0.635409057	0.818356097	0.818356097	0.818356097
0.635653257	0.818495929	0.818495929	0.818495929
0.635897458	0.818635702	0.818635702	0.818635702
0.636141658	0.818775535	0.818775535	0.818775535
0.636385858	0.818915248	0.818915248	0.818915248
0.636630058	0.819054961	0.819054961	0.819054961
0.636874259	0.819194615	0.819194615	0.819194615
0.637118459	0.819334269	0.819334269	0.819334269
0.637362659	0.819473922	0.819473922	0.819473922
0.637606859	0.819613516	0.819613516	0.819613516
0.637851059	0.819753051	0.819753051	0.819753051
0.638095260	0.819892585	0.819892585	0.819892585
0.638339460	0.820032120	0.820032120	0.820032120
0.638583660	0.820171535	0.820171535	0.820171535
0.638827860	0.820311010	0.820311010	0.820311010
0.639072061	0.820450425	0.820450425	0.820450425
0.639316261	0.820589781	0.820589781	0.820589781
0.639560461	0.820729077	0.820729077	0.820729077
0.639804661	0.820868373	0.820868373	0.820868373
0.640048862	0.821007669	0.821007669	0.821007669
0.640293062	0.821146905	0.821146905	0.821146905
0.640537262	0.821286142	0.821286142	0.821286142
0.640781462	0.821425319	0.821425319	0.821425319
0.641025662	0.821564436	0.821564436	0.821564436
0.641269863	0.821703613	0.821703613	0.821703613
0.641514063	0.821842670	0.821842670	0.821842670
0.641758263	0.821981728	0.821981728	0.821981728
0.642002463	0.822120786	0.822120786	0.822120786
0.642246664	0.822259724	0.822259724	0.822259724
0.642490864	0.822398722	0.822398722	0.822398722
0.642735064	0.822537661	0.822537661	0.822537661
0.642979264	0.822676599	0.822676599	0.822676599
0.643223464	0.822815418	0.822815418	0.822815418
0.643467665	0.822954297	0.822954297	0.822954297
0.643711865	0.823093116	0.823093116	0.823093116
0.643956065	0.823231876	0.823231876	0.823231876
0.644200265	0.823370636	0.823370636	0.823370636
0.644444466	0.823509336	0.823509336	0.823509336
0.644688666	0.823648036	0.823648036	0.823648036
0.644932866	0.823786736	0.823786736	0.823786736
0.645177066	0.823925316	0.823925316	0.823925316
0.645421267	0.824063957	0.824063957	0.824063957
0.645665467	0.824202478	0.824202478	0.824202478
0.645909667	0.824341059	0.824341059	0.824341059
0.646153867	0.824479580	0.824479580	0.824479580
0.646398067	0.824618042	0.824618042	0.824618042
0.646642268	0.824756503	0.824756503	0.824756503
0.646886468	0.824894905	0.824894905	0.824894905
0.647130668	0.825033307	0.825033307	0.825033307
0.647374868	0.825171649	0.825171649	0.825171649
0.647619069	0.825309932	0.825309932	0.825309932
0.647863269	0.825448275	0.825448275	0.825448275
0.648107469	0.825586498	0.825586498	0.825586498
0.648351669	0.825724781	0.825724781	0.825724781
0.648595870	0.825862944	0.825862944	0.825862944
0.648840070	0.826001167	0.826001167	0.826001167
0.649084270	0.826139271	0.826139271	0.826139271
0.649328470	0.826277375	0.826277375	0.826277375
0.649572670	0.826415479	0.826415479	0.826415479
0.649816871	0.826553524	0.826553524	0.826553524
0.650061071	0.826691508	0.826691508	0.826691508
0.650305271	0.826829493	0.826829493	0.826829493
0.650549471	0.826967478	0.826967478	0.826967478
0.650793672	0.827105403	0.827105403	0.827105403
0.651037872	0.827243328	0.827243328	0.827243328
0.651282072	0.827381194	0.827381194	0.827381194
0.651526272	0.827519000	0.827519000	0.827519000
0.651770473	0.827656865	0.827656865	0.827656865
0.652014673	0.827794611	0.827794611	0.827794611
0.652258873	0.827932358	0.827932358	0.827932358
0.652503073	0.828070045	0.828070045	0.828070045
0.652747273	0.828207791	0.828207791	0.828207791
0.652991474	0.828345418	0.828345418	0.828345418
0.653235674	0.828483045	0.828483045	0.828483045
0.653479874	0.828620672	0.828620672	0.828620672
0.653724074	0.828758240	0.828758240	0.828758240
0.653968275	0.828895748	0.828895748	0.828895748
0.654212475	0.829033315	0.829033315	0.829033315
0.654456675	0.829170763	0.829170763	0.829170763
0.654700875	0.829308212	0.829308212	0.829308212
0.654945076	0.829445601	0.829445601	0.829445601
0.655189276	0.829582989	0.829582989	0.829582989
0.655433476	0.829720378	0.829720378	0.829720378
0.655677676	0.829857707	0.829857707	0.829857707
0.655921876	0.829995036	0.829995036	0.829995036
0.656166077	0.830132306	0.830132306	0.830132306
0.656410277	0.830269516	0.830269516	0.830269516
0.656654477	0.830406725	0.830406725	0.830406725
0.656898677	0.830543935	0.830543935	0.830543935
0.657142878	0.830681086	0.830681086	0.830681086
0.657387078	0.830818176	0.830818176	0.830818176
0.657631278	0.830955267	0.830955267	0.830955267
0.657875478	0.831092358	0.831092358	0.831092358
0.658119678	0.831229329	0.831229329	0.831229329
0.658363879	0.831366360	0.831366360	0.831366360
0.658608079	0.831503332	0.831503332	0.831503332
0.658852279	0.831640303	0.831640303	0.831640303
0.659096479	0.831777215	0.831777215	0.831777215
0.659340680	0.831914067	0.831914067	0.831914067
0.659584880	0.832050920	0.832050920	0.832050920
0.659829080	0.832187772	0.832187772	0.832187772
0.660073280	0.832324564	0.832324564	0.832324564
0.660317481	0.832461357	0.832461357	0.832461357
0.660561681	0.832598031	0.832598031	0.832598031
0.660805881	0.832734764	0.832734764	0.832734764
0.661050081	0.832871437	0.832871437	0.832871437
0.661294281	0.833008111	0.833008111	0.833008111
0.661538482	0.833144724	0.833144724	0.833144724
0.661782682	0.833281279	0.833281279	0.833281279
0.662026882	0.833417892	0.833417892	0.833417892
0.662271082	0.833554387	0.833554387	0.833554387
0.662515283	0.833690882	0.833690882	0.833690882
0.662759483	0.833827376	0.833827376	0.833827376
0.663003683	0.833963811	0.833963811	0.833963811
0.663247883	0.834100187	0.834100187	0.834100187
0.663492084	0.834236622	0.834236622	0.834236622
0.663736284	0.834372938	0.834372938	0.834372938
0.663980484	0.834509254	0.834509254	0.834509254
0.664224684	0.834645569	0.834645569	0.834645569
0.664468884	0.834781885	0.834781885	0.834781885
0.664713085	0.834918082	0.834918082	0.834918082
0.664957285	0.835054278	0.835054278	0.835054278
0.665201485	0.835190475	0.835190475	0.835190475
0.665445685	0.835326612	0.835326612	0.835326612
0.665689886	0.835462749	0.835462749	0.835462749
0.665934086	0.835598826	0.835598826	0.835598826
0.666178286	0.835734904	0.835734904	0.835734904
0.666422486	0.835870922	0.835870922	0.835870922
0.666666687	0.836006939	0.836006939	0.836006939
0.666910887	0.836142898	0.836142898	0.836142898
0.667155087	0.836278856	0.836278856	0.836278856
0.667399287	0.836414814	0.836414814	0.836414814
0.667643487	0.836550713	0.836550713	0.836550713
0.667887688	0.836686492	0.836686492	0.836686492
0.668131888	0.836822331	0.836822331	0.836822331
0.668376088	0.836958170	0.836958170	0.836958170
0.668620288	0.837093949	0.837093949	0.837093949
0.668864489	0.837229729	0.837229729	0.837229729
0.669108689	0.837365389	0.837365389	0.837365389
0.669352889	0.837501049	0.837501049	0.837501049
0.669597089	0.837636769	0.837636769	0.837636769
0.669841290	0.837772369	0.837772369	0.837772369
0.670085490	0.837907970	0.837907970	0.837907970
0.670329690	0.838043511	0.838043511	0.838043511
0.670573890	0.838179052	0.838179052	0.838179052
0.670818090	0.838314533	0.838314533	0.838314533
0.671062291	0.838450074	0.838450074	0.838450074
0.671306491	0.838585496	0.838585496	0.838585496
0.671550691	0.838720977	0.838720977	0.838720977
0.671794891	0.838856339	0.838856339	0.838856339
0.672039092	0.838991761	0.838991761	0.838991761
0.672283292	0.839127064	0.839127064	0.839127064
0.672527492	0.839262366	0.839262366	0.839262366
0.672771692	0.839397669	0.839397669	0.839397669
0.673015893	0.839532912	0.839532912	0.839532912
0.673260093	0.839668095	0.839668095	0.839668095
0.673504293	0.839803278	0.839803278	0.839803278
0.673748493	0.839938521	0.839938521	0.839938521
0.673992693	0.840073645	0.840073645	0.840073645
0.674236894	0.840208769	0.840208769	0.840208769
0.674481094	0.840343833	0.840343833	0.840343833
0.674725294	0.840478837	0.840478837	0.840478837
0.674969494	0.840613902	0.840613902	0.840613902
0.675213695	0.840748906	0.840748906	0.840748906
0.675457895	0.840883911	0.840883911	0.840883911
0.675702095	0.841018856	0.841018856	0.841018856
0.675946295	0.841153741	0.841153741	0.841153741
0.676190495	0.841288626	0.841288626	0.841288626
0.676434696	0.841423512	0.841423512	0.841423512
0.676678896	0.841558278	0.841558278	0.841558278
0.676923096	0.841693044	0.841693044	0.841693044
0.677167296	0.841827869	0.841827869	0.841827869
0.677411497	0.841962576	0.841962576	0.841962576
0.677655697	0.842097342	0.842097342	0.842097342
0.677899897	0.842232049	0.842232049	0.842232049
0.678144097	0.842366695	0.842366695	0.842366695
0.678388298	0.842501283	0.842501283	0.842501283
0.678632498	0.842635870	0.842635870	0.842635870
0.678876698	0.842770457	0.842770457	0.842770457
0.679120898	0.842904985	0.842904985	0.842904985
0.679365098	0.843039513	0.843039513	0.843039513
0.679609299	0.843174040	0.843174040	0.843174040
0.679853499	0.843308449	0.843308449	0.843308449
0.680097699	0.843442917	0.843442917	0.843442917
0.680341899	0.843577266	0.843577266	0.843577266
0.680586100	0.843711674	0.843711674	0.843711674
0.680830300	0.843846023	0.843846023	0.843846023
0.681074500	0.843980372	0.843980372	0.843980372
0.681318700	0.844114602	0.844114602	0.844114602
0.681562901	0.844248891	0.844248891	0.844248891
0.681807101	0.844383121	0.844383121	0.844383121
0.682051301	0.844517350	0.844517350	0.844517350
0.682295501	0.844651520	0.844651520	0.844651520
0.682539701	0.844785631	0.844785631	0.844785631
0.682783902	0.844919801	0.844919801	0.844919801
0.683028102	0.845053911	0.845053911	0.845053911
0.683272302	0.845187962	0.845187962	0.845187962
0.683516502	0.845321953	0.845321953	0.845321953
0.683760703	0.845456004	0.845456004	0.845456004
0.684004903	0.845589995	0.845589995	0.845589995
0.684249103	0.845723927	0.845723927	0.845723927
0.684493303	0.845857859	0.845857859	0.845857859
0.684737504	0.845991731	0.845991731	0.845991731
0.684981704	0.846125603	0.846125603	0.846125603
0.685225904	0.846259475	0.846259475	0.846259475
0.685470104	0.846393287	0.846393287	0.846393287
0.685714304	0.846527040	0.846527040	0.846527040
0.685958505	0.846660793	0.846660793	0.846660793
0.686202705	0.846794546	0.846794546	0.846794546
0.686446905	0.846928239	0.846928239	0.846928239
0.686691105	0.847061932	0.847061932	0.847061932
0.686935306	0.847195566	0.847195566	0.847195566
0.687179506	0.847329199	0.847329199	0.847329199
0.687423706	0.847462833	0.847462833	0.847462833
0.687667906	0.847596407	0.847596407	0.847596407
0.687912107	0.847729862	0.847729862	0.847729862
0.688156307	0.847863436	0.847863436	0.847863436
0.688400507	0.847996891	0.847996891	0.847996891
0.688644707	0.848130405	0.848130405	0.848130405
0.688888907	0.848263741	0.848263741	0.848263741
0.689133108	0.848397195	0.848397195	0.848397195
0.689377308	0.848530591	0.848530591	0.848530591
0.689621508	0.848663867	0.848663867	0.848663867
0.689865708	0.848797202	0.848797202	0.848797202
0.690109909	0.848930538	0.848930538	0.848930538
0.690354109	0.849063754	0.849063754	0.849063754
0.690598309	0.849197030	0.849197030	0.849197030
0.690842509	0.849330187	0.849330187	0.849330187
0.691086709	0.849463403	0.849463403	0.849463403
0.691330910	0.849596560	0.849596560	0.849596560
0.691575110	0.849729717	0.849729717	0.849729717
0.691819310	0.849862754	0.849862754	0.849862754
0.692063510	0.849995852	0.849995852	0.849995852
0.692307711	0.850128889	0.850128889	0.850128889
0.692551911	0.850261927	0.850261927	0.850261927
0.692796111	0.850394845	0.850394845	0.850394845
0.693040311	0.850527883	0.850527883	0.850527883
0.693284512	0.850660801	0.850660801	0.850660801
0.693528712	0.850793660	0.850793660	0.850793660
0.693772912	0.850926518	0.850926518	0.850926518
0.694017112	0.851059437	0.851059437	0.851059437
0.694261312	0.851192236	0.851192236	0.851192236
0.694505513	0.851325035	0.851325035	0.851325035
0.694749713	0.851457834	0.851457834	0.851457834
0.694993913	0.851590514	0.851590514	0.851590514
0.695238113	0.851723254	0.851723254	0.851723254
0.695482314	0.851855934	0.851855934	0.851855934
0.695726514	0.851988614	0.851988614	0.851988614
0.695970714	0.852121234	0.852121234	0.852121234
0.696214914	0.852253854	0.852253854	0.852253854
0.696459115	0.852386415	0.852386415	0.852386415
0.696703315	0.852518976	0.852518976	0.852518976
0.696947515	0.852651477	0.852651477	0.852651477
0.697191715	0.852784038	0.852784038	0.852784038
0.697435915	0.852916479	0.852916479	0.852916479
0.697680116	0.853048921	0.853048921	0.853048921
0.697924316	0.853181303	0.853181303	0.853181303
0.698168516	0.853313684	0.853313684	0.853313684
0.698412716	0.853446066	0.853446066	0.853446066
0.698656917	0.853578448	0.853578448	0.853578448
0.698901117	0.853710711	0.853710711	0.853710711
0.699145317	0.853843033	0.853843033	0.853843033
0.699389517	0.853975296	0.853975296	0.853975296
0.699633718	0.854107559	0.854107559	0.854107559
0.699877918	0.854239702	0.854239702	0.854239702
0.700122118	0.854371905	0.854371905	0.854371905
0.700366318	0.854503989	0.854503989	0.854503989
0.700610518	0.854636133	0.854636133	0.854636133
0.700854719	0.854768217	0.854768217	0.854768217
0.701098919	0.854900301	0.854900301	0.854900301
0.701343119	0.855032325	0.855032325	0.855032325
0.701587319	0.855164349	0.855164349	0.855164349
0.701831520	0.855296314	0.855296314	0.855296314
0.702075720	0.855428338	0.855428338	0.855428338
0.702319920	0.855560243	0.855560243	0.855560243
0.702564120	0.855692089	0.855692089	0.855692089
0.702808321	0.855824053	0.855824053	0.855824053
0.703052521	0.855955839	0.855955839	0.855955839
0.703296721	0.856087685	0.856087685	0.856087685
0.703540921	0.856219530	0.856219530	0.856219530
0.703785121	0.856351256	0.856351256	0.856351256
0.704029322	0.856482983	0.856482983	0.856482983
0.704273522	0.856614709	0.856614709	0.856614709
0.704517722	0.856746435	0.856746435	0.856746435
0.704761922	0.856878102	0.856878102	0.856878102
0.705006123	0.857009709	0.857009709	0.857009709
0.705250323	0.857141316	0.857141316	0.857141316
0.705494523	0.857272923	0.857272923	0.857272923
0.705738723	0.857404470	0.857404470	0.857404470
0.705982924	0.857536018	0.857536018	0.857536018
0.706227124	0.857667506	0.857667506	0.857667506
0.706471324	0.857798994	0.857798994	0.857798994
0.706715524	0.857930422	0.857930422	0.857930422
0.706959724	0.858061850	0.858061850	0.858061850
0.707203925	0.858193278	0.858193278	0.858193278
0.707448125	0.858324647	0.858324647	0.858324647
0.707692325	0.858456016	0.858456016	0.858456016
0.707936525	0.858587325	0.858587325	0.858587325
0.708180726	0.858718634	0.858718634	0.858718634
0.708424926	0.858849883	0.858849883	0.858849883
0.708669126	0.858981133	0.858981133	0.858981133
0.708913326	0.859112382	0.859112382	0.859112382
0.709157526	0.859243572	0.859243572	0.859243572
0.709401727	0.859374702	0.859374702	0.859374702
0.709645927	0.859505832	0.859505832	0.859505832
0.709890127	0.859636962	0.859636962	0.859636962
0.710134327	0.859768033	0.859768033	0.859768033
0.710378528	0.859899104	0.859899104	0.859899104
0.710622728	0.860030115	0.860030115	0.860030115
0.710866928	0.860161126	0.860161126	0.860161126
0.711111128	0.860292137	0.860292137	0.860292137
0.711355329	0.860423028	0.860423028	0.860423028
0.711599529	0.860553980	0.860553980	0.860553980
0.711843729	0.860684872	0.860684872	0.860684872
0.712087929	0.860815763	0.860815763	0.860815763
0.712332129	0.860946596	0.860946596	0.860946596
0.712576330	0.861077428	0.861077428	0.861077428
0.712820530	0.861208200	0.861208200	0.861208200
0.713064730	0.861338973	0.861338973	0.861338973
0.713308930	0.861469746	0.861469746	0.861469746
0.713553131	0.861600459	0.861600459	0.861600459
0.713797331	0.861731112	0.861731112	0.861731112
0.714041531	0.861861825	0.861861825	0.861861825
0.714285731	0.861992419	0.861992419	0.861992419
0.714529932	0.862123072	0.862123072	0.862123072
0.714774132	0.862253606	0.862253606	0.862253606
0.715018332	0.862384200	0.862384200	0.862384200
0.715262532	0.862514734	0.862514734	0.862514734
0.715506732	0.862645268	0.862645268	0.862645268
0.715750933	0.862775743	0.862775743	0.862775743
0.715995133	0.862906158	0.862906158	0.862906158
0.716239333	0.863036633	0.863036633	0.863036633
0.716483533	0.863166988	0.863166988	0.863166988
0.716727734	0.863297403	0.863297403	0.863297403
0.716971934	0.863427758	0.863427758	0.863427758
0.717216134	0.863558054	0.863558054	0.863558054
0.717460334	0.863688350	0.863688350	0.863688350
0.717704535	0.863818645	0.863818645	0.863818645
0.717948735	0.863948882	0.863948882	0.863948882
0.718192935	0.864079118	0.864079118	0.864079118
0.718437135	0.864209354	0.864209354	0.864209354
0.718681335	0.864339530	0.864339530	0.864339530
0.718925536	0.864469647	0.864469647	0.864469647
0.719169736	0.864599824	0.864599824	0.864599824
0.719413936	0.864729822	0.864729822	0.864729822
0.719658136	0.864859939	0.864859939	0.864859939
0.719902337	0.864989996	0.864989996	0.864989996
0.720146537	0.865120053	0.865120053	0.865120053
0.720390737	0.865249991	0.865249991	0.865249991
0.720634937	0.865379989	0.865379989	0.865379989
0.720879138	0.865509927	0.865509927	0.865509927
0.721123338	0.865639806	0.865639806	0.865639806
0.721367538	0.865769684	0.865769684	0.865769684
0.721611738	0.865899563	0.865899563	0.865899563
0.721855938	0.866029382	0.866029382	0.866029382
0.722100139	0.866159201	0.866159201	0.866159201
0.722344339	0.866289020	0.866289020	0.866289020
0.722588539	0.866418719	0.866418719	0.866418719
0.722832739	0.866548479	0.866548479	0.866548479
0.723076940	0.866678178	0.866678178	0.866678178
0.723321140	0.866807878	0.866807878	0.866807878
0.723565340	0.866937518	0.866937518	0.866937518
0.723809540	0.867067218	0.867067218	0.867067218
0.724053741	0.867196798	0.867196798	0.867196798
0.724297941	0.867326379	0.867326379	0.867326379
0.724542141	0.867455959	0.867455959	0.867455959
0.724786341	0.867585480	0.867585480	0.867585480
0.725030541	0.867714942	0.867714942	0.867714942
0.725274742	0.867844403	0.867844403	0.867844403
0.725518942	0.867973924	0.867973924	0.867973924
0.725763142	0.868103325	0.868103325	0.868103325
0.726007342	0.868232727	0.868232727	0.868232727
0.726251543	0.868362069	0.868362069	0.868362069
0.726495743	0.868491411	0.868491411	0.868491411
0.726739943	0.868620753	0.868620753	0.868620753
0.726984143	0.868750095	0.868750095	0.868750095
0.727228343	0.868879378	0.868879378	0.868879378
0.727472544	0.869008660	0.869008660	0.869008660
0.727716744	0.869137883	0.869137883	0.869137883
0.727960944	0.869267046	0.869267046	0.869267046
0.728205144	0.869396269	0.869396269	0.869396269
0.728449345	0.869525373	0.869525373	0.869525373
0.728693545	0.869654536	0.869654536	0.869654536
0.728937745	0.869783580	0.869783580	0.869783580
0.729181945	0.869912624	0.869912624	0.869912624
0.729426146	0.870041728	0.870041728	0.870041728
0.729670346	0.870170772	0.870170772	0.870170772
0.729914546	0.870299757	0.870299757	0.870299757
0.730158746	0.870428741	0.870428741	0.870428741
0.730402946	0.870557725	0.870557725	0.870557725
0.730647147	0.870686591	0.870686591	0.870686591
0.730891347	0.870815516	0.870815516	0.870815516
0.731135547	0.870944381	0.870944381	0.870944381
0.731379747	0.871073186	0.871073186	0.871073186
0.731623948	0.871202052	0.871202052	0.871202052
0.731868148	0.871330857	0.871330857	0.871330857
0.732112348	0.871459603	0.871459603	0.871459603
0.732356548	0.871588349	0.871588349	0.871588349
0.732600749	0.871717095	0.871717095	0.871717095
0.732844949	0.871845782	0.871845782	0.871845782
0.733089149	0.871974468	0.871974468	0.871974468
0.733333349	0.872103095	0.872103095	0.872103095
0.733577549	0.872231722	0.872231722	0.872231722
0.733821750	0.872360289	0.872360289	0.872360289
0.734065950	0.872488916	0.872488916	0.872488916
0.734310150	0.872617424	0.872617424	0.872617424
0.734554350	0.872745931	0.872745931	0.872745931
0.734798551	0.872874498	0.872874498	0.872874498
0.735042751	0.873002946	0.873002946	0.873002946
0.735286951	0.873131394	0.873131394	0.873131394
0.735531151	0.873259842	0.873259842	0.873259842
0.735775352	0.873388171	0.873388171	0.873388171
0.736019552	0.873516619	0.873516619	0.873516619
0.736263752	0.873644948	0.873644948	0.873644948
0.736507952	0.873773277	0.873773277	0.873773277
0.736752152	0.873901546	0.873901546	0.873901546
0.736996353	0.874029815	0.874029815	0.874029815
0.737240553	0.874158084	0.874158084	0.874158084
0.737484753	0.874286354	0.874286354	0.874286354
0.737728953	0.874414504	0.874414504	0.874414504
0.737973154	0.874542713	0.874542713	0.874542713
0.738217354	0.874670804	0.874670804	0.874670804
0.738461554	0.874798954	0.874798954	0.874798954
0.738705754	0.874927044	0.874927044	0.874927044
0.738949955	0.875055134	0.875055134	0.875055134
0.739194155	0.875183165	0.875183165	0.875183165
0.739438355	0.875311196	0.875311196	0.875311196
0.739682555	0.875439227	0.875439227	0.875439227
0.739926755	0.875567198	0.875567198	0.875567198
0.740170956	0.875695169	0.875695169	0.875695169
0.740415156	0.875823081	0.875823081	0.875823081
0.740659356	0.875950992	0.875950992	0.875950992
0.740903556	0.876078904	0.876078904	0.876078904
0.741147757	0.876206696	0.876206696	0.876206696
0.741391957	0.876334548	0.876334548	0.876334548
0.741636157	0.876462340	0.876462340	0.876462340
0.741880357	0.876590133	0.876590133	0.876590133
0.742124557	0.876717865	0.876717865	0.876717865
0.742368758	0.876845598	0.876845598	0.876845598
0.742612958	0.876973331	0.876973331	0.876973331
0.742857158	0.877101064	0.877101064	0.877101064
0.743101358	0.877228677	0.877228677	0.877228677
0.743345559	0.877356291	0.877356291	0.877356291
0.743589759	0.877483964	0.877483964	0.877483964
0.743833959	0.877611518	0.877611518	0.877611518
0.744078159	0.877739072	0.877739072	0.877739072
0.744322360	0.877866566	0.877866566	0.877866566
0.744566560	0.877994120	0.877994120	0.877994120
0.744810760	0.878121614	0.878121614	0.878121614
0.745054960	0.878249109	0.878249109	0.878249109
0.745299160	0.878376484	0.878376484	0.878376484
0.745543361	0.878503919	0.878503919	0.878503919
0.745787561	0.878631294	0.878631294	0.878631294
0.746031761	0.878758669	0.878758669	0.878758669
0.746275961	0.878886044	0.878886044	0.878886044
0.746520162	0.879013300	0.879013300	0.879013300
0.746764362	0.879140675	0.879140675	0.879140675
0.747008562	0.879267931	0.879267931	0.879267931
0.747252762	0.879395127	0.879395127	0.879395127
0.747496963	0.879522324	0.879522324	0.879522324
0.747741163	0.879649580	0.879649580	0.879649580
0.747985363	0.879776716	0.879776716	0.879776716
0.748229563	0.879903853	0.879903853	0.879903853
0.748473763	0.880030990	0.880030990	0.880030990
0.748717964	0.880158067	0.880158067	0.880158067
0.748962164	0.880285203	0.880285203	0.880285203
0.749206364	0.880412221	0.880412221	0.880412221
0.749450564	0.880539238	0.880539238	0.880539238
0.749694765	0.880666256	0.880666256	0.880666256
0.749938965	0.880793214	0.880793214	0.880793214
0.750183165	0.880920172	0.880920172	0.880920172
0.750427365	0.881047130	0.881047130	0.881047130
0.750671566	0.881174028	0.881174028	0.881174028
0.750915766	0.881300926	0.881300926	0.881300926
0.751159966	0.881427765	0.881427765	0.881427765
0.751404166	0.881554604	0.881554604	0.881554604
0.751648366	0.881681442	0.881681442	0.881681442
0.751892567	0.881808221	0.881808221	0.881808221
0.752136767	0.881935000	0.881935000	0.881935000
0.752380967	0.882061660	0.882061660	0.882061660
0.752625167	0.882188380	0.882188380	0.882188380
0.752869368	0.882315099	0.882315099	0.882315099
0.753113568	0.882441759	0.882441759	0.882441759
0.753357768	0.882568419	0.882568419	0.882568419
0.753601968	0.882695019	0.882695019	0.882695019
0.753846169	0.882821620	0.882821620	0.882821620
0.754090369	0.882948220	0.882948220	0.882948220
0.754334569	0.883074701	0.883074701	0.883074701
0.754578769	0.883201241	0.883201241	0.883201241
0.754822969	0.883327782	0.883327782	0.883327782
0.755067170	0.883454204	0.883454204	0.883454204
0.755311370	0.883580685	0.883580685	0.883580685
0.755555570	0.883707166	0.883707166	0.883707166
0.755799770	0.883833528	0.883833528	0.883833528
0.756043971	0.883959889	0.883959889	0.883959889
0.756288171	0.884086251	0.884086251	0.884086251
0.756532371	0.884212613	0.884212613	0.884212613
0.756776571	0.884338856	0.884338856	0.884338856
0.757020772	0.884465218	0.884465218	0.884465218
0.757264972	0.884591460	0.884591460	0.884591460
0.757509172	0.884717643	0.884717643	0.884717643
0.757753372	0.884843886	0.884843886	0.884843886
0.757997572	0.884970069	0.884970069	0.884970069
0.758241773	0.885096252	0.885096252	0.885096252
0.758485973	0.885222375	0.885222375	0.885222375
0.758730173	0.885348499	0.885348499	0.885348499
0.758974373	0.885474563	0.885474563	0.885474563
0.759218574	0.885600686	0.885600686	0.885600686
0.759462774	0.885726690	0.885726690	0.885726690
0.759706974	0.885852695	0.885852695	0.885852695
0.759951174	0.885978699	0.885978699	0.885978699
0.760195374	0.886104703	0.886104703	0.886104703
0.760439575	0.886230648	0.886230648	0.886230648
0.760683775	0.886356592	0.886356592	0.886356592
0.760927975	0.886482477	0.886482477	0.886482477
0.761172175	0.886608362	0.886608362	0.886608362
0.761416376	0.886734247	0.886734247	0.886734247
0.761660576	0.886860073	0.886860073	0.886860073
0.761904776	0.886985838	0.886985838	0.886985838
0.762148976	0.887111664	0.887111664	0.887111664
0.762393177	0.887237430	0.887237430	0.887237430
0.762637377	0.887363136	0.887363136	0.887363136
0.762881577	0.887488902	0.887488902	0.887488902
0.763125777	0.887614548	0.887614548	0.887614548
0.763369977	0.887740254	0.887740254	0.887740254
0.763614178	0.887865901	0.887865901	0.887865901
0.763858378	0.887991548	0.887991548	0.887991548
0.764102578	0.888117135	0.888117135	0.888117135
0.764346778	0.888242722	0.888242722	0.888242722
0.764590979	0.888368249	0.888368249	0.888368249
0.764835179	0.888493776	0.888493776	0.888493776
0.765079379	0.888619304	0.888619304	0.888619304
0.765323579	0.888744771	0.888744771	0.888744771
0.765567780	0.888870180	0.888870180	0.888870180
0.765811980	0.888995647	0.888995647	0.888995647
0.766056180	0.889121115	0.889121115	0.889121115
0.766300380	0.889246523	0.889246523	0.889246523
0.766544580	0.889371812	0.889371812	0.889371812
0.766788781	0.889497221	0.889497221	0.889497221
0.767032981	0.889622450	0.889622450	0.889622450
0.767277181	0.889747798	0.889747798	0.889747798
0.767521381	0.889873087	0.889873087	0.889873087
0.767765582	0.889998317	0.889998317	0.889998317
0.768009782	0.890123546	0.890123546	0.890123546
0.768253982	0.890248716	0.890248716	0.890248716
0.768498182	0.890373945	0.890373945	0.890373945
0.768742383	0.890499055	0.890499055	0.890499055
0.768986583	0.890624225	0.890624225	0.890624225
0.769230783	0.890749335	0.890749335	0.890749335
0.769474983	0.890874386	0.890874386	0.890874386
0.769719183	0.890999496	0.890999496	0.890999496
0.769963384	0.891124487	0.891124487	0.891124487
0.770207584	0.891249537	0.891249537	0.891249537
0.770451784	0.891374528	0.891374528	0.891374528
0.770695984	0.891499519	0.891499519	0.891499519
0.770940185	0.891624451	0.891624451	0.891624451
0.771184385	0.891749382	0.891749382	0.891749382
0.771428585	0.891874313	0.891874313	0.891874313
0.771672785	0.891999185	0.891999185	0.891999185
0.771916986	0.892123997	0.892123997	0.892123997
0.772161186	0.892248809	0.892248809	0.892248809
0.772405386	0.892373681	0.892373681	0.892373681
0.772649586	0.892498493	0.892498493	0.892498493
0.772893786	0.892623246	0.892623246	0.892623246
0.773137987	0.892747939	0.892747939	0.892747939
0.773382187	0.892872691	0.892872691	0.892872691
0.773626387	0.892997384	0.892997384	0.892997384
0.773870587	0.893122017	0.893122017	0.893122017
0.774114788	0.893246651	0.893246651	0.893246651
0.774358988	0.893371284	0.893371284	0.893371284
0.774603188	0.893495917	0.893495917	0.893495917
0.774847388	0.893620491	0.893620491	0.893620491
0.775091588	0.893745065	0.893745065	0.893745065
0.775335789	0.893869579	0.893869579	0.893869579
0.775579989	0.893994093	0.893994093	0.893994093
0.775824189	0.894118607	0.894118607	0.894118607
0.776068389	0.894243062	0.894243062	0.894243062
0.776312590	0.894367516	0.894367516	0.894367516
0.776556790	0.894491911	0.894491911	0.894491911
0.776800990	0.894616306	0.894616306	0.894616306
0.777045190	0.894740701	0.894740701	0.894740701
0.777289391	0.894865096	0.894865096	0.894865096
0.777533591	0.894989371	0.894989371	0.894989371
0.777777791	0.895113707	0.895113707	0.895113707
0.778021991	0.895237982	0.895237982	0.895237982
0.778266191	0.895362258	0.895362258	0.895362258
0.778510392	0.895486474	0.895486474	0.895486474
0.778754592	0.895610690	0.895610690	0.895610690
0.778998792	0.895734906	0.895734906	0.895734906
0.779242992	0.895859063	0.895859063	0.895859063
0.779487193	0.895983219	0.895983219	0.895983219
0.779731393	0.896107316	0.896107316	0.896107316
0.779975593	0.896231413	0.896231413	0.896231413
0.780219793	0.896355510	0.896355510	0.896355510
0.780463994	0.896479547	0.896479547	0.896479547
0.780708194	0.896603584	0.896603584	0.896603584
0.780952394	0.896727622	0.896727622	0.896727622
0.781196594	0.896851599	0.896851599	0.896851599
0.781440794	0.896975577	0.896975577	0.896975577
0.781684995	0.897099495	0.897099495	0.897099495
0.781929195	0.897223413	0.897223413	0.897223413
0.782173395	0.897347331	0.897347331	0.897347331
0.782417595	0.897471189	0.897471189	0.897471189
0.782661796	0.897595108	0.897595108	0.897595108
0.782905996	0.897718906	0.897718906	0.897718906
0.783150196	0.897842705	0.897842705	0.897842705
0.783394396	0.897966444	0.897966444	0.897966444
0.783638597	0.898090243	0.898090243	0.898090243
0.783882797	0.898213983	0.898213983	0.898213983
0.784126997	0.898337722	0.898337722	0.898337722
0.784371197	0.898461401	0.898461401	0.898461401
0.784615397	0.898585081	0.898585081	0.898585081
0.784859598	0.898708761	0.898708761	0.898708761
0.785103798	0.898832381	0.898832381	0.898832381
0.785347998	0.898956001	0.898956001	0.898956001
0.785592198	0.899079561	0.899079561	0.899079561
0.785836399	0.899203122	0.899203122	0.899203122
0.786080599	0.899326622	0.899326622	0.899326622
0.786324799	0.899450183	0.899450183	0.899450183
0.786568999	0.899573684	0.899573684	0.899573684
0.786813200	0.899697125	0.899697125	0.899697125
0.787057400	0.899820566	0.899820566	0.899820566
0.787301600	0.899944007	0.899944007	0.899944007
0.787545800	0.900067389	0.900067389	0.900067389
0.787790000	0.900190830	0.900190830	0.900190830
0.788034201	0.900314152	0.900314152	0.900314152
0.788278401	0.900437534	0.900437534	0.900437534
0.788522601	0.900560796	0.900560796	0.900560796
0.788766801	0.900684059	0.900684059	0.900684059
0.789011002	0.900807381	0.900807381	0.900807381
0.789255202	0.900930643	0.900930643	0.900930643
0.789499402	0.901053846	0.901053846	0.901053846
0.789743602	0.901177049	0.901177049	0.901177049
0.789987803	0.901300251	0.901300251	0.901300251
0.790232003	0.901423395	0.901423395	0.901423395
0.790476203	0.901546538	0.901546538	0.901546538
0.790720403	0.901669621	0.901669621	0.901669621
0.790964603	0.901792765	0.901792765	0.901792765
0.791208804	0.901915848	0.901915848	0.901915848
0.791453004	0.902038872	0.902038872	0.902038872
0.791697204	0.902161896	0.902161896	0.902161896
0.791941404	0.902284861	0.902284861	0.902284861
0.792185605	0.902407885	0.902407885	0.902407885
0.792429805	0.902530849	0.902530849	0.902530849
0.792674005	0.902653754	0.902653754	0.902653754
0.792918205	0.902776718	0.902776718	0.902776718
0.793162405	0.902899563	0.902899563	0.902899563
0.793406606	0.903022468	0.903022468	0.903022468
0.793650806	0.903145313	0.903145313	0.903145313
0.793895006	0.903268099	0.903268099	0.903268099
0.794139206	0.903390944	0.903390944	0.903390944
0.794383407	0.903513730	0.903513730	0.903513730
0.794627607	0.903636515	0.903636515	0.903636515
0.794871807	0.903759241	0.903759241	0.903759241
0.795116007	0.903881907	0.903881907	0.903881907
0.795360208	0.904004693	0.904004693	0.904004693
0.795604408	0.904127300	0.904127300	0.904127300
0.795848608	0.904249966	0.904249966	0.904249966
0.796092808	0.904372573	0.904372573	0.904372573
0.796337008	0.904495239	0.904495239	0.904495239
0.796581209	0.904617786	0.904617786	0.904617786
0.796825409	0.904740334	0.904740334	0.904740334
0.797069609	0.904862881	0.904862881	0.904862881
0.797313809	0.904985368	0.904985368	0.904985368
0.797558010	0.905107975	0.905107975	0.905107975
0.797802210	0.905230403	0.905230403	0.905230403
0.798046410	0.905352890	0.905352890	0.905352890
0.798290610	0.905475318	0.905475318	0.905475318
0.798534811	0.905597687	0.905597687	0.905597687
0.798779011	0.905720115	0.905720115	0.905720115
0.799023211	0.905842423	0.905842423	0.905842423
0.799267411	0.905964792	0.905964792	0.905964792
0.799511611	0.906087101	0.906087101	0.906087101
0.799755812	0.906209409	0.906209409	0.906209409
0.800000012	0.906331718	0.906331718	0.906331718
0.800244212	0.906453967	0.906453967	0.906453967
0.800488412	0.906576216	0.906576216	0.906576216
0.800732613	0.906698465	0.906698465	0.906698465
0.800976813	0.906820655	0.906820655	0.906820655
0.801221013	0.906942785	0.906942785	0.906942785
0.801465213	0.907064915	0.907064915	0.907064915
0.801709414	0.907187045	0.907187045	0.907187045
0.801953614	0.907309175	0.907309175	0.907309175
0.802197814	0.907431245	0.907431245	0.907431245
0.802442014	0.907553315	0.907553315	0.907553315
0.802686214	0.907675326	0.907675326	0.907675326
0.802930415	0.907797396	0.907797396	0.907797396
0.803174615	0.907919407	0.907919407	0.907919407
0.803418815	0.908041358	0.908041358	0.908041358
0.803663015	0.908163309	0.908163309	0.908163309
0.803907216	0.908285260	0.908285260	0.908285260
0.804151416	0.908407152	0.908407152	0.908407152
0.804395616	0.908529043	0.908529043	0.908529043
0.804639816	0.908650875	0.908650875	0.908650875
0.804884017	0.908772767	0.908772767	0.908772767
0.805128217	0.908894598	0.908894598	0.908894598
0.805372417	0.909016371	0.909016371	0.909016371
0.805616617	0.909138203	0.909138203	0.909138203
0.805860817	0.909259915	0.909259915	0.909259915
0.806105018	0.909381688	0.909381688	0.909381688
0.806349218	0.909503400	0.909503400	0.909503400
0.806593418	0.909625053	0.909625053	0.909625053
0.806837618	0.909746766	0.909746766	0.909746766
0.807081819	0.909868419	0.909868419	0.909868419
0.807326019	0.909990072	0.909990072	0.909990072
0.807570219	0.910111666	0.910111666	0.910111666
0.807814419	0.910233200	0.910233200	0.910233200
0.808058619	0.910354853	0.910354853	0.910354853
0.808302820	0.910476327	0.910476327	0.910476327
0.808547020	0.910597861	0.910597861	0.910597861
0.808791220	0.910719395	0.910719395	0.910719395
0.809035420	0.910840869	0.910840869	0.910840869
0.809279621	0.910962343	0.910962343	0.910962343
0.809523821	0.911083758	0.911083758	0.911083758
0.809768021	0.911205173	0.911205173	0.911205173
0.810012221	0.911326587	0.911326587	0.911326587
0.810256422	0.911447942	0.911447942	0.911447942
0.810500622	0.911569297	0.911569297	0.911569297
0.810744822	0.911690652	0.911690652	0.911690652
0.810989022	0.911811948	0.911811948	0.911811948
0.811233222	0.911933243	0.911933243	0.911933243
0.811477423	0.912054479	0.912054479	0.912054479
0.811721623	0.912175715	0.912175715	0.912175715
0.811965823	0.912296951	0.912296951	0.912296951
0.812210023	0.912418187	0.912418187	0.912418187
0.812454224	0.912539363	0.912539363	0.912539363
0.812698424	0.912660480	0.912660480	0.912660480
0.812942624	0.912781656	0.912781656	0.912781656
0.813186824	0.912902772	0.912902772	0.912902772
0.813431025	0.913023889	0.913023889	0.913023889
0.813675225	0.913144946	0.913144946	0.913144946
0.813919425	0.913266003	0.913266003	0.913266003
0.814163625	0.913387060	0.913387060	0.913387060
0.814407825	0.913508117	0.913508117	0.913508117
0.814652026	0.913629115	0.913629115	0.913629115
0.814896226	0.913749993	0.913749993	0.913749993
0.815140426	0.913870990	0.913870990	0.913870990
0.815384626	0.913991928	0.913991928	0.913991928
0.815628827	0.914112866	0.914112866	0.914112866
0.815873027	0.914233685	0.914233685	0.914233685
0.816117227	0.914354563	0.914354563	0.914354563
0.816361427	0.914475441	0.914475441	0.914475441
0.816605628	0.914596200	0.914596200	0.914596200
0.816849828	0.914717019	0.914717019	0.914717019
0.817094028	0.914837837	0.914837837	0.914837837
0.817338228	0.914958537	0.914958537	0.914958537
0.817582428	0.915079296	0.915079296	0.915079296
0.817826629	0.915200055	0.915200055	0.915200055
0.818070829	0.915320754	0.915320754	0.915320754
0.818315029	0.915441453	0.915441453	0.915441453
0.818559229	0.915562034	0.915562034	0.915562034
0.818803430	0.915682733	0.915682733	0.915682733
0.819047630	0.915803313	0.915803313	0.915803313
0.819291830	0.915923953	0.915923953	0.915923953
0.819536030	0.916044474	0.916044474	0.916044474
0.819780231	0.916165054	0.916165054	0.916165054
0.820024431	0.916285574	0.916285574	0.916285574
0.820268631	0.916406035	0.916406035	0.916406035
0.820512831	0.916526556	0.916526556	0.916526556
0.820757031	0.916647017	0.916647017	0.916647017
0.821001232	0.916767418	0.916767418	0.916767418
0.821245432	0.916887879	0.916887879	0.916887879
0.821489632	0.917008281	0.917008281	0.917008281
0.821733832	0.917128682	0.917128682	0.917128682
0.821978033	0.917249084	0.917249084	0.917249084
0.822222233	0.917369366	0.917369366	0.917369366
0.822466433	0.917489707	0.917489707	0.917489707
0.822710633	0.917609990	0.917609990	0.917609990
0.822954834	0.917730331	0.917730331	0.917730331
0.823199034	0.917850554	0.917850554	0.917850554
0.823443234	0.917970777	0.917970777	0.917970777
0.823687434	0.918090999	0.918090999	0.918090999
0.823931634	0.918211162	0.918211162	0.918211162
0.824175835	0.918331325	0.918331325	0.918331325
0.824420035	0.918451488	0.918451488	0.918451488
0.824664235	0.918571591	0.918571591	0.918571591
0.824908435	0.918691814	0.918691814	0.918691814
0.825152636	0.918811858	0.918811858	0.918811858
0.825396836	0.918931961	0.918931961	0.918931961
0.825641036	0.919052005	0.919052005	0.919052005
0.825885236	0.919172049	0.919172049	0.919172049
0.826129436	0.919292033	0.919292033	0.919292033
0.826373637	0.919411957	0.919411957	0.919411957
0.826617837	0.919531941	0.919531941	0.919531941
0.826862037	0.919651926	0.919651926	0.919651926
0.827106237	0.919771850	0.919771850	0.919771850
0.827350438	0.919891715	0.919891715	0.919891715
0.827594638	0.920011640	0.920011640	0.920011640
0.827838838	0.920131505	0.920131505	0.920131505
0.828083038	0.920251369	0.920251369	0.920251369
0.828327239	0.920371115	0.920371115	0.920371115
0.828571439	0.920490980	0.920490980	0.920490980
0.828815639	0.920610726	0.920610726	0.920610726
0.829059839	0.920730531	0.920730531	0.920730531
0.829304039	0.920850217	0.920850217	0.920850217
0.829548240	0.920969963	0.920969963	0.920969963
0.829792440	0.921089649	0.921089649	0.921089649
0.830036640	0.921209395	0.921209395	0.921209395
0.830280840	0.921329021	0.921329021	0.921329021
0.830525041	0.921448648	0.921448648	0.921448648
0.830769241	0.921568215	0.921568215	0.921568215
0.831013441	0.921687841	0.921687841	0.921687841
0.831257641	0.921807468	0.921807468	0.921807468
0.831501842	0.921926975	0.921926975	0.921926975
0.831746042	0.922046542	0.922046542	0.922046542
0.831990242	0.922166049	0.922166049	0.922166049
0.832234442	0.922285557	0.922285557	0.922285557
0.832478642	0.922405005	0.922405005	0.922405005
0.832722843	0.922524452	0.922524452	0.922524452
0.832967043	0.922643900	0.922643900	0.922643900
0.833211243	0.922763348	0.922763348	0.922763348
0.833455443	0.922882676	0.922882676	0.922882676
0.833699644	0.923002124	0.923002124	0.923002124
0.833943844	0.923121452	0.923121452	0.923121452
0.834188044	0.923240721	0.923240721	0.923240721
0.834432244	0.923360109	0.923360109	0.923360109
0.834676445	0.923479378	0.923479378	0.923479378
0.834920645	0.923598588	0.923598588	0.923598588
0.835164845	0.923717916	0.923717916	0.923717916
0.835409045	0.923837125	0.923837125	0.923837125
0.835653245	0.923956335	0.923956335	0.923956335
0.835897446	0.924075484	0.924075484	0.924075484
0.836141646	0.924194694	0.924194694	0.924194694
0.836385846	0.924313843	0.924313843	0.924313843
0.836630046	0.924432933	0.924432933	0.924432933
0.836874247	0.924552023	0.924552023	0.924552023
0.837118447	0.924671113	0.924671113	0.924671113
0.837362647	0.924790263	0.924790263	0.924790263
0.837606847	0.924909294	0.924909294	0.924909294
0.837851048	0.925028324	0.925028324	0.925028324
0.838095248	0.925147295	0.925147295	0.925147295
0.838339448	0.925266266	0.925266266	0.925266266
0.838583648	0.925385237	0.925385237	0.925385237
0.838827848	0.925504208	0.925504208	0.925504208
0.839072049	0.925623119	0.925623119	0.925623119
0.839316249	0.925742030	0.925742030	0.925742030
0.839560449	0.925860882	0.925860882	0.925860882
0.839804649	0.925979793	0.925979793	0.925979793
0.840048850	0.926098645	0.926098645	0.926098645
0.840293050	0.926217437	0.926217437	0.926217437
0.840537250	0.926336229	0.926336229	0.926336229
0.840781450	0.926455021	0.926455021	0.926455021
0.841025651	0.926573753	0.926573753	0.926573753
0.841269851	0.926692486	0.926692486	0.926692486
0.841514051	0.926811218	0.926811218	0.926811218
0.841758251	0.926929951	0.926929951	0.926929951
0.842002451	0.927048683	0.927048683	0.927048683
0.842246652	0.927167356	0.927167356	0.927167356
0.842490852	0.927285910	0.927285910	0.927285910
0.842735052	0.927404583	0.927404583	0.927404583
0.842979252	0.927523196	0.927523196	0.927523196
0.843223453	0.927641809	0.927641809	0.927641809
0.843467653	0.927760303	0.927760303	0.927760303
0.843711853	0.927878857	0.927878857	0.927878857
0.843956053	0.927997410	0.927997410	0.927997410
0.844200253	0.928115904	0.928115904	0.928115904
0.844444454	0.928234398	0.928234398	0.928234398
0.844688654	0.928352892	0.928352892	0.928352892
0.844932854	0.928471267	0.928471267	0.928471267
0.845177054	0.928589702	0.928589702	0.928589702
0.845421255	0.928708076	0.928708076	0.928708076
0.845665455	0.928826511	0.928826511	0.928826511
0.845909655	0.928944826	0.928944826	0.928944826
0.846153855	0.929063201	0.929063201	0.929063201
0.846398056	0.929181516	0.929181516	0.929181516
0.846642256	0.929299831	0.929299831	0.929299831
0.846886456	0.929418087	0.929418087	0.929418087
0.847130656	0.929536402	0.929536402	0.929536402
0.847374856	0.929654598	0.929654598	0.929654598
0.847619057	0.929772794	0.929772794	0.929772794
0.847863257	0.929891050	0.929891050	0.929891050
0.848107457	0.930009246	0.930009246	0.930009246
0.848351657	0.930127442	0.930127442	0.930127442
0.848595858	0.930245578	0.930245578	0.930245578
0.848840058	0.930363655	0.930363655	0.930363655
0.849084258	0.930481791	0.930481791	0.930481791
0.849328458	0.930599868	0.930599868	0.930599868
0.849572659	0.930717945	0.930717945	0.930717945
0.849816859	0.930835962	0.930835962	0.930835962
0.850061059	0.930954039	0.930954039	0.930954039
0.850305259	0.931071997	0.931071997	0.931071997
0.850549459	0.931190014	0.931190014	0.931190014
0.850793660	0.931307971	0.931307971	0.931307971
0.851037860	0.931425869	0.931425869	0.931425869
0.851282060	0.931543887	0.931543887	0.931543887
0.851526260	0.931661785	0.931661785	0.931661785
0.851770461	0.931779623	0.931779623	0.931779623
0.852014661	0.931897521	0.931897521	0.931897521
0.852258861	0.932015359	0.932015359	0.932015359
0.852503061	0.932133198	0.932133198	0.932133198
0.852747262	0.932250977	0.932250977	0.932250977
0.852991462	0.932368755	0.932368755	0.932368755
0.853235662	0.932486534	0.932486534	0.932486534
0.853479862	0.932604313	0.932604313	0.932604313
0.853724062	0.932722032	0.932722032	0.932722032
0.853968263	0.932839751	0.932839751	0.932839751
0.854212463	0.932957411	0.932957411	0.932957411
0.854456663	0.933075130	0.933075130	0.933075130
0.854700863	0.933192790	0.933192790	0.933192790
0.854945064	0.933310390	0.933310390	0.933310390
0.855189264	0.933427989	0.933427989	0.933427989
0.855433464	0.933545589	0.933545589	0.933545589
0.855677664	0.933663130	0.933663130	0.933663130
0.855921865	0.933780730	0.933780730	0.933780730
0.856166065	0.933898270	0.933898270	0.933898270
0.856410265	0.934015810	0.934015810	0.934015810
0.856654465	0.934133232	0.934133232	0.934133232
0.856898665	0.934250712	0.934250712	0.934250712
0.857142866	0.934368193	0.934368193	0.934368193
0.857387066	0.934485674	0.934485674	0.934485674
0.857631266	0.934603035	0.934603035	0.934603035
0.857875466	0.934720457	0.934720457	0.934720457
0.858119667	0.934837818	0.934837818	0.934837818
0.858363867	0.934955180	0.934955180	0.934955180
0.858608067	0.935072541	0.935072541	0.935072541
0.858852267	0.935189784	0.935189784	0.935189784
0.859096467	0.935307145	0.935307145	0.935307145
0.859340668	0.935424447	0.935424447	0.935424447
0.859584868	0.935541689	0.935541689	0.935541689
0.859829068	0.935658932	0.935658932	0.935658932
0.860073268	0.935776114	0.935776114	0.935776114
0.860317469	0.935893357	0.935893357	0.935893357
0.860561669	0.936010540	0.936010540	0.936010540
0.860805869	0.936127722	0.936127722	0.936127722
0.861050069	0.936244845	0.936244845	0.936244845
0.861294270	0.936361969	0.936361969	0.936361969
0.861538470	0.936479092	0.936479092	0.936479092
0.861782670	0.936596155	0.936596155	0.936596155
0.862026870	0.936713219	0.936713219	0.936713219
0.862271070	0.936830282	0.936830282	0.936830282
0.862515271	0.936947346	0.936947346	0.936947346
0.862759471	0.937064290	0.937064290	0.937064290
0.863003671	0.937181294	0.937181294	0.937181294
0.863247871	0.937298298	0.937298298	0.937298298
0.863492072	0.937415242	0.937415242	0.937415242
0.863736272	0.937532127	0.937532127	0.937532127
0.863980472	0.937649071	0.937649071	0.937649071
0.864224672	0.937765956	0.937765956	0.937765956
0.864468873	0.937882841	0.937882841	0.937882841
0.864713073	0.937999666	0.937999666	0.937999666
0.864957273	0.938116491	0.938116491	0.938116491
0.865201473	0.938233316	0.938233316	0.938233316
0.865445673	0.938350141	0.938350141	0.938350141
0.865689874	0.938466907	0.938466907	0.938466907
0.865934074	0.938583672	0.938583672	0.938583672
0.866178274	0.938700438	0.938700438	0.938700438
0.866422474	0.938817143	0.938817143	0.938817143
0.866666675	0.938933849	0.938933849	0.938933849
0.866910875	0.939050496	0.939050496	0.939050496
0.867155075	0.939167142	0.939167142	0.939167142
0.867399275	0.939283788	0.939283788	0.939283788
0.867643476	0.939400434	0.939400434	0.939400434
0.867887676	0.939517021	0.939517021	0.939517021
0.868131876	0.939633608	0.939633608	0.939633608
0.868376076	0.939750195	0.939750195	0.939750195
0.868620276	0.939866781	0.939866781	0.939866781
0.868864477	0.939983308	0.939983308	0.939983308
0.869108677	0.940099776	0.940099776	0.940099776
0.869352877	0.940216303	0.940216303	0.940216303
0.869597077	0.940332770	0.940332770	0.940332770
0.869841278	0.940449178	0.940449178	0.940449178
0.870085478	0.940565646	0.940565646	0.940565646
0.870329678	0.940682054	0.940682054	0.940682054
0.870573878	0.940798461	0.940798461	0.940798461
0.870818079	0.940914869	0.940914869	0.940914869
0.871062279	0.941031218	0.941031218	0.941031218
0.871306479	0.941147506	0.941147506	0.941147506
0.871550679	0.941263855	0.941263855	0.941263855
0.871794879	0.941380143	0.941380143	0.941380143
0.872039080	0.941496432	0.941496432	0.941496432
0.872283280	0.941612661	0.941612661	0.941612661
0.872527480	0.941728950	0.941728950	0.941728950
0.872771680	0.941845119	0.941845119	0.941845119
0.873015881	0.941961348	0.941961348	0.941961348
0.873260081	0.942077577	0.942077577	0.942077577
0.873504281	0.942193687	0.942193687	0.942193687
0.873748481	0.942309856	0.942309856	0.942309856
0.873992682	0.942425966	0.942425966	0.942425966
0.874236882	0.942542136	0.942542136	0.942542136
0.874481082	0.942658246	0.942658246	0.942658246
0.874725282	0.942774296	0.942774296	0.942774296
0.874969482	0.942890346	0.942890346	0.942890346
0.875213683	0.943006337	0.943006337	0.943006337
0.875457883	0.943122387	0.943122387	0.943122387
0.875702083	0.943238378	0.943238378	0.943238378
0.875946283	0.943354309	0.943354309	0.943354309
0.876190484	0.943470299	0.943470299	0.943470299
0.876434684	0.943586230	0.943586230	0.943586230
0.876678884	0.943702221	0.943702221	0.943702221
0.876923084	0.943818092	0.943818092	0.943818092
0.877167284	0.943933964	0.943933964	0.943933964
0.877411485	0.944049835	0.944049835	0.944049835
0.877655685	0.944165647	0.944165647	0.944165647
0.877899885	0.944281459	0.944281459	0.944281459
0.878144085	0.944397330	0.944397330	0.944397330
0.878388286	0.944513083	0.944513083	0.944513083
0.878632486	0.944628835	0.944628835	0.944628835
0.878876686	0.944744587	0.944744587	0.944744587
0.879120886	0.944860399	0.944860399	0.944860399
0.879365087	0.944976091	0.944976091	0.944976091
0.879609287	0.945091784	0.945091784	0.945091784
0.879853487	0.945207417	0.945207417	0.945207417
0.880097687	0.945323169	0.945323169	0.945323169
0.880341887	0.945438802	0.945438802	0.945438802
0.880586088	0.945554316	0.945554316	0.945554316
0.880830288	0.945669949	0.945669949	0.945669949
0.881074488	0.945785582	0.945785582	0.945785582
0.881318688	0.945901096	0.945901096	0.945901096
0.881562889	0.946016729	0.946016729	0.946016729
0.881807089	0.946132243	0.946132243	0.946132243
0.882051289	0.946247756	0.946247756	0.946247756
0.882295489	0.946363270	0.946363270	0.946363270
0.882539690	0.946478665	0.946478665	0.946478665
0.882783890	0.946594179	0.946594179	0.946594179
0.883028090	0.946709573	0.946709573	0.946709573
0.883272290	0.946824968	0.946824968	0.946824968
0.883516490	0.946940362	0.946940362	0.946940362
0.883760691	0.947055757	0.947055757	0.947055757
0.884004891	0.947171152	0.947171152	0.947171152
0.884249091	0.947286427	0.947286427	0.947286427
0.884493291	0.947401822	0.947401822	0.947401822
0.884737492	0.947517097	0.947517097	0.947517097
0.884981692	0.947632372	0.947632372	0.947632372
0.885225892	0.947747648	0.947747648	0.947747648
0.885470092	0.947862923	0.947862923	0.947862923
0.885714293	0.947978079	0.947978079	0.947978079
0.885958493	0.948093355	0.948093355	0.948093355
0.886202693	0.948208511	0.948208511	0.948208511
0.886446893	0.948323667	0.948323667	0.948323667
0.886691093	0.948438823	0.948438823	0.948438823
0.886935294	0.948553979	0.948553979	0.948553979
0.887179494	0.948669136	0.948669136	0.948669136
0.887423694	0.948784173	0.948784173	0.948784173
0.887667894	0.948899329	0.948899329	0.948899329
0.887912095	0.949014366	0.949014366	0.949014366
0.888156295	0.949129403	0.949129403	0.949129403
0.888400495	0.949244440	0.949244440	0.949244440
0.888644695	0.949359477	0.949359477	0.949359477
0.888888896	0.949474394	0.949474394	0.949474394
0.889133096	0.949589431	0.949589431	0.949589431
0.889377296	0.949704349	0.949704349	0.949704349
0.889621496	0.949819267	0.949819267	0.949819267
0.889865696	0.949934185	0.949934185	0.949934185
0.890109897	0.950049102	0.950049102	0.950049102
0.890354097	0.950164020	0.950164020	0.950164020
0.890598297	0.950278819	0.950278819	0.950278819
0.890842497	0.950393736	0.950393736	0.950393736
0.891086698	0.950508535	0.950508535	0.950508535
0.891330898	0.950623333	0.950623333	0.950623333
0.891575098	0.950738132	0.950738132	0.950738132
0.891819298	0.950852811	0.950852811	0.950852811
0.892063498	0.950967610	0.950967610	0.950967610
0.892307699	0.951082408	0.951082408	0.951082408
0.892551899	0.951197088	0.951197088	0.951197088
0.892796099	0.951311767	0.951311767	0.951311767
0.893040299	0.951426446	0.951426446	0.951426446
0.893284500	0.951541126	0.951541126	0.951541126
0.893528700	0.951655805	0.951655805	0.951655805
0.893772900	0.951770365	0.951770365	0.951770365
0.894017100	0.951884925	0.951884925	0.951884925
0.894261301	0.951999485	0.951999485	0.951999485
0.894505501	0.952114165	0.952114165	0.952114165
0.894749701	0.952228725	0.952228725	0.952228725
0.894993901	0.952343166	0.952343166	0.952343166
0.895238101	0.952457726	0.952457726	0.952457726
0.895482302	0.952572167	0.952572167	0.952572167
0.895726502	0.952686727	0.952686727	0.952686727
0.895970702	0.952801168	0.952801168	0.952801168
0.896214902	0.952915609	0.952915609	0.952915609
0.896459103	0.953030050	0.953030050	0.953030050
0.896703303	0.953144491	0.953144491	0.953144491
0.896947503	0.953258812	0.953258812	0.953258812
0.897191703	0.953373253	0.953373253	0.953373253
0.897435904	0.953487575	0.953487575	0.953487575
0.897680104	0.953601897	0.953601897	0.953601897
0.897924304	0.953716218	0.953716218	0.953716218
0.898168504	0.953830540	0.953830540	0.953830540
0.898412704	0.953944743	0.953944743	0.953944743
0.898656905	0.954059064	0.954059064	0.954059064
0.898901105	0.954173267	0.954173267	0.954173267
0.899145305	0.954287469	0.954287469	0.954287469
0.899389505	0.954401672	0.954401672	0.954401672
0.899633706	0.954515874	0.954515874	0.954515874
0.899877906	0.954630077	0.954630077	0.954630077
0.900122106	0.954744160	0.954744160	0.954744160
0.900366306	0.954858363	0.954858363	0.954858363
0.900610507	0.954972446	0.954972446	0.954972446
0.900854707	0.955086529	0.955086529	0.955086529
0.901098907	0.955200613	0.955200613	0.955200613
0.901343107	0.955314696	0.955314696	0.955314696
0.901587307	0.955428779	0.955428779	0.955428779
0.901831508	0.955542743	0.955542743	0.955542743
0.902075708	0.955656707	0.955656707	0.955656707
0.902319908	0.955770791	0.955770791	0.955770791
0.902564108	0.955884755	0.955884755	0.955884755
0.902808309	0.955998600	0.955998600	0.955998600
0.903052509	0.956112564	0.956112564	0.956112564
0.903296709	0.956226528	0.956226528	0.956226528
0.903540909	0.956340373	0.956340373	0.956340373
0.903785110	0.956454337	0.956454337	0.956454337
0.904029310	0.956568182	0.956568182	0.956568182
0.904273510	0.956682026	0.956682026	0.956682026
0.904517710	0.956795752	0.956795752	0.956795752
0.904761910	0.956909597	0.956909597	0.956909597
0.905006111	0.957023442	0.957023442	0.957023442
0.905250311	0.957137167	0.957137167	0.957137167
0.905494511	0.957250893	0.957250893	0.957250893
0.905738711	0.957364738	0.957364738	0.957364738
0.905982912	0.957478344	0.957478344	0.957478344
0.906227112	0.957592070	0.957592070	0.957592070
0.906471312	0.957705796	0.957705796	0.957705796
0.906715512	0.957819521	0.957819521	0.957819521
0.906959713	0.957933128	0.957933128	0.957933128
0.907203913	0.958046734	0.958046734	0.958046734
0.907448113	0.958160341	0.958160341	0.958160341
0.907692313	0.958273947	0.958273947	0.958273947
0.907936513	0.958387554	0.958387554	0.958387554
0.908180714	0.958501041	0.958501041	0.958501041
0.908424914	0.958614647	0.958614647	0.958614647
0.908669114	0.958728135	0.958728135	0.958728135
0.908913314	0.958841622	0.958841622	0.958841622
0.909157515	0.958955109	0.958955109	0.958955109
0.909401715	0.959068596	0.959068596	0.959068596
0.909645915	0.959182084	0.959182084	0.959182084
0.909890115	0.959295452	0.959295452	0.959295452
0.910134315	0.959408939	0.959408939	0.959408939
0.910378516	0.959522307	0.959522307	0.959522307
0.910622716	0.959635675	0.959635675	0.959635675
0.910866916	0.959749043	0.959749043	0.959749043
0.911111116	0.959862411	0.959862411	0.959862411
0.911355317	0.959975779	0.959975779	0.959975779
0.911599517	0.960089028	0.960089028	0.960089028
0.911843717	0.960202396	0.960202396	0.960202396
0.912087917	0.960315645	0.960315645	0.960315645
0.912332118	0.960428894	0.960428894	0.960428894
0.912576318	0.960542142	0.960542142	0.960542142
0.912820518	0.960655272	0.960655272	0.960655272
0.913064718	0.960768521	0.960768521	0.960768521
0.913308918	0.960881650	0.960881650	0.960881650
0.913553119	0.960994899	0.960994899	0.960994899
0.913797319	0.961108029	0.961108029	0.961108029
0.914041519	0.961221159	0.961221159	0.961221159
0.914285719	0.961334288	0.961334288	0.961334288
0.914529920	0.961447418	0.961447418	0.961447418
0.914774120	0.961560428	0.961560428	0.961560428
0.915018320	0.961673558	0.961673558	0.961673558
0.915262520	0.961786568	0.961786568	0.961786568
0.915506721	0.961899579	0.961899579	0.961899579
0.915750921	0.962012589	0.962012589	0.962012589
0.915995121	0.962125599	0.962125599	0.962125599
0.916239321	0.962238610	0.962238610	0.962238610
0.916483521	0.962351501	0.962351501	0.962351501
0.916727722	0.962464392	0.962464392	0.962464392
0.916971922	0.962577403	0.962577403	0.962577403
0.917216122	0.962690294	0.962690294	0.962690294
0.917460322	0.962803185	0.962803185	0.962803185
0.917704523	0.962916076	0.962916076	0.962916076
0.917948723	0.963028848	0.963028848	0.963028848
0.918192923	0.963141739	0.963141739	0.963141739
0.918437123	0.963254631	0.963254631	0.963254631
0.918681324	0.963367403	0.963367403	0.963367403
0.918925524	0.963480175	0.963480175	0.963480175
0.919169724	0.963592827	0.963592827	0.963592827
0.919413924	0.963705599	0.963705599	0.963705599
0.919658124	0.963818371	0.963818371	0.963818371
0.919902325	0.963931143	0.963931143	0.963931143
0.920146525	0.964043796	0.964043796	0.964043796
0.920390725	0.964156449	0.964156449	0.964156449
0.920634925	0.964269102	0.964269102	0.964269102
0.920879126	0.964381754	0.964381754	0.964381754
0.921123326	0.964494407	0.964494407	0.964494407
0.921367526	0.964606941	0.964606941	0.964606941
0.921611726	0.964719594	0.964719594	0.964719594
0.921855927	0.964832127	0.964832127	0.964832127
0.922100127	0.964944780	0.964944780	0.964944780
0.922344327	0.965057194	0.965057194	0.965057194
0.922588527	0.965169847	0.965169847	0.965169847
0.922832727	0.965282261	0.965282261	0.965282261
0.923076928	0.965394795	0.965394795	0.965394795
0.923321128	0.965507209	0.965507209	0.965507209
0.923565328	0.965619743	0.965619743	0.965619743
0.923809528	0.965732157	0.965732157	0.965732157
0.924053729	0.965844572	0.965844572	0.965844572
0.924297929	0.965956986	0.965956986	0.965956986
0.924542129	0.966069281	0.966069281	0.966069281
0.924786329	0.966181695	0.966181695	0.966181695
0.925030529	0.966293991	0.966293991	0.966293991
0.925274730	0.966406405	0.966406405	0.966406405
0.925518930	0.966518700	0.966518700	0.966518700
0.925763130	0.966630995	0.966630995	0.966630995
0.926007330	0.966743290	0.966743290	0.966743290
0.926251531	0.966855466	0.966855466	0.966855466
0.926495731	0.966967762	0.966967762	0.966967762
0.926739931	0.967079937	0.967079937	0.967079937
0.926984131	0.967192113	0.967192113	0.967192113
0.927228332	0.967304409	0.967304409	0.967304409
0.927472532	0.967416584	0.967416584	0.967416584
0.927716732	0.967528760	0.967528760	0.967528760
0.927960932	0.967640817	0.967640817	0.967640817
0.928205132	0.967752993	0.967752993	0.967752993
0.928449333	0.967865050	0.967865050	0.967865050
0.928693533	0.967977226	0.967977226	0.967977226
0.928937733	0.968089283	0.968089283	0.968089283
0.929181933	0.968201339	0.968201339	0.968201339
0.929426134	0.968313277	0.968313277	0.968313277
0.929670334	0.968425333	0.968425333	0.968425333
0.929914534	0.968537390	0.968537390	0.968537390
0.930158734	0.968649328	0.968649328	0.968649328
0.930402935	0.968761265	0.968761265	0.968761265
0.930647135	0.968873322	0.968873322	0.968873322
0.930891335	0.968985260	0.968985260	0.968985260
0.931135535	0.969097197	0.969097197	0.969097197
0.931379735	0.969209015	0.969209015	0.969209015
0.931623936	0.969320834	0.969320834	0.969320834
0.931868136	0.969432771	0.969432771	0.969432771
0.932112336	0.969544590	0.969544590	0.969544590
0.932356536	0.969656408	0.969656408	0.969656408
0.932600737	0.969768226	0.969768226	0.969768226
0.932844937	0.969880044	0.969880044	0.969880044
0.933089137	0.969991863	0.969991863	0.969991863
0.933333337	0.970103562	0.970103562	0.970103562
0.933577538	0.970215380	0.970215380	0.970215380
0.933821738	0.970327079	0.970327079	0.970327079
0.934065938	0.970438778	0.970438778	0.970438778
0.934310138	0.970550478	0.970550478	0.970550478
0.934554338	0.970662177	0.970662177	0.970662177
0.934798539	0.970773757	0.970773757	0.970773757
0.935042739	0.970885456	0.970885456	0.970885456
0.935286939	0.970997036	0.970997036	0.970997036
0.935531139	0.971108735	0.971108735	0.971108735
0.935775340	0.971220315	0.971220315	0.971220315
0.936019540	0.971331894	0.971331894	0.971331894
0.936263740	0.971443474	0.971443474	0.971443474
0.936507940	0.971554935	0.971554935	0.971554935
0.936752141	0.971666515	0.971666515	0.971666515
0.936996341	0.971777976	0.971777976	0.971777976
0.937240541	0.971889555	0.971889555	0.971889555
0.937484741	0.972000897	0.972000897	0.972000897
0.937728941	0.972112477	0.972112477	0.972112477
0.937973142	0.972223818	0.972223818	0.972223818
0.938217342	0.972335279	0.972335279	0.972335279
0.938461542	0.972446740	0.972446740	0.972446740
0.938705742	0.972558081	0.972558081	0.972558081
0.938949943	0.972669423	0.972669423	0.972669423
0.939194143	0.972780883	0.972780883	0.972780883
0.939438343	0.972892106	0.972892106	0.972892106
0.939682543	0.973003447	0.973003447	0.973003447
0.939926744	0.973114789	0.973114789	0.973114789
0.940170944	0.973226130	0.973226130	0.973226130
0.940415144	0.973337352	0.973337352	0.973337352
0.940659344	0.973448575	0.973448575	0.973448575
0.940903544	0.973559797	0.973559797	0.973559797
0.941147745	0.973671019	0.973671019	0.973671019
0.941391945	0.973782241	0.973782241	0.973782241
0.941636145	0.973893464	0.973893464	0.973893464
0.941880345	0.974004567	0.974004567	0.974004567
0.942124546	0.974115789	0.974115789	0.974115789
0.942368746	0.974226892	0.974226892	0.974226892
0.942612946	0.974338114	0.974338114	0.974338114
0.942857146	0.974449098	0.974449098	0.974449098
0.943101346	0.974560201	0.974560201	0.974560201
0.943345547	0.974671304	0.974671304	0.974671304
0.943589747	0.974782288	0.974782288	0.974782288
0.943833947	0.974893391	0.974893391	0.974893391
0.944078147	0.975004375	0.975004375	0.975004375
0.944322348	0.975115359	0.975115359	0.975115359
0.944566548	0.975226462	0.975226462	0.975226462
0.944810748	0.975337327	0.975337327	0.975337327
0.945054948	0.975448310	0.975448310	0.975448310
0.945299149	0.975559294	0.975559294	0.975559294
0.945543349	0.975670159	0.975670159	0.975670159
0.945787549	0.975781143	0.975781143	0.975781143
0.946031749	0.975892007	0.975892007	0.975892007
0.946275949	0.976002872	0.976002872	0.976002872
0.946520150	0.976113737	0.976113737	0.976113737
0.946764350	0.976224482	0.976224482	0.976224482
0.947008550	0.976335347	0.976335347	0.976335347
0.947252750	0.976446092	0.976446092	0.976446092
0.947496951	0.976556838	0.976556838	0.976556838
0.947741151	0.976667702	0.976667702	0.976667702
0.947985351	0.976778448	0.976778448	0.976778448
0.948229551	0.976889193	0.976889193	0.976889193
0.948473752	0.976999938	0.976999938	0.976999938
0.948717952	0.977110565	0.977110565	0.977110565
0.948962152	0.977221310	0.977221310	0.977221310
0.949206352	0.977331936	0.977331936	0.977331936
0.949450552	0.977442563	0.977442563	0.977442563
0.949694753	0.977553308	0.977553308	0.977553308
0.949938953	0.977663815	0.977663815	0.977663815
0.950183153	0.977774441	0.977774441	0.977774441
0.950427353	0.977885067	0.977885067	0.977885067
0.950671554	0.977995694	0.977995694	0.977995694
0.950915754	0.978106201	0.978106201	0.978106201
0.951159954	0.978216708	0.978216708	0.978216708
0.951404154	0.978327215	0.978327215	0.978327215
0.951648355	0.978437722	0.978437722	0.978437722
0.951892555	0.978548229	0.978548229	0.978548229
0.952136755	0.978658736	0.978658736	0.978658736
0.952380955	0.978769124	0.978769124	0.978769124
0.952625155	0.978879631	0.978879631	0.978879631
0.952869356	0.978990018	0.978990018	0.978990018
0.953113556	0.979100406	0.979100406	0.979100406
0.953357756	0.979210794	0.979210794	0.979210794
0.953601956	0.979321182	0.979321182	0.979321182
0.953846157	0.979431570	0.979431570	0.979431570
0.954090357	0.979541838	0.979541838	0.979541838
0.954334557	0.979652226	0.979652226	0.979652226
0.954578757	0.979762495	0.979762495	0.979762495
0.954822958	0.979872763	0.979872763	0.979872763
0.955067158	0.979983032	0.979983032	0.979983032
0.955311358	0.980093300	0.980093300	0.980093300
0.955555558	0.980203569	0.980203569	0.980203569
0.955799758	0.980313718	0.980313718	0.980313718
0.956043959	0.980423987	0.980423987	0.980423987
0.956288159	0.980534136	0.980534136	0.980534136
0.956532359	0.980644286	0.980644286	0.980644286
0.956776559	0.980754554	0.980754554	0.980754554
0.957020760	0.980864584	0.980864584	0.980864584
0.957264960	0.980974734	0.980974734	0.980974734
0.957509160	0.981084883	0.981084883	0.981084883
0.957753360	0.981194913	0.981194913	0.981194913
0.957997561	0.981305063	0.981305063	0.981305063
0.958241761	0.981415093	0.981415093	0.981415093
0.958485961	0.981525123	0.981525123	0.981525123
0.958730161	0.981635153	0.981635153	0.981635153
0.958974361	0.981745183	0.981745183	0.981745183
0.959218562	0.981855094	0.981855094	0.981855094
0.959462762	0.981965125	0.981965125	0.981965125
0.959706962	0.982075155	0.982075155	0.982075155
0.959951162	0.982185066	0.982185066	0.982185066
0.960195363	0.982294977	0.982294977	0.982294977
0.960439563	0.982404888	0.982404888	0.982404888
0.960683763	0.982514799	0.982514799	0.982514799
0.960927963	0.982624590	0.982624590	0.982624590
0.961172163	0.982734501	0.982734501	0.982734501
0.961416364	0.982844412	0.982844412	0.982844412
0.961660564	0.982954204	0.982954204	0.982954204
0.961904764	0.983063996	0.983063996	0.983063996
0.962148964	0.983173788	0.983173788	0.983173788
0.962393165	0.983283579	0.983283579	0.983283579
0.962637365	0.983393371	0.983393371	0.983393371
0.962881565	0.983503163	0.983503163	0.983503163
0.963125765	0.983612835	0.983612835	0.983612835
0.963369966	0.983722627	0.983722627	0.983722627
0.963614166	0.983832300	0.983832300	0.983832300
0.963858366	0.983941853	0.983941853	0.983941853
0.964102566	0.984051526	0.984051526	0.984051526
0.964346766	0.984161198	0.984161198	0.984161198
0.964590967	0.984270871	0.984270871	0.984270871
0.964835167	0.984380543	0.984380543	0.984380543
0.965079367	0.984490097	0.984490097	0.984490097
0.965323567	0.984599769	0.984599769	0.984599769
0.965567768	0.984709322	0.984709322	0.984709322
0.965811968	0.984818757	0.984818757	0.984818757
0.966056168	0.984928310	0.984928310	0.984928310
0.966300368	0.985037863	0.985037863	0.985037863
0.966544569	0.985147417	0.985147417	0.985147417
0.966788769	0.985256970	0.985256970	0.985256970
0.967032969	0.985366285	0.985366285	0.985366285
0.967277169	0.985475838	0.985475838	0.985475838
0.967521369	0.985585272	0.985585272	0.985585272
0.967765570	0.985694706	0.985694706	0.985694706
0.968009770	0.985804141	0.985804141	0.985804141
0.968253970	0.985913455	0.985913455	0.985913455
0.968498170	0.986022890	0.986022890	0.986022890
0.968742371	0.986132205	0.986132205	0.986132205
0.968986571	0.986241639	0.986241639	0.986241639
0.969230771	0.986350834	0.986350834	0.986350834
0.969474971	0.986460268	0.986460268	0.986460268
0.969719172	0.986569583	0.986569583	0.986569583
0.969963372	0.986678779	0.986678779	0.986678779
0.970207572	0.986788094	0.986788094	0.986788094
0.970451772	0.986897290	0.986897290	0.986897290
0.970695972	0.987006605	0.987006605	0.987006605
0.970940173	0.987115681	0.987115681	0.987115681
0.971184373	0.987224996	0.987224996	0.987224996
0.971428573	0.987334073	0.987334073	0.987334073
0.971672773	0.987443268	0.987443268	0.987443268
0.971916974	0.987552464	0.987552464	0.987552464
0.972161174	0.987661660	0.987661660	0.987661660
0.972405374	0.987770736	0.987770736	0.987770736
0.972649574	0.987879813	0.987879813	0.987879813
0.972893775	0.987988889	0.987988889	0.987988889
0.973137975	0.988097966	0.988097966	0.988097966
0.973382175	0.988207042	0.988207042	0.988207042
0.973626375	0.988316119	0.988316119	0.988316119
0.973870575	0.988425195	0.988425195	0.988425195
0.974114776	0.988534153	0.988534153	0.988534153
0.974358976	0.988643110	0.988643110	0.988643110
0.974603176	0.988752067	0.988752067	0.988752067
0.974847376	0.988861024	0.988861024	0.988861024
0.975091577	0.988969982	0.988969982	0.988969982
0.975335777	0.989078939	0.989078939	0.989078939
0.975579977	0.989187896	0.989187896	0.989187896
0.975824177	0.989296734	0.989296734	0.989296734
0.976068377	0.989405572	0.989405572	0.989405572
0.976312578	0.989514410	0.989514410	0.989514410
0.976556778	0.989623368	0.989623368	0.989623368
0.976800978	0.989732206	0.989732206	0.989732206
0.977045178	0.989841044	0.989841044	0.989841044
0.977289379	0.989949763	0.989949763	0.989949763
0.977533579	0.990058601	0.990058601	0.990058601
0.977777779	0.990167439	0.990167439	0.990167439
0.978021979	0.990276158	0.990276158	0.990276158
0.978266180	0.990384877	0.990384877	0.990384877
0.978510380	0.990493596	0.990493596	0.990493596
0.978754580	0.990602314	0.990602314	0.990602314
0.978998780	0.990710914	0.990710914	0.990710914
0.979242980	0.990819633	0.990819633	0.990819633
0.979487181	0.990928352	0.990928352	0.990928352
0.979731381	0.991036952	0.991036952	0.991036952
0.979975581	0.991145551	0.991145551	0.991145551
0.980219781	0.991254151	0.991254151	0.991254151
0.980463982	0.991362751	0.991362751	0.991362751
0.980708182	0.991471350	0.991471350	0.991471350
0.980952382	0.991579950	0.991579950	0.991579950
0.981196582	0.991688430	0.991688430	0.991688430
0.981440783	0.991797030	0.991797030	0.991797030
0.981684983	0.991905510	0.991905510	0.991905510
0.981929183	0.992014110	0.992014110	0.992014110
0.982173383	0.992122591	0.992122591	0.992122591
0.982417583	0.992230952	0.992230952	0.992230952
0.982661784	0.992339432	0.992339432	0.992339432
0.982905984	0.992447913	0.992447913	0.992447913
0.983150184	0.992556274	0.992556274	0.992556274
0.983394384	0.992664754	0.992664754	0.992664754
0.983638585	0.992773116	0.992773116	0.992773116
0.983882785	0.992881477	0.992881477	0.992881477
0.984126985	0.992989838	0.992989838	0.992989838
0.984371185	0.993098199	0.993098199	0.993098199
0.984615386	0.993206561	0.993206561	0.993206561
0.984859586	0.993314803	0.993314803	0.993314803
0.985103786	0.993423164	0.993423164	0.993423164
0.985347986	0.993531406	0.993531406	0.993531406
0.985592186	0.993639767	0.993639767	0.993639767
0.985836387	0.993747890	0.993747890	0.993747890
0.986080587	0.993856132	0.993856132	0.993856132
0.986324787	0.993964374	0.993964374	0.993964374
0.986568987	0.994072616	0.994072616	0.994072616
0.986813188	0.994180739	0.994180739	0.994180739
0.987057388	0.994288981	0.994288981	0.994288981
0.987301588	0.994397104	0.994397104	0.994397104
0.987545788	0.994505227	0.994505227	0.994505227
0.987789989	0.994613349	0.994613349	0.994613349
0.988034189	0.994721472	0.994721472	0.994721472
0.988278389	0.994829595	0.994829595	0.994829595
0.988522589	0.994937718	0.994937718	0.994937718
0.988766789	0.995045722	0.995045722	0.995045722
0.989010990	0.995153844	0.995153844	0.995153844
0.989255190	0.995261848	0.995261848	0.995261848
0.989499390	0.995369852	0.995369852	0.995369852
0.989743590	0.995477855	0.995477855	0.995477855
0.989987791	0.995585859	0.995585859	0.995585859
0.990231991	0.995693743	0.995693743	0.995693743
0.990476191	0.995801747	0.995801747	0.995801747
0.990720391	0.995909631	0.995909631	0.995909631
0.990964592	0.996017635	0.996017635	0.996017635
0.991208792	0.996125519	0.996125519	0.996125519
0.991452992	0.996233404	0.996233404	0.996233404
0.991697192	0.996341288	0.996341288	0.996341288
0.991941392	0.996449172	0.996449172	0.996449172
0.992185593	0.996556938	0.996556938	0.996556938
0.992429793	0.996664822	0.996664822	0.996664822
0.992673993	0.996772707	0.996772707	0.996772707
0.992918193	0.996880472	0.996880472	0.996880472
0.993162394	0.996988237	0.996988237	0.996988237
0.993406594	0.997096002	0.997096002	0.997096002
0.993650794	0.997203767	0.997203767	0.997203767
0.993894994	0.997311532	0.997311532	0.997311532
0.994139194	0.997419178	0.997419178	0.997419178
0.994383395	0.997526944	0.997526944	0.997526944
0.994627595	0.997634590	0.997634590	0.997634590
0.994871795	0.997742236	0.997742236	0.997742236
0.995115995	0.997850001	0.997850001	0.997850001
0.995360196	0.997957528	0.997957528	0.997957528
0.995604396	0.998065174	0.998065174	0.998065174
0.995848596	0.998172820	0.998172820	0.998172820
0.996092796	0.998280466	0.998280466	0.998280466
0.996336997	0.998387992	0.998387992	0.998387992
0.996581197	0.998495638	0.998495638	0.998495638
0.996825397	0.998603165	0.998603165	0.998603165
0.997069597	0.998710692	0.998710692	0.998710692
0.997313797	0.998818219	0.998818219	0.998818219
0.997557998	0.998925745	0.998925745	0.998925745
0.997802198	0.999033153	0.999033153	0.999033153
0.998046398	0.999140680	0.999140680	0.999140680
0.998290598	0.999248087	0.999248087	0.999248087
0.998534799	0.999355614	0.999355614	0.999355614
0.998778999	0.999463022	0.999463022	0.999463022
0.999023199	0.999570429	0.999570429	0.999570429
0.999267399	0.999677837	0.999677837	0.999677837
0.999511600	0.999785244	0.999785244	0.999785244
0.999755800	0.999892652	0.999892652	0.999892652
1.000000000	0.999999940	0.999999940	0.999999940
