# ICC Profile MPE CurveSet Export
# Tag: AToB1Tag
# Element: 0
# Channels: 3
# Samples: 4096
# Format: input(normalized 0-1) <tab> ch0_output ... chN_output
#
input	ch0	ch1	ch2
0.000000000	0.000000000	0.000000000	0.000000000
0.000244200	0.000018901	0.000018901	0.000018901
0.000488401	0.000037802	0.000037802	0.000037802
0.000732601	0.000056703	0.000056703	0.000056703
0.000976801	0.000075604	0.000075604	0.000075604
0.001221001	0.000094505	0.000094505	0.000094505
0.001465201	0.000113406	0.000113406	0.000113406
0.001709402	0.000132307	0.000132307	0.000132307
0.001953602	0.000151208	0.000151208	0.000151208
0.002197802	0.000170109	0.000170109	0.000170109
0.002442003	0.000189009	0.000189009	0.000189009
0.002686203	0.000207910	0.000207910	0.000207910
0.002930403	0.000226811	0.000226811	0.000226811
0.003174603	0.000245712	0.000245712	0.000245712
0.003418803	0.000264613	0.000264613	0.000264613
0.003663004	0.000283514	0.000283514	0.000283514
0.003907204	0.000302415	0.000302415	0.000302415
0.004151404	0.000321316	0.000321316	0.000321316
0.004395605	0.000340217	0.000340217	0.000340217
0.004639805	0.000359118	0.000359118	0.000359118
0.004884005	0.000378019	0.000378019	0.000378019
0.005128205	0.000396920	0.000396920	0.000396920
0.005372406	0.000415821	0.000415821	0.000415821
0.005616606	0.000434722	0.000434722	0.000434722
0.005860806	0.000453623	0.000453623	0.000453623
0.006105006	0.000472524	0.000472524	0.000472524
0.006349206	0.000491425	0.000491425	0.000491425
0.006593407	0.000510326	0.000510326	0.000510326
0.006837607	0.000529227	0.000529227	0.000529227
0.007081807	0.000548127	0.000548127	0.000548127
0.007326007	0.000567028	0.000567028	0.000567028
0.007570208	0.000585929	0.000585929	0.000585929
0.007814408	0.000604830	0.000604830	0.000604830
0.008058609	0.000623731	0.000623731	0.000623731
0.008302809	0.000642632	0.000642632	0.000642632
0.008547009	0.000661533	0.000661533	0.000661533
0.008791209	0.000680434	0.000680434	0.000680434
0.009035409	0.000699335	0.000699335	0.000699335
0.009279610	0.000718236	0.000718236	0.000718236
0.009523810	0.000737137	0.000737137	0.000737137
0.009768010	0.000756038	0.000756038	0.000756038
0.010012210	0.000774939	0.000774939	0.000774939
0.010256411	0.000793840	0.000793840	0.000793840
0.010500611	0.000812741	0.000812741	0.000812741
0.010744811	0.000831642	0.000831642	0.000831642
0.010989011	0.000850543	0.000850543	0.000850543
0.011233211	0.000869444	0.000869444	0.000869444
0.011477412	0.000888345	0.000888345	0.000888345
0.011721612	0.000907245	0.000907245	0.000907245
0.011965812	0.000926146	0.000926146	0.000926146
0.012210012	0.000945047	0.000945047	0.000945047
0.012454213	0.000963948	0.000963948	0.000963948
0.012698413	0.000982849	0.000982849	0.000982849
0.012942613	0.001001750	0.001001750	0.001001750
0.013186813	0.001020651	0.001020651	0.001020651
0.013431014	0.001039552	0.001039552	0.001039552
0.013675214	0.001058453	0.001058453	0.001058453
0.013919414	0.001077354	0.001077354	0.001077354
0.014163614	0.001096255	0.001096255	0.001096255
0.014407814	0.001115156	0.001115156	0.001115156
0.014652015	0.001134057	0.001134057	0.001134057
0.014896215	0.001152958	0.001152958	0.001152958
0.015140415	0.001171859	0.001171859	0.001171859
0.015384615	0.001190760	0.001190760	0.001190760
0.015628817	0.001209661	0.001209661	0.001209661
0.015873017	0.001228562	0.001228562	0.001228562
0.016117217	0.001247463	0.001247463	0.001247463
0.016361417	0.001266364	0.001266364	0.001266364
0.016605617	0.001285265	0.001285265	0.001285265
0.016849818	0.001304165	0.001304165	0.001304165
0.017094018	0.001323066	0.001323066	0.001323066
0.017338218	0.001341967	0.001341967	0.001341967
0.017582418	0.001360868	0.001360868	0.001360868
0.017826619	0.001379769	0.001379769	0.001379769
0.018070819	0.001398670	0.001398670	0.001398670
0.018315019	0.001417571	0.001417571	0.001417571
0.018559219	0.001436472	0.001436472	0.001436472
0.018803420	0.001455373	0.001455373	0.001455373
0.019047620	0.001474274	0.001474274	0.001474274
0.019291820	0.001493175	0.001493175	0.001493175
0.019536020	0.001512076	0.001512076	0.001512076
0.019780220	0.001530977	0.001530977	0.001530977
0.020024421	0.001549878	0.001549878	0.001549878
0.020268621	0.001568779	0.001568779	0.001568779
0.020512821	0.001587680	0.001587680	0.001587680
0.020757021	0.001606581	0.001606581	0.001606581
0.021001222	0.001625482	0.001625482	0.001625482
0.021245422	0.001644382	0.001644382	0.001644382
0.021489622	0.001663283	0.001663283	0.001663283
0.021733822	0.001682184	0.001682184	0.001682184
0.021978023	0.001701085	0.001701085	0.001701085
0.022222223	0.001719986	0.001719986	0.001719986
0.022466423	0.001738887	0.001738887	0.001738887
0.022710623	0.001757788	0.001757788	0.001757788
0.022954823	0.001776689	0.001776689	0.001776689
0.023199024	0.001795590	0.001795590	0.001795590
0.023443224	0.001814491	0.001814491	0.001814491
0.023687424	0.001833392	0.001833392	0.001833392
0.023931624	0.001852293	0.001852293	0.001852293
0.024175825	0.001871194	0.001871194	0.001871194
0.024420025	0.001890095	0.001890095	0.001890095
0.024664225	0.001908996	0.001908996	0.001908996
0.024908425	0.001927897	0.001927897	0.001927897
0.025152626	0.001946798	0.001946798	0.001946798
0.025396826	0.001965699	0.001965699	0.001965699
0.025641026	0.001984600	0.001984600	0.001984600
0.025885226	0.002003500	0.002003500	0.002003500
0.026129426	0.002022401	0.002022401	0.002022401
0.026373627	0.002041302	0.002041302	0.002041302
0.026617827	0.002060203	0.002060203	0.002060203
0.026862027	0.002079104	0.002079104	0.002079104
0.027106227	0.002098005	0.002098005	0.002098005
0.027350428	0.002116906	0.002116906	0.002116906
0.027594628	0.002135807	0.002135807	0.002135807
0.027838828	0.002154708	0.002154708	0.002154708
0.028083028	0.002173609	0.002173609	0.002173609
0.028327229	0.002192510	0.002192510	0.002192510
0.028571429	0.002211411	0.002211411	0.002211411
0.028815629	0.002230312	0.002230312	0.002230312
0.029059829	0.002249213	0.002249213	0.002249213
0.029304029	0.002268114	0.002268114	0.002268114
0.029548230	0.002287015	0.002287015	0.002287015
0.029792430	0.002305916	0.002305916	0.002305916
0.030036630	0.002324817	0.002324817	0.002324817
0.030280830	0.002343717	0.002343717	0.002343717
0.030525031	0.002362618	0.002362618	0.002362618
0.030769231	0.002381519	0.002381519	0.002381519
0.031013431	0.002400420	0.002400420	0.002400420
0.031257633	0.002419321	0.002419321	0.002419321
0.031501833	0.002438222	0.002438222	0.002438222
0.031746034	0.002457123	0.002457123	0.002457123
0.031990234	0.002476024	0.002476024	0.002476024
0.032234434	0.002494925	0.002494925	0.002494925
0.032478634	0.002513826	0.002513826	0.002513826
0.032722834	0.002532727	0.002532727	0.002532727
0.032967035	0.002551628	0.002551628	0.002551628
0.033211235	0.002570529	0.002570529	0.002570529
0.033455435	0.002589430	0.002589430	0.002589430
0.033699635	0.002608331	0.002608331	0.002608331
0.033943836	0.002627232	0.002627232	0.002627232
0.034188036	0.002646133	0.002646133	0.002646133
0.034432236	0.002665034	0.002665034	0.002665034
0.034676436	0.002683935	0.002683935	0.002683935
0.034920637	0.002702836	0.002702836	0.002702836
0.035164837	0.002721737	0.002721737	0.002721737
0.035409037	0.002740638	0.002740638	0.002740638
0.035653237	0.002759539	0.002759539	0.002759539
0.035897437	0.002778439	0.002778439	0.002778439
0.036141638	0.002797340	0.002797340	0.002797340
0.036385838	0.002816241	0.002816241	0.002816241
0.036630038	0.002835142	0.002835142	0.002835142
0.036874238	0.002854043	0.002854043	0.002854043
0.037118439	0.002872944	0.002872944	0.002872944
0.037362639	0.002891845	0.002891845	0.002891845
0.037606839	0.002910746	0.002910746	0.002910746
0.037851039	0.002929647	0.002929647	0.002929647
0.038095240	0.002948548	0.002948548	0.002948548
0.038339440	0.002967449	0.002967449	0.002967449
0.038583640	0.002986350	0.002986350	0.002986350
0.038827840	0.003005251	0.003005251	0.003005251
0.039072040	0.003024152	0.003024152	0.003024152
0.039316241	0.003043053	0.003043053	0.003043053
0.039560441	0.003061954	0.003061954	0.003061954
0.039804641	0.003080855	0.003080855	0.003080855
0.040048841	0.003099756	0.003099756	0.003099756
0.040293042	0.003118657	0.003118657	0.003118657
0.040537242	0.003137678	0.003137678	0.003137678
0.040781442	0.003156961	0.003156961	0.003156961
0.041025642	0.003176313	0.003176313	0.003176313
0.041269843	0.003195734	0.003195734	0.003195734
0.041514043	0.003215224	0.003215224	0.003215224
0.041758243	0.003234783	0.003234783	0.003234783
0.042002443	0.003254411	0.003254411	0.003254411
0.042246643	0.003274109	0.003274109	0.003274109
0.042490844	0.003293875	0.003293875	0.003293875
0.042735044	0.003313712	0.003313712	0.003313712
0.042979244	0.003333618	0.003333618	0.003333618
0.043223444	0.003353592	0.003353592	0.003353592
0.043467645	0.003373638	0.003373638	0.003373638
0.043711845	0.003393753	0.003393753	0.003393753
0.043956045	0.003413937	0.003413937	0.003413937
0.044200245	0.003434192	0.003434192	0.003434192
0.044444446	0.003454516	0.003454516	0.003454516
0.044688646	0.003474910	0.003474910	0.003474910
0.044932846	0.003495375	0.003495375	0.003495375
0.045177046	0.003515910	0.003515910	0.003515910
0.045421246	0.003536514	0.003536514	0.003536514
0.045665447	0.003557190	0.003557190	0.003557190
0.045909647	0.003577935	0.003577935	0.003577935
0.046153847	0.003598750	0.003598750	0.003598750
0.046398047	0.003619637	0.003619637	0.003619637
0.046642248	0.003640594	0.003640594	0.003640594
0.046886448	0.003661621	0.003661621	0.003661621
0.047130648	0.003682719	0.003682719	0.003682719
0.047374848	0.003703887	0.003703887	0.003703887
0.047619049	0.003725127	0.003725127	0.003725127
0.047863249	0.003746438	0.003746438	0.003746438
0.048107449	0.003767819	0.003767819	0.003767819
0.048351649	0.003789272	0.003789272	0.003789272
0.048595849	0.003810795	0.003810795	0.003810795
0.048840050	0.003832390	0.003832390	0.003832390
0.049084250	0.003854056	0.003854056	0.003854056
0.049328450	0.003875793	0.003875793	0.003875793
0.049572650	0.003897601	0.003897601	0.003897601
0.049816851	0.003919482	0.003919482	0.003919482
0.050061051	0.003941433	0.003941433	0.003941433
0.050305251	0.003963456	0.003963456	0.003963456
0.050549451	0.003985551	0.003985551	0.003985551
0.050793651	0.004007717	0.004007717	0.004007717
0.051037852	0.004029955	0.004029955	0.004029955
0.051282052	0.004052265	0.004052265	0.004052265
0.051526252	0.004074647	0.004074647	0.004074647
0.051770452	0.004097100	0.004097100	0.004097100
0.052014653	0.004119626	0.004119626	0.004119626
0.052258853	0.004142223	0.004142223	0.004142223
0.052503053	0.004164893	0.004164893	0.004164893
0.052747253	0.004187636	0.004187636	0.004187636
0.052991454	0.004210449	0.004210449	0.004210449
0.053235654	0.004233337	0.004233337	0.004233337
0.053479854	0.004256296	0.004256296	0.004256296
0.053724054	0.004279327	0.004279327	0.004279327
0.053968254	0.004302431	0.004302431	0.004302431
0.054212455	0.004325608	0.004325608	0.004325608
0.054456655	0.004348857	0.004348857	0.004348857
0.054700855	0.004372180	0.004372180	0.004372180
0.054945055	0.004395575	0.004395575	0.004395575
0.055189256	0.004419042	0.004419042	0.004419042
0.055433456	0.004442583	0.004442583	0.004442583
0.055677656	0.004466197	0.004466197	0.004466197
0.055921856	0.004489883	0.004489883	0.004489883
0.056166057	0.004513644	0.004513644	0.004513644
0.056410257	0.004537477	0.004537477	0.004537477
0.056654457	0.004561383	0.004561383	0.004561383
0.056898657	0.004585363	0.004585363	0.004585363
0.057142857	0.004609415	0.004609415	0.004609415
0.057387058	0.004633542	0.004633542	0.004633542
0.057631258	0.004657743	0.004657743	0.004657743
0.057875458	0.004682015	0.004682015	0.004682015
0.058119658	0.004706363	0.004706363	0.004706363
0.058363859	0.004730783	0.004730783	0.004730783
0.058608059	0.004755278	0.004755278	0.004755278
0.058852259	0.004779846	0.004779846	0.004779846
0.059096459	0.004804489	0.004804489	0.004804489
0.059340660	0.004829205	0.004829205	0.004829205
0.059584860	0.004853996	0.004853996	0.004853996
0.059829060	0.004878860	0.004878860	0.004878860
0.060073260	0.004903798	0.004903798	0.004903798
0.060317460	0.004928811	0.004928811	0.004928811
0.060561661	0.004953898	0.004953898	0.004953898
0.060805861	0.004979059	0.004979059	0.004979059
0.061050061	0.005004295	0.005004295	0.005004295
0.061294261	0.005029604	0.005029604	0.005029604
0.061538462	0.005054989	0.005054989	0.005054989
0.061782662	0.005080449	0.005080449	0.005080449
0.062026862	0.005105982	0.005105982	0.005105982
0.062271062	0.005131591	0.005131591	0.005131591
0.062515266	0.005157275	0.005157275	0.005157275
0.062759466	0.005183033	0.005183033	0.005183033
0.063003667	0.005208866	0.005208866	0.005208866
0.063247867	0.005234774	0.005234774	0.005234774
0.063492067	0.005260757	0.005260757	0.005260757
0.063736267	0.005286815	0.005286815	0.005286815
0.063980468	0.005312948	0.005312948	0.005312948
0.064224668	0.005339157	0.005339157	0.005339157
0.064468868	0.005365440	0.005365440	0.005365440
0.064713068	0.005391800	0.005391800	0.005391800
0.064957269	0.005418233	0.005418233	0.005418233
0.065201469	0.005444744	0.005444744	0.005444744
0.065445669	0.005471330	0.005471330	0.005471330
0.065689869	0.005497989	0.005497989	0.005497989
0.065934069	0.005524727	0.005524727	0.005524727
0.066178270	0.005551539	0.005551539	0.005551539
0.066422470	0.005578426	0.005578426	0.005578426
0.066666670	0.005605391	0.005605391	0.005605391
0.066910870	0.005632431	0.005632431	0.005632431
0.067155071	0.005659545	0.005659545	0.005659545
0.067399271	0.005686738	0.005686738	0.005686738
0.067643471	0.005714004	0.005714004	0.005714004
0.067887671	0.005741348	0.005741348	0.005741348
0.068131872	0.005768769	0.005768769	0.005768769
0.068376072	0.005796264	0.005796264	0.005796264
0.068620272	0.005823837	0.005823837	0.005823837
0.068864472	0.005851487	0.005851487	0.005851487
0.069108672	0.005879211	0.005879211	0.005879211
0.069352873	0.005907014	0.005907014	0.005907014
0.069597073	0.005934892	0.005934892	0.005934892
0.069841273	0.005962846	0.005962846	0.005962846
0.070085473	0.005990878	0.005990878	0.005990878
0.070329674	0.006018987	0.006018987	0.006018987
0.070573874	0.006047171	0.006047171	0.006047171
0.070818074	0.006075433	0.006075433	0.006075433
0.071062274	0.006103773	0.006103773	0.006103773
0.071306475	0.006132187	0.006132187	0.006132187
0.071550675	0.006160681	0.006160681	0.006160681
0.071794875	0.006189249	0.006189249	0.006189249
0.072039075	0.006217897	0.006217897	0.006217897
0.072283275	0.006246622	0.006246622	0.006246622
0.072527476	0.006275422	0.006275422	0.006275422
0.072771676	0.006304302	0.006304302	0.006304302
0.073015876	0.006333258	0.006333258	0.006333258
0.073260076	0.006362291	0.006362291	0.006362291
0.073504277	0.006391402	0.006391402	0.006391402
0.073748477	0.006420592	0.006420592	0.006420592
0.073992677	0.006449857	0.006449857	0.006449857
0.074236877	0.006479201	0.006479201	0.006479201
0.074481077	0.006508624	0.006508624	0.006508624
0.074725278	0.006538122	0.006538122	0.006538122
0.074969478	0.006567700	0.006567700	0.006567700
0.075213678	0.006597355	0.006597355	0.006597355
0.075457878	0.006627087	0.006627087	0.006627087
0.075702079	0.006656899	0.006656899	0.006656899
0.075946279	0.006686789	0.006686789	0.006686789
0.076190479	0.006716755	0.006716755	0.006716755
0.076434679	0.006746802	0.006746802	0.006746802
0.076678880	0.006776924	0.006776924	0.006776924
0.076923080	0.006807127	0.006807127	0.006807127
0.077167280	0.006837408	0.006837408	0.006837408
0.077411480	0.006867765	0.006867765	0.006867765
0.077655680	0.006898204	0.006898204	0.006898204
0.077899881	0.006928721	0.006928721	0.006928721
0.078144081	0.006959314	0.006959314	0.006959314
0.078388281	0.006989988	0.006989988	0.006989988
0.078632481	0.007020740	0.007020740	0.007020740
0.078876682	0.007051569	0.007051569	0.007051569
0.079120882	0.007082480	0.007082480	0.007082480
0.079365082	0.007113469	0.007113469	0.007113469
0.079609282	0.007144535	0.007144535	0.007144535
0.079853483	0.007175682	0.007175682	0.007175682
0.080097683	0.007206908	0.007206908	0.007206908
0.080341883	0.007238212	0.007238212	0.007238212
0.080586083	0.007269596	0.007269596	0.007269596
0.080830283	0.007301060	0.007301060	0.007301060
0.081074484	0.007332601	0.007332601	0.007332601
0.081318684	0.007364223	0.007364223	0.007364223
0.081562884	0.007395923	0.007395923	0.007395923
0.081807084	0.007427704	0.007427704	0.007427704
0.082051285	0.007459565	0.007459565	0.007459565
0.082295485	0.007491503	0.007491503	0.007491503
0.082539685	0.007523523	0.007523523	0.007523523
0.082783885	0.007555622	0.007555622	0.007555622
0.083028086	0.007587800	0.007587800	0.007587800
0.083272286	0.007620059	0.007620059	0.007620059
0.083516486	0.007652398	0.007652398	0.007652398
0.083760686	0.007684815	0.007684815	0.007684815
0.084004886	0.007717314	0.007717314	0.007717314
0.084249087	0.007749893	0.007749893	0.007749893
0.084493287	0.007782550	0.007782550	0.007782550
0.084737487	0.007815288	0.007815288	0.007815288
0.084981687	0.007848108	0.007848108	0.007848108
0.085225888	0.007881005	0.007881005	0.007881005
0.085470088	0.007913985	0.007913985	0.007913985
0.085714288	0.007947044	0.007947044	0.007947044
0.085958488	0.007980185	0.007980185	0.007980185
0.086202689	0.008013406	0.008013406	0.008013406
0.086446889	0.008046705	0.008046705	0.008046705
0.086691089	0.008080088	0.008080088	0.008080088
0.086935289	0.008113551	0.008113551	0.008113551
0.087179489	0.008147092	0.008147092	0.008147092
0.087423690	0.008180716	0.008180716	0.008180716
0.087667890	0.008214422	0.008214422	0.008214422
0.087912090	0.008248205	0.008248205	0.008248205
0.088156290	0.008282073	0.008282073	0.008282073
0.088400491	0.008316020	0.008316020	0.008316020
0.088644691	0.008350047	0.008350047	0.008350047
0.088888891	0.008384158	0.008384158	0.008384158
0.089133091	0.008418349	0.008418349	0.008418349
0.089377292	0.008452619	0.008452619	0.008452619
0.089621492	0.008486973	0.008486973	0.008486973
0.089865692	0.008521408	0.008521408	0.008521408
0.090109892	0.008555922	0.008555922	0.008555922
0.090354092	0.008590519	0.008590519	0.008590519
0.090598293	0.008625196	0.008625196	0.008625196
0.090842493	0.008659958	0.008659958	0.008659958
0.091086693	0.008694800	0.008694800	0.008694800
0.091330893	0.008729721	0.008729721	0.008729721
0.091575094	0.008764727	0.008764727	0.008764727
0.091819294	0.008799815	0.008799815	0.008799815
0.092063494	0.008834981	0.008834981	0.008834981
0.092307694	0.008870233	0.008870233	0.008870233
0.092551894	0.008905566	0.008905566	0.008905566
0.092796095	0.008940979	0.008940979	0.008940979
0.093040295	0.008976475	0.008976475	0.008976475
0.093284495	0.009012055	0.009012055	0.009012055
0.093528695	0.009047713	0.009047713	0.009047713
0.093772896	0.009083456	0.009083456	0.009083456
0.094017096	0.009119282	0.009119282	0.009119282
0.094261296	0.009155188	0.009155188	0.009155188
0.094505496	0.009191178	0.009191178	0.009191178
0.094749697	0.009227249	0.009227249	0.009227249
0.094993897	0.009263404	0.009263404	0.009263404
0.095238097	0.009299641	0.009299641	0.009299641
0.095482297	0.009335958	0.009335958	0.009335958
0.095726497	0.009372362	0.009372362	0.009372362
0.095970698	0.009408846	0.009408846	0.009408846
0.096214898	0.009445413	0.009445413	0.009445413
0.096459098	0.009482063	0.009482063	0.009482063
0.096703298	0.009518798	0.009518798	0.009518798
0.096947499	0.009555612	0.009555612	0.009555612
0.097191699	0.009592511	0.009592511	0.009592511
0.097435899	0.009629494	0.009629494	0.009629494
0.097680099	0.009666556	0.009666556	0.009666556
0.097924300	0.009703705	0.009703705	0.009703705
0.098168500	0.009740937	0.009740937	0.009740937
0.098412700	0.009778249	0.009778249	0.009778249
0.098656900	0.009815647	0.009815647	0.009815647
0.098901100	0.009853129	0.009853129	0.009853129
0.099145301	0.009890691	0.009890691	0.009890691
0.099389501	0.009928340	0.009928340	0.009928340
0.099633701	0.009966069	0.009966069	0.009966069
0.099877901	0.010003884	0.010003884	0.010003884
0.100122102	0.010041784	0.010041784	0.010041784
0.100366302	0.010079763	0.010079763	0.010079763
0.100610502	0.010117830	0.010117830	0.010117830
0.100854702	0.010155980	0.010155980	0.010155980
0.101098903	0.010194210	0.010194210	0.010194210
0.101343103	0.010232528	0.010232528	0.010232528
0.101587303	0.010270929	0.010270929	0.010270929
0.101831503	0.010309412	0.010309412	0.010309412
0.102075703	0.010347981	0.010347981	0.010347981
0.102319904	0.010386635	0.010386635	0.010386635
0.102564104	0.010425369	0.010425369	0.010425369
0.102808304	0.010464191	0.010464191	0.010464191
0.103052504	0.010503097	0.010503097	0.010503097
0.103296705	0.010542084	0.010542084	0.010542084
0.103540905	0.010581158	0.010581158	0.010581158
0.103785105	0.010620316	0.010620316	0.010620316
0.104029305	0.010659557	0.010659557	0.010659557
0.104273506	0.010698885	0.010698885	0.010698885
0.104517706	0.010738294	0.010738294	0.010738294
0.104761906	0.010777790	0.010777790	0.010777790
0.105006106	0.010817371	0.010817371	0.010817371
0.105250306	0.010857034	0.010857034	0.010857034
0.105494507	0.010896785	0.010896785	0.010896785
0.105738707	0.010936621	0.010936621	0.010936621
0.105982907	0.010976538	0.010976538	0.010976538
0.106227107	0.011016543	0.011016543	0.011016543
0.106471308	0.011056633	0.011056633	0.011056633
0.106715508	0.011096805	0.011096805	0.011096805
0.106959708	0.011137065	0.011137065	0.011137065
0.107203908	0.011177410	0.011177410	0.011177410
0.107448108	0.011217837	0.011217837	0.011217837
0.107692309	0.011258353	0.011258353	0.011258353
0.107936509	0.011298954	0.011298954	0.011298954
0.108180709	0.011339637	0.011339637	0.011339637
0.108424909	0.011380408	0.011380408	0.011380408
0.108669110	0.011421261	0.011421261	0.011421261
0.108913310	0.011462203	0.011462203	0.011462203
0.109157510	0.011503231	0.011503231	0.011503231
0.109401710	0.011544341	0.011544341	0.011544341
0.109645911	0.011585539	0.011585539	0.011585539
0.109890111	0.011626824	0.011626824	0.011626824
0.110134311	0.011668190	0.011668190	0.011668190
0.110378511	0.011709646	0.011709646	0.011709646
0.110622711	0.011751188	0.011751188	0.011751188
0.110866912	0.011792812	0.011792812	0.011792812
0.111111112	0.011834526	0.011834526	0.011834526
0.111355312	0.011876324	0.011876324	0.011876324
0.111599512	0.011918207	0.011918207	0.011918207
0.111843713	0.011960178	0.011960178	0.011960178
0.112087913	0.012002234	0.012002234	0.012002234
0.112332113	0.012044375	0.012044375	0.012044375
0.112576313	0.012086605	0.012086605	0.012086605
0.112820514	0.012128920	0.012128920	0.012128920
0.113064714	0.012171320	0.012171320	0.012171320
0.113308914	0.012213808	0.012213808	0.012213808
0.113553114	0.012256380	0.012256380	0.012256380
0.113797314	0.012299041	0.012299041	0.012299041
0.114041515	0.012341789	0.012341789	0.012341789
0.114285715	0.012384620	0.012384620	0.012384620
0.114529915	0.012427541	0.012427541	0.012427541
0.114774115	0.012470549	0.012470549	0.012470549
0.115018316	0.012513640	0.012513640	0.012513640
0.115262516	0.012556821	0.012556821	0.012556821
0.115506716	0.012600088	0.012600088	0.012600088
0.115750916	0.012643441	0.012643441	0.012643441
0.115995117	0.012686882	0.012686882	0.012686882
0.116239317	0.012730410	0.012730410	0.012730410
0.116483517	0.012774022	0.012774022	0.012774022
0.116727717	0.012817726	0.012817726	0.012817726
0.116971917	0.012861514	0.012861514	0.012861514
0.117216118	0.012905388	0.012905388	0.012905388
0.117460318	0.012949352	0.012949352	0.012949352
0.117704518	0.012993401	0.012993401	0.012993401
0.117948718	0.013037539	0.013037539	0.013037539
0.118192919	0.013081765	0.013081765	0.013081765
0.118437119	0.013126074	0.013126074	0.013126074
0.118681319	0.013170475	0.013170475	0.013170475
0.118925519	0.013214963	0.013214963	0.013214963
0.119169720	0.013259536	0.013259536	0.013259536
0.119413920	0.013304199	0.013304199	0.013304199
0.119658120	0.013348950	0.013348950	0.013348950
0.119902320	0.013393785	0.013393785	0.013393785
0.120146520	0.013438712	0.013438712	0.013438712
0.120390721	0.013483725	0.013483725	0.013483725
0.120634921	0.013528824	0.013528824	0.013528824
0.120879121	0.013574013	0.013574013	0.013574013
0.121123321	0.013619292	0.013619292	0.013619292
0.121367522	0.013664654	0.013664654	0.013664654
0.121611722	0.013710108	0.013710108	0.013710108
0.121855922	0.013755649	0.013755649	0.013755649
0.122100122	0.013801276	0.013801276	0.013801276
0.122344323	0.013846994	0.013846994	0.013846994
0.122588523	0.013892797	0.013892797	0.013892797
0.122832723	0.013938691	0.013938691	0.013938691
0.123076923	0.013984675	0.013984675	0.013984675
0.123321123	0.014030742	0.014030742	0.014030742
0.123565324	0.014076902	0.014076902	0.014076902
0.123809524	0.014123150	0.014123150	0.014123150
0.124053724	0.014169483	0.014169483	0.014169483
0.124297924	0.014215909	0.014215909	0.014215909
0.124542125	0.014262422	0.014262422	0.014262422
0.124786325	0.014309022	0.014309022	0.014309022
0.125030532	0.014355713	0.014355713	0.014355713
0.125274733	0.014402492	0.014402492	0.014402492
0.125518933	0.014449361	0.014449361	0.014449361
0.125763133	0.014496315	0.014496315	0.014496315
0.126007333	0.014543362	0.014543362	0.014543362
0.126251534	0.014590497	0.014590497	0.014590497
0.126495734	0.014637718	0.014637718	0.014637718
0.126739934	0.014685031	0.014685031	0.014685031
0.126984134	0.014732433	0.014732433	0.014732433
0.127228335	0.014779923	0.014779923	0.014779923
0.127472535	0.014827503	0.014827503	0.014827503
0.127716735	0.014875173	0.014875173	0.014875173
0.127960935	0.014922929	0.014922929	0.014922929
0.128205135	0.014970778	0.014970778	0.014970778
0.128449336	0.015018716	0.015018716	0.015018716
0.128693536	0.015066739	0.015066739	0.015066739
0.128937736	0.015114856	0.015114856	0.015114856
0.129181936	0.015163059	0.015163059	0.015163059
0.129426137	0.015211355	0.015211355	0.015211355
0.129670337	0.015259741	0.015259741	0.015259741
0.129914537	0.015308212	0.015308212	0.015308212
0.130158737	0.015356777	0.015356777	0.015356777
0.130402938	0.015405432	0.015405432	0.015405432
0.130647138	0.015454173	0.015454173	0.015454173
0.130891338	0.015503008	0.015503008	0.015503008
0.131135538	0.015551932	0.015551932	0.015551932
0.131379738	0.015600943	0.015600943	0.015600943
0.131623939	0.015650047	0.015650047	0.015650047
0.131868139	0.015699241	0.015699241	0.015699241
0.132112339	0.015748521	0.015748521	0.015748521
0.132356539	0.015797896	0.015797896	0.015797896
0.132600740	0.015847357	0.015847357	0.015847357
0.132844940	0.015896913	0.015896913	0.015896913
0.133089140	0.015946558	0.015946558	0.015946558
0.133333340	0.015996290	0.015996290	0.015996290
0.133577541	0.016046114	0.016046114	0.016046114
0.133821741	0.016096031	0.016096031	0.016096031
0.134065941	0.016146034	0.016146034	0.016146034
0.134310141	0.016196132	0.016196132	0.016196132
0.134554341	0.016246317	0.016246317	0.016246317
0.134798542	0.016296593	0.016296593	0.016296593
0.135042742	0.016346963	0.016346963	0.016346963
0.135286942	0.016397420	0.016397420	0.016397420
0.135531142	0.016447971	0.016447971	0.016447971
0.135775343	0.016498610	0.016498610	0.016498610
0.136019543	0.016549340	0.016549340	0.016549340
0.136263743	0.016600162	0.016600162	0.016600162
0.136507943	0.016651075	0.016651075	0.016651075
0.136752144	0.016702078	0.016702078	0.016702078
0.136996344	0.016753173	0.016753173	0.016753173
0.137240544	0.016804360	0.016804360	0.016804360
0.137484744	0.016855635	0.016855635	0.016855635
0.137728944	0.016907003	0.016907003	0.016907003
0.137973145	0.016958464	0.016958464	0.016958464
0.138217345	0.017010013	0.017010013	0.017010013
0.138461545	0.017061654	0.017061654	0.017061654
0.138705745	0.017113389	0.017113389	0.017113389
0.138949946	0.017165212	0.017165212	0.017165212
0.139194146	0.017217128	0.017217128	0.017217128
0.139438346	0.017269133	0.017269133	0.017269133
0.139682546	0.017321233	0.017321233	0.017321233
0.139926746	0.017373424	0.017373424	0.017373424
0.140170947	0.017425705	0.017425705	0.017425705
0.140415147	0.017478079	0.017478079	0.017478079
0.140659347	0.017530546	0.017530546	0.017530546
0.140903547	0.017583100	0.017583100	0.017583100
0.141147748	0.017635752	0.017635752	0.017635752
0.141391948	0.017688492	0.017688492	0.017688492
0.141636148	0.017741323	0.017741323	0.017741323
0.141880348	0.017794250	0.017794250	0.017794250
0.142124549	0.017847266	0.017847266	0.017847266
0.142368749	0.017900374	0.017900374	0.017900374
0.142612949	0.017953575	0.017953575	0.017953575
0.142857149	0.018006869	0.018006869	0.018006869
0.143101349	0.018060252	0.018060252	0.018060252
0.143345550	0.018113730	0.018113730	0.018113730
0.143589750	0.018167298	0.018167298	0.018167298
0.143833950	0.018220961	0.018220961	0.018220961
0.144078150	0.018274715	0.018274715	0.018274715
0.144322351	0.018328561	0.018328561	0.018328561
0.144566551	0.018382501	0.018382501	0.018382501
0.144810751	0.018436532	0.018436532	0.018436532
0.145054951	0.018490653	0.018490653	0.018490653
0.145299152	0.018544871	0.018544871	0.018544871
0.145543352	0.018599182	0.018599182	0.018599182
0.145787552	0.018653581	0.018653581	0.018653581
0.146031752	0.018708078	0.018708078	0.018708078
0.146275952	0.018762667	0.018762667	0.018762667
0.146520153	0.018817343	0.018817343	0.018817343
0.146764353	0.018872118	0.018872118	0.018872118
0.147008553	0.018926986	0.018926986	0.018926986
0.147252753	0.018981941	0.018981941	0.018981941
0.147496954	0.019036993	0.019036993	0.019036993
0.147741154	0.019092141	0.019092141	0.019092141
0.147985354	0.019147376	0.019147376	0.019147376
0.148229554	0.019202707	0.019202707	0.019202707
0.148473755	0.019258128	0.019258128	0.019258128
0.148717955	0.019313648	0.019313648	0.019313648
0.148962155	0.019369259	0.019369259	0.019369259
0.149206355	0.019424962	0.019424962	0.019424962
0.149450555	0.019480759	0.019480759	0.019480759
0.149694756	0.019536652	0.019536652	0.019536652
0.149938956	0.019592633	0.019592633	0.019592633
0.150183156	0.019648712	0.019648712	0.019648712
0.150427356	0.019704884	0.019704884	0.019704884
0.150671557	0.019761145	0.019761145	0.019761145
0.150915757	0.019817505	0.019817505	0.019817505
0.151159957	0.019873958	0.019873958	0.019873958
0.151404157	0.019930501	0.019930501	0.019930501
0.151648358	0.019987142	0.019987142	0.019987142
0.151892558	0.020043876	0.020043876	0.020043876
0.152136758	0.020100700	0.020100700	0.020100700
0.152380958	0.020157622	0.020157622	0.020157622
0.152625158	0.020214638	0.020214638	0.020214638
0.152869359	0.020271745	0.020271745	0.020271745
0.153113559	0.020328948	0.020328948	0.020328948
0.153357759	0.020386241	0.020386241	0.020386241
0.153601959	0.020443633	0.020443633	0.020443633
0.153846160	0.020501120	0.020501120	0.020501120
0.154090360	0.020558696	0.020558696	0.020558696
0.154334560	0.020616371	0.020616371	0.020616371
0.154578760	0.020674139	0.020674139	0.020674139
0.154822960	0.020731999	0.020731999	0.020731999
0.155067161	0.020789957	0.020789957	0.020789957
0.155311361	0.020848008	0.020848008	0.020848008
0.155555561	0.020906150	0.020906150	0.020906150
0.155799761	0.020964392	0.020964392	0.020964392
0.156043962	0.021022728	0.021022728	0.021022728
0.156288162	0.021081153	0.021081153	0.021081153
0.156532362	0.021139678	0.021139678	0.021139678
0.156776562	0.021198297	0.021198297	0.021198297
0.157020763	0.021257007	0.021257007	0.021257007
0.157264963	0.021315815	0.021315815	0.021315815
0.157509163	0.021374715	0.021374715	0.021374715
0.157753363	0.021433713	0.021433713	0.021433713
0.157997563	0.021492807	0.021492807	0.021492807
0.158241764	0.021551991	0.021551991	0.021551991
0.158485964	0.021611273	0.021611273	0.021611273
0.158730164	0.021670651	0.021670651	0.021670651
0.158974364	0.021730121	0.021730121	0.021730121
0.159218565	0.021789689	0.021789689	0.021789689
0.159462765	0.021849353	0.021849353	0.021849353
0.159706965	0.021909107	0.021909107	0.021909107
0.159951165	0.021968961	0.021968961	0.021968961
0.160195366	0.022028910	0.022028910	0.022028910
0.160439566	0.022088950	0.022088950	0.022088950
0.160683766	0.022149090	0.022149090	0.022149090
0.160927966	0.022209326	0.022209326	0.022209326
0.161172166	0.022269651	0.022269651	0.022269651
0.161416367	0.022330077	0.022330077	0.022330077
0.161660567	0.022390600	0.022390600	0.022390600
0.161904767	0.022451213	0.022451213	0.022451213
0.162148967	0.022511926	0.022511926	0.022511926
0.162393168	0.022572730	0.022572730	0.022572730
0.162637368	0.022633635	0.022633635	0.022633635
0.162881568	0.022694634	0.022694634	0.022694634
0.163125768	0.022755725	0.022755725	0.022755725
0.163369969	0.022816917	0.022816917	0.022816917
0.163614169	0.022878205	0.022878205	0.022878205
0.163858369	0.022939583	0.022939583	0.022939583
0.164102569	0.023001064	0.023001064	0.023001064
0.164346769	0.023062639	0.023062639	0.023062639
0.164590970	0.023124306	0.023124306	0.023124306
0.164835170	0.023186073	0.023186073	0.023186073
0.165079370	0.023247937	0.023247937	0.023247937
0.165323570	0.023309892	0.023309892	0.023309892
0.165567771	0.023371948	0.023371948	0.023371948
0.165811971	0.023434101	0.023434101	0.023434101
0.166056171	0.023496345	0.023496345	0.023496345
0.166300371	0.023558689	0.023558689	0.023558689
0.166544572	0.023621127	0.023621127	0.023621127
0.166788772	0.023683665	0.023683665	0.023683665
0.167032972	0.023746299	0.023746299	0.023746299
0.167277172	0.023809025	0.023809025	0.023809025
0.167521372	0.023871852	0.023871852	0.023871852
0.167765573	0.023934776	0.023934776	0.023934776
0.168009773	0.023997793	0.023997793	0.023997793
0.168253973	0.024060911	0.024060911	0.024060911
0.168498173	0.024124125	0.024124125	0.024124125
0.168742374	0.024187431	0.024187431	0.024187431
0.168986574	0.024250839	0.024250839	0.024250839
0.169230774	0.024314342	0.024314342	0.024314342
0.169474974	0.024377940	0.024377940	0.024377940
0.169719175	0.024441637	0.024441637	0.024441637
0.169963375	0.024505433	0.024505433	0.024505433
0.170207575	0.024569321	0.024569321	0.024569321
0.170451775	0.024633311	0.024633311	0.024633311
0.170695975	0.024697397	0.024697397	0.024697397
0.170940176	0.024761576	0.024761576	0.024761576
0.171184376	0.024825856	0.024825856	0.024825856
0.171428576	0.024890231	0.024890231	0.024890231
0.171672776	0.024954706	0.024954706	0.024954706
0.171916977	0.025019279	0.025019279	0.025019279
0.172161177	0.025083944	0.025083944	0.025083944
0.172405377	0.025148710	0.025148710	0.025148710
0.172649577	0.025213575	0.025213575	0.025213575
0.172893777	0.025278535	0.025278535	0.025278535
0.173137978	0.025343593	0.025343593	0.025343593
0.173382178	0.025408750	0.025408750	0.025408750
0.173626378	0.025474001	0.025474001	0.025474001
0.173870578	0.025539353	0.025539353	0.025539353
0.174114779	0.025604805	0.025604805	0.025604805
0.174358979	0.025670348	0.025670348	0.025670348
0.174603179	0.025735995	0.025735995	0.025735995
0.174847379	0.025801737	0.025801737	0.025801737
0.175091580	0.025867574	0.025867574	0.025867574
0.175335780	0.025933513	0.025933513	0.025933513
0.175579980	0.025999552	0.025999552	0.025999552
0.175824180	0.026065683	0.026065683	0.026065683
0.176068380	0.026131915	0.026131915	0.026131915
0.176312581	0.026198244	0.026198244	0.026198244
0.176556781	0.026264673	0.026264673	0.026264673
0.176800981	0.026331199	0.026331199	0.026331199
0.177045181	0.026397822	0.026397822	0.026397822
0.177289382	0.026464546	0.026464546	0.026464546
0.177533582	0.026531368	0.026531368	0.026531368
0.177777782	0.026598284	0.026598284	0.026598284
0.178021982	0.026665304	0.026665304	0.026665304
0.178266183	0.026732421	0.026732421	0.026732421
0.178510383	0.026799632	0.026799632	0.026799632
0.178754583	0.026866946	0.026866946	0.026866946
0.178998783	0.026934359	0.026934359	0.026934359
0.179242983	0.027001867	0.027001867	0.027001867
0.179487184	0.027069477	0.027069477	0.027069477
0.179731384	0.027137186	0.027137186	0.027137186
0.179975584	0.027204989	0.027204989	0.027204989
0.180219784	0.027272895	0.027272895	0.027272895
0.180463985	0.027340895	0.027340895	0.027340895
0.180708185	0.027408998	0.027408998	0.027408998
0.180952385	0.027477201	0.027477201	0.027477201
0.181196585	0.027545499	0.027545499	0.027545499
0.181440786	0.027613899	0.027613899	0.027613899
0.181684986	0.027682398	0.027682398	0.027682398
0.181929186	0.027750991	0.027750991	0.027750991
0.182173386	0.027819689	0.027819689	0.027819689
0.182417586	0.027888486	0.027888486	0.027888486
0.182661787	0.027957378	0.027957378	0.027957378
0.182905987	0.028026372	0.028026372	0.028026372
0.183150187	0.028095465	0.028095465	0.028095465
0.183394387	0.028164655	0.028164655	0.028164655
0.183638588	0.028233947	0.028233947	0.028233947
0.183882788	0.028303340	0.028303340	0.028303340
0.184126988	0.028372826	0.028372826	0.028372826
0.184371188	0.028442416	0.028442416	0.028442416
0.184615389	0.028512107	0.028512107	0.028512107
0.184859589	0.028581893	0.028581893	0.028581893
0.185103789	0.028651781	0.028651781	0.028651781
0.185347989	0.028721767	0.028721767	0.028721767
0.185592189	0.028791854	0.028791854	0.028791854
0.185836390	0.028862042	0.028862042	0.028862042
0.186080590	0.028932326	0.028932326	0.028932326
0.186324790	0.029002713	0.029002713	0.029002713
0.186568990	0.029073201	0.029073201	0.029073201
0.186813191	0.029143784	0.029143784	0.029143784
0.187057391	0.029214472	0.029214472	0.029214472
0.187301591	0.029285258	0.029285258	0.029285258
0.187545791	0.029356141	0.029356141	0.029356141
0.187789991	0.029427128	0.029427128	0.029427128
0.188034192	0.029498214	0.029498214	0.029498214
0.188278392	0.029569397	0.029569397	0.029569397
0.188522592	0.029640684	0.029640684	0.029640684
0.188766792	0.029712072	0.029712072	0.029712072
0.189010993	0.029783554	0.029783554	0.029783554
0.189255193	0.029855141	0.029855141	0.029855141
0.189499393	0.029926825	0.029926825	0.029926825
0.189743593	0.029998614	0.029998614	0.029998614
0.189987794	0.030070502	0.030070502	0.030070502
0.190231994	0.030142486	0.030142486	0.030142486
0.190476194	0.030214576	0.030214576	0.030214576
0.190720394	0.030286767	0.030286767	0.030286767
0.190964594	0.030359052	0.030359052	0.030359052
0.191208795	0.030431442	0.030431442	0.030431442
0.191452995	0.030503934	0.030503934	0.030503934
0.191697195	0.030576522	0.030576522	0.030576522
0.191941395	0.030649215	0.030649215	0.030649215
0.192185596	0.030722007	0.030722007	0.030722007
0.192429796	0.030794898	0.030794898	0.030794898
0.192673996	0.030867893	0.030867893	0.030867893
0.192918196	0.030940989	0.030940989	0.030940989
0.193162397	0.031014182	0.031014182	0.031014182
0.193406597	0.031087479	0.031087479	0.031087479
0.193650797	0.031160878	0.031160878	0.031160878
0.193894997	0.031234372	0.031234372	0.031234372
0.194139197	0.031307973	0.031307973	0.031307973
0.194383398	0.031381670	0.031381670	0.031381670
0.194627598	0.031455472	0.031455472	0.031455472
0.194871798	0.031529378	0.031529378	0.031529378
0.195115998	0.031603377	0.031603377	0.031603377
0.195360199	0.031677485	0.031677485	0.031677485
0.195604399	0.031751692	0.031751692	0.031751692
0.195848599	0.031825997	0.031825997	0.031825997
0.196092799	0.031900406	0.031900406	0.031900406
0.196337000	0.031974919	0.031974919	0.031974919
0.196581200	0.032049526	0.032049526	0.032049526
0.196825400	0.032124240	0.032124240	0.032124240
0.197069600	0.032199059	0.032199059	0.032199059
0.197313800	0.032273971	0.032273971	0.032273971
0.197558001	0.032348990	0.032348990	0.032348990
0.197802201	0.032424111	0.032424111	0.032424111
0.198046401	0.032499328	0.032499328	0.032499328
0.198290601	0.032574654	0.032574654	0.032574654
0.198534802	0.032650072	0.032650072	0.032650072
0.198779002	0.032725602	0.032725602	0.032725602
0.199023202	0.032801230	0.032801230	0.032801230
0.199267402	0.032876957	0.032876957	0.032876957
0.199511603	0.032952789	0.032952789	0.032952789
0.199755803	0.033028726	0.033028726	0.033028726
0.200000003	0.033104759	0.033104759	0.033104759
0.200244203	0.033180896	0.033180896	0.033180896
0.200488403	0.033257138	0.033257138	0.033257138
0.200732604	0.033333477	0.033333477	0.033333477
0.200976804	0.033409923	0.033409923	0.033409923
0.201221004	0.033486471	0.033486471	0.033486471
0.201465204	0.033563115	0.033563115	0.033563115
0.201709405	0.033639867	0.033639867	0.033639867
0.201953605	0.033716720	0.033716720	0.033716720
0.202197805	0.033793673	0.033793673	0.033793673
0.202442005	0.033870731	0.033870731	0.033870731
0.202686206	0.033947892	0.033947892	0.033947892
0.202930406	0.034025151	0.034025151	0.034025151
0.203174606	0.034102518	0.034102518	0.034102518
0.203418806	0.034179982	0.034179982	0.034179982
0.203663006	0.034257554	0.034257554	0.034257554
0.203907207	0.034335230	0.034335230	0.034335230
0.204151407	0.034412999	0.034412999	0.034412999
0.204395607	0.034490880	0.034490880	0.034490880
0.204639807	0.034568861	0.034568861	0.034568861
0.204884008	0.034646943	0.034646943	0.034646943
0.205128208	0.034725130	0.034725130	0.034725130
0.205372408	0.034803420	0.034803420	0.034803420
0.205616608	0.034881808	0.034881808	0.034881808
0.205860808	0.034960303	0.034960303	0.034960303
0.206105009	0.035038903	0.035038903	0.035038903
0.206349209	0.035117600	0.035117600	0.035117600
0.206593409	0.035196405	0.035196405	0.035196405
0.206837609	0.035275314	0.035275314	0.035275314
0.207081810	0.035354320	0.035354320	0.035354320
0.207326010	0.035433434	0.035433434	0.035433434
0.207570210	0.035512652	0.035512652	0.035512652
0.207814410	0.035591967	0.035591967	0.035591967
0.208058611	0.035671391	0.035671391	0.035671391
0.208302811	0.035750914	0.035750914	0.035750914
0.208547011	0.035830546	0.035830546	0.035830546
0.208791211	0.035910286	0.035910286	0.035910286
0.209035411	0.035990112	0.035990112	0.035990112
0.209279612	0.036070053	0.036070053	0.036070053
0.209523812	0.036150098	0.036150098	0.036150098
0.209768012	0.036230244	0.036230244	0.036230244
0.210012212	0.036310498	0.036310498	0.036310498
0.210256413	0.036390852	0.036390852	0.036390852
0.210500613	0.036471300	0.036471300	0.036471300
0.210744813	0.036551863	0.036551863	0.036551863
0.210989013	0.036632530	0.036632530	0.036632530
0.211233214	0.036713298	0.036713298	0.036713298
0.211477414	0.036794171	0.036794171	0.036794171
0.211721614	0.036875151	0.036875151	0.036875151
0.211965814	0.036956221	0.036956221	0.036956221
0.212210014	0.037037406	0.037037406	0.037037406
0.212454215	0.037118696	0.037118696	0.037118696
0.212698415	0.037200090	0.037200090	0.037200090
0.212942615	0.037281584	0.037281584	0.037281584
0.213186815	0.037363175	0.037363175	0.037363175
0.213431016	0.037444882	0.037444882	0.037444882
0.213675216	0.037526689	0.037526689	0.037526689
0.213919416	0.037608605	0.037608605	0.037608605
0.214163616	0.037690621	0.037690621	0.037690621
0.214407817	0.037772745	0.037772745	0.037772745
0.214652017	0.037854958	0.037854958	0.037854958
0.214896217	0.037937291	0.037937291	0.037937291
0.215140417	0.038019724	0.038019724	0.038019724
0.215384617	0.038102265	0.038102265	0.038102265
0.215628818	0.038184907	0.038184907	0.038184907
0.215873018	0.038267657	0.038267657	0.038267657
0.216117218	0.038350500	0.038350500	0.038350500
0.216361418	0.038433455	0.038433455	0.038433455
0.216605619	0.038516518	0.038516518	0.038516518
0.216849819	0.038599685	0.038599685	0.038599685
0.217094019	0.038682956	0.038682956	0.038682956
0.217338219	0.038766321	0.038766321	0.038766321
0.217582420	0.038849801	0.038849801	0.038849801
0.217826620	0.038933389	0.038933389	0.038933389
0.218070820	0.039017078	0.039017078	0.039017078
0.218315020	0.039100874	0.039100874	0.039100874
0.218559220	0.039184771	0.039184771	0.039184771
0.218803421	0.039268766	0.039268766	0.039268766
0.219047621	0.039352875	0.039352875	0.039352875
0.219291821	0.039437093	0.039437093	0.039437093
0.219536021	0.039521411	0.039521411	0.039521411
0.219780222	0.039605837	0.039605837	0.039605837
0.220024422	0.039690368	0.039690368	0.039690368
0.220268622	0.039774992	0.039774992	0.039774992
0.220512822	0.039859731	0.039859731	0.039859731
0.220757023	0.039944578	0.039944578	0.039944578
0.221001223	0.040029526	0.040029526	0.040029526
0.221245423	0.040114582	0.040114582	0.040114582
0.221489623	0.040199734	0.040199734	0.040199734
0.221733823	0.040284999	0.040284999	0.040284999
0.221978024	0.040370371	0.040370371	0.040370371
0.222222224	0.040455852	0.040455852	0.040455852
0.222466424	0.040541433	0.040541433	0.040541433
0.222710624	0.040627122	0.040627122	0.040627122
0.222954825	0.040712904	0.040712904	0.040712904
0.223199025	0.040798806	0.040798806	0.040798806
0.223443225	0.040884811	0.040884811	0.040884811
0.223687425	0.040970922	0.040970922	0.040970922
0.223931625	0.041057140	0.041057140	0.041057140
0.224175826	0.041143462	0.041143462	0.041143462
0.224420026	0.041229878	0.041229878	0.041229878
0.224664226	0.041316412	0.041316412	0.041316412
0.224908426	0.041403051	0.041403051	0.041403051
0.225152627	0.041489799	0.041489799	0.041489799
0.225396827	0.041576650	0.041576650	0.041576650
0.225641027	0.041663606	0.041663606	0.041663606
0.225885227	0.041750658	0.041750658	0.041750658
0.226129428	0.041837830	0.041837830	0.041837830
0.226373628	0.041925106	0.041925106	0.041925106
0.226617828	0.042012487	0.042012487	0.042012487
0.226862028	0.042099975	0.042099975	0.042099975
0.227106228	0.042187560	0.042187560	0.042187560
0.227350429	0.042275257	0.042275257	0.042275257
0.227594629	0.042363066	0.042363066	0.042363066
0.227838829	0.042450979	0.042450979	0.042450979
0.228083029	0.042538997	0.042538997	0.042538997
0.228327230	0.042627122	0.042627122	0.042627122
0.228571430	0.042715345	0.042715345	0.042715345
0.228815630	0.042803682	0.042803682	0.042803682
0.229059830	0.042892128	0.042892128	0.042892128
0.229304031	0.042980678	0.042980678	0.042980678
0.229548231	0.043069337	0.043069337	0.043069337
0.229792431	0.043158103	0.043158103	0.043158103
0.230036631	0.043246962	0.043246962	0.043246962
0.230280831	0.043335941	0.043335941	0.043335941
0.230525032	0.043425024	0.043425024	0.043425024
0.230769232	0.043514218	0.043514218	0.043514218
0.231013432	0.043603513	0.043603513	0.043603513
0.231257632	0.043692909	0.043692909	0.043692909
0.231501833	0.043782420	0.043782420	0.043782420
0.231746033	0.043872040	0.043872040	0.043872040
0.231990233	0.043961763	0.043961763	0.043961763
0.232234433	0.044051599	0.044051599	0.044051599
0.232478634	0.044141538	0.044141538	0.044141538
0.232722834	0.044231571	0.044231571	0.044231571
0.232967034	0.044321727	0.044321727	0.044321727
0.233211234	0.044411987	0.044411987	0.044411987
0.233455434	0.044502355	0.044502355	0.044502355
0.233699635	0.044592828	0.044592828	0.044592828
0.233943835	0.044683412	0.044683412	0.044683412
0.234188035	0.044774089	0.044774089	0.044774089
0.234432235	0.044864886	0.044864886	0.044864886
0.234676436	0.044955790	0.044955790	0.044955790
0.234920636	0.045046803	0.045046803	0.045046803
0.235164836	0.045137919	0.045137919	0.045137919
0.235409036	0.045229133	0.045229133	0.045229133
0.235653237	0.045320466	0.045320466	0.045320466
0.235897437	0.045411911	0.045411911	0.045411911
0.236141637	0.045503456	0.045503456	0.045503456
0.236385837	0.045595113	0.045595113	0.045595113
0.236630037	0.045686878	0.045686878	0.045686878
0.236874238	0.045778736	0.045778736	0.045778736
0.237118438	0.045870718	0.045870718	0.045870718
0.237362638	0.045962803	0.045962803	0.045962803
0.237606838	0.046054997	0.046054997	0.046054997
0.237851039	0.046147302	0.046147302	0.046147302
0.238095239	0.046239711	0.046239711	0.046239711
0.238339439	0.046332218	0.046332218	0.046332218
0.238583639	0.046424843	0.046424843	0.046424843
0.238827839	0.046517577	0.046517577	0.046517577
0.239072040	0.046610419	0.046610419	0.046610419
0.239316240	0.046703368	0.046703368	0.046703368
0.239560440	0.046796426	0.046796426	0.046796426
0.239804640	0.046889581	0.046889581	0.046889581
0.240048841	0.046982855	0.046982855	0.046982855
0.240293041	0.047076236	0.047076236	0.047076236
0.240537241	0.047169726	0.047169726	0.047169726
0.240781441	0.047263324	0.047263324	0.047263324
0.241025642	0.047357019	0.047357019	0.047357019
0.241269842	0.047450837	0.047450837	0.047450837
0.241514042	0.047544759	0.047544759	0.047544759
0.241758242	0.047638793	0.047638793	0.047638793
0.242002442	0.047732931	0.047732931	0.047732931
0.242246643	0.047827180	0.047827180	0.047827180
0.242490843	0.047921523	0.047921523	0.047921523
0.242735043	0.048015989	0.048015989	0.048015989
0.242979243	0.048110563	0.048110563	0.048110563
0.243223444	0.048205249	0.048205249	0.048205249
0.243467644	0.048300039	0.048300039	0.048300039
0.243711844	0.048394937	0.048394937	0.048394937
0.243956044	0.048489936	0.048489936	0.048489936
0.244200245	0.048585054	0.048585054	0.048585054
0.244444445	0.048680279	0.048680279	0.048680279
0.244688645	0.048775613	0.048775613	0.048775613
0.244932845	0.048871059	0.048871059	0.048871059
0.245177045	0.048966598	0.048966598	0.048966598
0.245421246	0.049062259	0.049062259	0.049062259
0.245665446	0.049158029	0.049158029	0.049158029
0.245909646	0.049253907	0.049253907	0.049253907
0.246153846	0.049349897	0.049349897	0.049349897
0.246398047	0.049445994	0.049445994	0.049445994
0.246642247	0.049542189	0.049542189	0.049542189
0.246886447	0.049638502	0.049638502	0.049638502
0.247130647	0.049734928	0.049734928	0.049734928
0.247374848	0.049831461	0.049831461	0.049831461
0.247619048	0.049928106	0.049928106	0.049928106
0.247863248	0.050024856	0.050024856	0.050024856
0.248107448	0.050121706	0.050121706	0.050121706
0.248351648	0.050218679	0.050218679	0.050218679
0.248595849	0.050315756	0.050315756	0.050315756
0.248840049	0.050412949	0.050412949	0.050412949
0.249084249	0.050510246	0.050510246	0.050510246
0.249328449	0.050607644	0.050607644	0.050607644
0.249572650	0.050705161	0.050705161	0.050705161
0.249816850	0.050802790	0.050802790	0.050802790
0.250061065	0.050900526	0.050900526	0.050900526
0.250305265	0.050998371	0.050998371	0.050998371
0.250549465	0.051096328	0.051096328	0.051096328
0.250793666	0.051194392	0.051194392	0.051194392
0.251037866	0.051292568	0.051292568	0.051292568
0.251282066	0.051390857	0.051390857	0.051390857
0.251526266	0.051489238	0.051489238	0.051489238
0.251770467	0.051587742	0.051587742	0.051587742
0.252014667	0.051686358	0.051686358	0.051686358
0.252258867	0.051785082	0.051785082	0.051785082
0.252503067	0.051883917	0.051883917	0.051883917
0.252747267	0.051982850	0.051982850	0.051982850
0.252991468	0.052081902	0.052081902	0.052081902
0.253235668	0.052181069	0.052181069	0.052181069
0.253479868	0.052280340	0.052280340	0.052280340
0.253724068	0.052379727	0.052379727	0.052379727
0.253968269	0.052479222	0.052479222	0.052479222
0.254212469	0.052578814	0.052578814	0.052578814
0.254456669	0.052678529	0.052678529	0.052678529
0.254700869	0.052778352	0.052778352	0.052778352
0.254945070	0.052878290	0.052878290	0.052878290
0.255189270	0.052978337	0.052978337	0.052978337
0.255433470	0.053078491	0.053078491	0.053078491
0.255677670	0.053178746	0.053178746	0.053178746
0.255921870	0.053279120	0.053279120	0.053279120
0.256166071	0.053379610	0.053379610	0.053379610
0.256410271	0.053480208	0.053480208	0.053480208
0.256654471	0.053580917	0.053580917	0.053580917
0.256898671	0.053681735	0.053681735	0.053681735
0.257142872	0.053782653	0.053782653	0.053782653
0.257387072	0.053883690	0.053883690	0.053883690
0.257631272	0.053984843	0.053984843	0.053984843
0.257875472	0.054086104	0.054086104	0.054086104
0.258119673	0.054187477	0.054187477	0.054187477
0.258363873	0.054288946	0.054288946	0.054288946
0.258608073	0.054390538	0.054390538	0.054390538
0.258852273	0.054492243	0.054492243	0.054492243
0.259096473	0.054594059	0.054594059	0.054594059
0.259340674	0.054695986	0.054695986	0.054695986
0.259584874	0.054798022	0.054798022	0.054798022
0.259829074	0.054900158	0.054900158	0.054900158
0.260073274	0.055002417	0.055002417	0.055002417
0.260317475	0.055104785	0.055104785	0.055104785
0.260561675	0.055207267	0.055207267	0.055207267
0.260805875	0.055309858	0.055309858	0.055309858
0.261050075	0.055412564	0.055412564	0.055412564
0.261294276	0.055515364	0.055515364	0.055515364
0.261538476	0.055618290	0.055618290	0.055618290
0.261782676	0.055721328	0.055721328	0.055721328
0.262026876	0.055824474	0.055824474	0.055824474
0.262271076	0.055927735	0.055927735	0.055927735
0.262515277	0.056031093	0.056031093	0.056031093
0.262759477	0.056134574	0.056134574	0.056134574
0.263003677	0.056238167	0.056238167	0.056238167
0.263247877	0.056341872	0.056341872	0.056341872
0.263492078	0.056445688	0.056445688	0.056445688
0.263736278	0.056549616	0.056549616	0.056549616
0.263980478	0.056653641	0.056653641	0.056653641
0.264224678	0.056757793	0.056757793	0.056757793
0.264468879	0.056862056	0.056862056	0.056862056
0.264713079	0.056966431	0.056966431	0.056966431
0.264957279	0.057070903	0.057070903	0.057070903
0.265201479	0.057175502	0.057175502	0.057175502
0.265445679	0.057280209	0.057280209	0.057280209
0.265689880	0.057385031	0.057385031	0.057385031
0.265934080	0.057489965	0.057489965	0.057489965
0.266178280	0.057595011	0.057595011	0.057595011
0.266422480	0.057700153	0.057700153	0.057700153
0.266666681	0.057805423	0.057805423	0.057805423
0.266910881	0.057910800	0.057910800	0.057910800
0.267155081	0.058016293	0.058016293	0.058016293
0.267399281	0.058121897	0.058121897	0.058121897
0.267643481	0.058227614	0.058227614	0.058227614
0.267887682	0.058333430	0.058333430	0.058333430
0.268131882	0.058439370	0.058439370	0.058439370
0.268376082	0.058545426	0.058545426	0.058545426
0.268620282	0.058651589	0.058651589	0.058651589
0.268864483	0.058757868	0.058757868	0.058757868
0.269108683	0.058864243	0.058864243	0.058864243
0.269352883	0.058970746	0.058970746	0.058970746
0.269597083	0.059077360	0.059077360	0.059077360
0.269841284	0.059184086	0.059184086	0.059184086
0.270085484	0.059290923	0.059290923	0.059290923
0.270329684	0.059397876	0.059397876	0.059397876
0.270573884	0.059504926	0.059504926	0.059504926
0.270818084	0.059612099	0.059612099	0.059612099
0.271062285	0.059719391	0.059719391	0.059719391
0.271306485	0.059826791	0.059826791	0.059826791
0.271550685	0.059934303	0.059934303	0.059934303
0.271794885	0.060041931	0.060041931	0.060041931
0.272039086	0.060149658	0.060149658	0.060149658
0.272283286	0.060257509	0.060257509	0.060257509
0.272527486	0.060365472	0.060365472	0.060365472
0.272771686	0.060473550	0.060473550	0.060473550
0.273015887	0.060581740	0.060581740	0.060581740
0.273260087	0.060690045	0.060690045	0.060690045
0.273504287	0.060798444	0.060798444	0.060798444
0.273748487	0.060906973	0.060906973	0.060906973
0.273992687	0.061015617	0.061015617	0.061015617
0.274236888	0.061124370	0.061124370	0.061124370
0.274481088	0.061233237	0.061233237	0.061233237
0.274725288	0.061342206	0.061342206	0.061342206
0.274969488	0.061451297	0.061451297	0.061451297
0.275213689	0.061560504	0.061560504	0.061560504
0.275457889	0.061669823	0.061669823	0.061669823
0.275702089	0.061779257	0.061779257	0.061779257
0.275946289	0.061888803	0.061888803	0.061888803
0.276190490	0.061998449	0.061998449	0.061998449
0.276434690	0.062108222	0.062108222	0.062108222
0.276678890	0.062218107	0.062218107	0.062218107
0.276923090	0.062328108	0.062328108	0.062328108
0.277167290	0.062438220	0.062438220	0.062438220
0.277411491	0.062548444	0.062548444	0.062548444
0.277655691	0.062658772	0.062658772	0.062658772
0.277899891	0.062769227	0.062769227	0.062769227
0.278144091	0.062879793	0.062879793	0.062879793
0.278388292	0.062990472	0.062990472	0.062990472
0.278632492	0.063101262	0.063101262	0.063101262
0.278876692	0.063212156	0.063212156	0.063212156
0.279120892	0.063323177	0.063323177	0.063323177
0.279365093	0.063434310	0.063434310	0.063434310
0.279609293	0.063545562	0.063545562	0.063545562
0.279853493	0.063656919	0.063656919	0.063656919
0.280097693	0.063768394	0.063768394	0.063768394
0.280341893	0.063879974	0.063879974	0.063879974
0.280586094	0.063991673	0.063991673	0.063991673
0.280830294	0.064103492	0.064103492	0.064103492
0.281074494	0.064215422	0.064215422	0.064215422
0.281318694	0.064327471	0.064327471	0.064327471
0.281562895	0.064439625	0.064439625	0.064439625
0.281807095	0.064551882	0.064551882	0.064551882
0.282051295	0.064664274	0.064664274	0.064664274
0.282295495	0.064776771	0.064776771	0.064776771
0.282539696	0.064889386	0.064889386	0.064889386
0.282783896	0.065002114	0.065002114	0.065002114
0.283028096	0.065114945	0.065114945	0.065114945
0.283272296	0.065227903	0.065227903	0.065227903
0.283516496	0.065340973	0.065340973	0.065340973
0.283760697	0.065454163	0.065454163	0.065454163
0.284004897	0.065567464	0.065567464	0.065567464
0.284249097	0.065680876	0.065680876	0.065680876
0.284493297	0.065794386	0.065794386	0.065794386
0.284737498	0.065908030	0.065908030	0.065908030
0.284981698	0.066021793	0.066021793	0.066021793
0.285225898	0.066135660	0.066135660	0.066135660
0.285470098	0.066249646	0.066249646	0.066249646
0.285714298	0.066363752	0.066363752	0.066363752
0.285958499	0.066477947	0.066477947	0.066477947
0.286202699	0.066592284	0.066592284	0.066592284
0.286446899	0.066706724	0.066706724	0.066706724
0.286691099	0.066821285	0.066821285	0.066821285
0.286935300	0.066935956	0.066935956	0.066935956
0.287179500	0.067050733	0.067050733	0.067050733
0.287423700	0.067165636	0.067165636	0.067165636
0.287667900	0.067280658	0.067280658	0.067280658
0.287912101	0.067395791	0.067395791	0.067395791
0.288156301	0.067511037	0.067511037	0.067511037
0.288400501	0.067626402	0.067626402	0.067626402
0.288644701	0.067741863	0.067741863	0.067741863
0.288888901	0.067857452	0.067857452	0.067857452
0.289133102	0.067973159	0.067973159	0.067973159
0.289377302	0.068088986	0.068088986	0.068088986
0.289621502	0.068204924	0.068204924	0.068204924
0.289865702	0.068320975	0.068320975	0.068320975
0.290109903	0.068437129	0.068437129	0.068437129
0.290354103	0.068553410	0.068553410	0.068553410
0.290598303	0.068669811	0.068669811	0.068669811
0.290842503	0.068786323	0.068786323	0.068786323
0.291086704	0.068902954	0.068902954	0.068902954
0.291330904	0.069019698	0.069019698	0.069019698
0.291575104	0.069136538	0.069136538	0.069136538
0.291819304	0.069253519	0.069253519	0.069253519
0.292063504	0.069370605	0.069370605	0.069370605
0.292307705	0.069487810	0.069487810	0.069487810
0.292551905	0.069605134	0.069605134	0.069605134
0.292796105	0.069722556	0.069722556	0.069722556
0.293040305	0.069840103	0.069840103	0.069840103
0.293284506	0.069957770	0.069957770	0.069957770
0.293528706	0.070075557	0.070075557	0.070075557
0.293772906	0.070193455	0.070193455	0.070193455
0.294017106	0.070311464	0.070311464	0.070311464
0.294261307	0.070429578	0.070429578	0.070429578
0.294505507	0.070547827	0.070547827	0.070547827
0.294749707	0.070666187	0.070666187	0.070666187
0.294993907	0.070784666	0.070784666	0.070784666
0.295238107	0.070903257	0.070903257	0.070903257
0.295482308	0.071021967	0.071021967	0.071021967
0.295726508	0.071140774	0.071140774	0.071140774
0.295970708	0.071259715	0.071259715	0.071259715
0.296214908	0.071378775	0.071378775	0.071378775
0.296459109	0.071497947	0.071497947	0.071497947
0.296703309	0.071617231	0.071617231	0.071617231
0.296947509	0.071736619	0.071736619	0.071736619
0.297191709	0.071856141	0.071856141	0.071856141
0.297435910	0.071975775	0.071975775	0.071975775
0.297680110	0.072095528	0.072095528	0.072095528
0.297924310	0.072215401	0.072215401	0.072215401
0.298168510	0.072335385	0.072335385	0.072335385
0.298412710	0.072455466	0.072455466	0.072455466
0.298656911	0.072575688	0.072575688	0.072575688
0.298901111	0.072696015	0.072696015	0.072696015
0.299145311	0.072816469	0.072816469	0.072816469
0.299389511	0.072937034	0.072937034	0.072937034
0.299633712	0.073057719	0.073057719	0.073057719
0.299877912	0.073178500	0.073178500	0.073178500
0.300122112	0.073299415	0.073299415	0.073299415
0.300366312	0.073420450	0.073420450	0.073420450
0.300610512	0.073541597	0.073541597	0.073541597
0.300854713	0.073662862	0.073662862	0.073662862
0.301098913	0.073784225	0.073784225	0.073784225
0.301343113	0.073905721	0.073905721	0.073905721
0.301587313	0.074027337	0.074027337	0.074027337
0.301831514	0.074149072	0.074149072	0.074149072
0.302075714	0.074270919	0.074270919	0.074270919
0.302319914	0.074392878	0.074392878	0.074392878
0.302564114	0.074514948	0.074514948	0.074514948
0.302808315	0.074637145	0.074637145	0.074637145
0.303052515	0.074759461	0.074759461	0.074759461
0.303296715	0.074881889	0.074881889	0.074881889
0.303540915	0.075004436	0.075004436	0.075004436
0.303785115	0.075127102	0.075127102	0.075127102
0.304029316	0.075249873	0.075249873	0.075249873
0.304273516	0.075372770	0.075372770	0.075372770
0.304517716	0.075495787	0.075495787	0.075495787
0.304761916	0.075618923	0.075618923	0.075618923
0.305006117	0.075742170	0.075742170	0.075742170
0.305250317	0.075865537	0.075865537	0.075865537
0.305494517	0.075989008	0.075989008	0.075989008
0.305738717	0.076112613	0.076112613	0.076112613
0.305982918	0.076236330	0.076236330	0.076236330
0.306227118	0.076360166	0.076360166	0.076360166
0.306471318	0.076484121	0.076484121	0.076484121
0.306715518	0.076608174	0.076608174	0.076608174
0.306959718	0.076732360	0.076732360	0.076732360
0.307203919	0.076856665	0.076856665	0.076856665
0.307448119	0.076981090	0.076981090	0.076981090
0.307692319	0.077105634	0.077105634	0.077105634
0.307936519	0.077230290	0.077230290	0.077230290
0.308180720	0.077355050	0.077355050	0.077355050
0.308424920	0.077479944	0.077479944	0.077479944
0.308669120	0.077604949	0.077604949	0.077604949
0.308913320	0.077730082	0.077730082	0.077730082
0.309157521	0.077855326	0.077855326	0.077855326
0.309401721	0.077980690	0.077980690	0.077980690
0.309645921	0.078106150	0.078106150	0.078106150
0.309890121	0.078231752	0.078231752	0.078231752
0.310134321	0.078357466	0.078357466	0.078357466
0.310378522	0.078483298	0.078483298	0.078483298
0.310622722	0.078609250	0.078609250	0.078609250
0.310866922	0.078735307	0.078735307	0.078735307
0.311111122	0.078861497	0.078861497	0.078861497
0.311355323	0.078987800	0.078987800	0.078987800
0.311599523	0.079114221	0.079114221	0.079114221
0.311843723	0.079240762	0.079240762	0.079240762
0.312087923	0.079367422	0.079367422	0.079367422
0.312332124	0.079494186	0.079494186	0.079494186
0.312576324	0.079621077	0.079621077	0.079621077
0.312820524	0.079748094	0.079748094	0.079748094
0.313064724	0.079875223	0.079875223	0.079875223
0.313308924	0.080002472	0.080002472	0.080002472
0.313553125	0.080129839	0.080129839	0.080129839
0.313797325	0.080257311	0.080257311	0.080257311
0.314041525	0.080384918	0.080384918	0.080384918
0.314285725	0.080512635	0.080512635	0.080512635
0.314529926	0.080640480	0.080640480	0.080640480
0.314774126	0.080768436	0.080768436	0.080768436
0.315018326	0.080896497	0.080896497	0.080896497
0.315262526	0.081024699	0.081024699	0.081024699
0.315506727	0.081153013	0.081153013	0.081153013
0.315750927	0.081281446	0.081281446	0.081281446
0.315995127	0.081409998	0.081409998	0.081409998
0.316239327	0.081538662	0.081538662	0.081538662
0.316483527	0.081667438	0.081667438	0.081667438
0.316727728	0.081796341	0.081796341	0.081796341
0.316971928	0.081925370	0.081925370	0.081925370
0.317216128	0.082054511	0.082054511	0.082054511
0.317460328	0.082183778	0.082183778	0.082183778
0.317704529	0.082313158	0.082313158	0.082313158
0.317948729	0.082442641	0.082442641	0.082442641
0.318192929	0.082572259	0.082572259	0.082572259
0.318437129	0.082701996	0.082701996	0.082701996
0.318681329	0.082831852	0.082831852	0.082831852
0.318925530	0.082961828	0.082961828	0.082961828
0.319169730	0.083091907	0.083091907	0.083091907
0.319413930	0.083222121	0.083222121	0.083222121
0.319658130	0.083352454	0.083352454	0.083352454
0.319902331	0.083482906	0.083482906	0.083482906
0.320146531	0.083613478	0.083613478	0.083613478
0.320390731	0.083744168	0.083744168	0.083744168
0.320634931	0.083874956	0.083874956	0.083874956
0.320879132	0.084005885	0.084005885	0.084005885
0.321123332	0.084136933	0.084136933	0.084136933
0.321367532	0.084268093	0.084268093	0.084268093
0.321611732	0.084399380	0.084399380	0.084399380
0.321855932	0.084530786	0.084530786	0.084530786
0.322100133	0.084662296	0.084662296	0.084662296
0.322344333	0.084793933	0.084793933	0.084793933
0.322588533	0.084925696	0.084925696	0.084925696
0.322832733	0.085057579	0.085057579	0.085057579
0.323076934	0.085189581	0.085189581	0.085189581
0.323321134	0.085321702	0.085321702	0.085321702
0.323565334	0.085453920	0.085453920	0.085453920
0.323809534	0.085586280	0.085586280	0.085586280
0.324053735	0.085718758	0.085718758	0.085718758
0.324297935	0.085851356	0.085851356	0.085851356
0.324542135	0.085984081	0.085984081	0.085984081
0.324786335	0.086116895	0.086116895	0.086116895
0.325030535	0.086249858	0.086249858	0.086249858
0.325274736	0.086382933	0.086382933	0.086382933
0.325518936	0.086516127	0.086516127	0.086516127
0.325763136	0.086649448	0.086649448	0.086649448
0.326007336	0.086782880	0.086782880	0.086782880
0.326251537	0.086916417	0.086916417	0.086916417
0.326495737	0.087050095	0.087050095	0.087050095
0.326739937	0.087183893	0.087183893	0.087183893
0.326984137	0.087317809	0.087317809	0.087317809
0.327228338	0.087451838	0.087451838	0.087451838
0.327472538	0.087585993	0.087585993	0.087585993
0.327716738	0.087720253	0.087720253	0.087720253
0.327960938	0.087854646	0.087854646	0.087854646
0.328205138	0.087989166	0.087989166	0.087989166
0.328449339	0.088123798	0.088123798	0.088123798
0.328693539	0.088258557	0.088258557	0.088258557
0.328937739	0.088393413	0.088393413	0.088393413
0.329181939	0.088528410	0.088528410	0.088528410
0.329426140	0.088663526	0.088663526	0.088663526
0.329670340	0.088798761	0.088798761	0.088798761
0.329914540	0.088934116	0.088934116	0.088934116
0.330158740	0.089069590	0.089069590	0.089069590
0.330402941	0.089205176	0.089205176	0.089205176
0.330647141	0.089340888	0.089340888	0.089340888
0.330891341	0.089476727	0.089476727	0.089476727
0.331135541	0.089612685	0.089612685	0.089612685
0.331379741	0.089748763	0.089748763	0.089748763
0.331623942	0.089884959	0.089884959	0.089884959
0.331868142	0.090021268	0.090021268	0.090021268
0.332112342	0.090157703	0.090157703	0.090157703
0.332356542	0.090294264	0.090294264	0.090294264
0.332600743	0.090430945	0.090430945	0.090430945
0.332844943	0.090567745	0.090567745	0.090567745
0.333089143	0.090704650	0.090704650	0.090704650
0.333333343	0.090841696	0.090841696	0.090841696
0.333577543	0.090978861	0.090978861	0.090978861
0.333821744	0.091116145	0.091116145	0.091116145
0.334065944	0.091253549	0.091253549	0.091253549
0.334310144	0.091391072	0.091391072	0.091391072
0.334554344	0.091528699	0.091528699	0.091528699
0.334798545	0.091666467	0.091666467	0.091666467
0.335042745	0.091804355	0.091804355	0.091804355
0.335286945	0.091942370	0.091942370	0.091942370
0.335531145	0.092080496	0.092080496	0.092080496
0.335775346	0.092218749	0.092218749	0.092218749
0.336019546	0.092357107	0.092357107	0.092357107
0.336263746	0.092495598	0.092495598	0.092495598
0.336507946	0.092634209	0.092634209	0.092634209
0.336752146	0.092772946	0.092772946	0.092772946
0.336996347	0.092911802	0.092911802	0.092911802
0.337240547	0.093050778	0.093050778	0.093050778
0.337484747	0.093189865	0.093189865	0.093189865
0.337728947	0.093329079	0.093329079	0.093329079
0.337973148	0.093468428	0.093468428	0.093468428
0.338217348	0.093607888	0.093607888	0.093607888
0.338461548	0.093747474	0.093747474	0.093747474
0.338705748	0.093887158	0.093887158	0.093887158
0.338949949	0.094026983	0.094026983	0.094026983
0.339194149	0.094166934	0.094166934	0.094166934
0.339438349	0.094307005	0.094307005	0.094307005
0.339682549	0.094447196	0.094447196	0.094447196
0.339926749	0.094587505	0.094587505	0.094587505
0.340170950	0.094727919	0.094727919	0.094727919
0.340415150	0.094868481	0.094868481	0.094868481
0.340659350	0.095009156	0.095009156	0.095009156
0.340903550	0.095149957	0.095149957	0.095149957
0.341147751	0.095290877	0.095290877	0.095290877
0.341391951	0.095431916	0.095431916	0.095431916
0.341636151	0.095573060	0.095573060	0.095573060
0.341880351	0.095714346	0.095714346	0.095714346
0.342124552	0.095855758	0.095855758	0.095855758
0.342368752	0.095997281	0.095997281	0.095997281
0.342612952	0.096138932	0.096138932	0.096138932
0.342857152	0.096280687	0.096280687	0.096280687
0.343101352	0.096422583	0.096422583	0.096422583
0.343345553	0.096564598	0.096564598	0.096564598
0.343589753	0.096706741	0.096706741	0.096706741
0.343833953	0.096849002	0.096849002	0.096849002
0.344078153	0.096991383	0.096991383	0.096991383
0.344322354	0.097133867	0.097133867	0.097133867
0.344566554	0.097276494	0.097276494	0.097276494
0.344810754	0.097419240	0.097419240	0.097419240
0.345054954	0.097562112	0.097562112	0.097562112
0.345299155	0.097705103	0.097705103	0.097705103
0.345543355	0.097848222	0.097848222	0.097848222
0.345787555	0.097991437	0.097991437	0.097991437
0.346031755	0.098134801	0.098134801	0.098134801
0.346275955	0.098278277	0.098278277	0.098278277
0.346520156	0.098421887	0.098421887	0.098421887
0.346764356	0.098565608	0.098565608	0.098565608
0.347008556	0.098709442	0.098709442	0.098709442
0.347252756	0.098853409	0.098853409	0.098853409
0.347496957	0.098997504	0.098997504	0.098997504
0.347741157	0.099141724	0.099141724	0.099141724
0.347985357	0.099286057	0.099286057	0.099286057
0.348229557	0.099430524	0.099430524	0.099430524
0.348473758	0.099575087	0.099575087	0.099575087
0.348717958	0.099719793	0.099719793	0.099719793
0.348962158	0.099864617	0.099864617	0.099864617
0.349206358	0.100009568	0.100009568	0.100009568
0.349450558	0.100154646	0.100154646	0.100154646
0.349694759	0.100299843	0.100299843	0.100299843
0.349938959	0.100445144	0.100445144	0.100445144
0.350183159	0.100590587	0.100590587	0.100590587
0.350427359	0.100736149	0.100736149	0.100736149
0.350671560	0.100881837	0.100881837	0.100881837
0.350915760	0.101027645	0.101027645	0.101027645
0.351159960	0.101173580	0.101173580	0.101173580
0.351404160	0.101319619	0.101319619	0.101319619
0.351648360	0.101465799	0.101465799	0.101465799
0.351892561	0.101612099	0.101612099	0.101612099
0.352136761	0.101758525	0.101758525	0.101758525
0.352380961	0.101905070	0.101905070	0.101905070
0.352625161	0.102051720	0.102051720	0.102051720
0.352869362	0.102198519	0.102198519	0.102198519
0.353113562	0.102345437	0.102345437	0.102345437
0.353357762	0.102492474	0.102492474	0.102492474
0.353601962	0.102639638	0.102639638	0.102639638
0.353846163	0.102786928	0.102786928	0.102786928
0.354090363	0.102934316	0.102934316	0.102934316
0.354334563	0.103081852	0.103081852	0.103081852
0.354578763	0.103229508	0.103229508	0.103229508
0.354822963	0.103377283	0.103377283	0.103377283
0.355067164	0.103525192	0.103525192	0.103525192
0.355311364	0.103673212	0.103673212	0.103673212
0.355555564	0.103821345	0.103821345	0.103821345
0.355799764	0.103969619	0.103969619	0.103969619
0.356043965	0.104118019	0.104118019	0.104118019
0.356288165	0.104266539	0.104266539	0.104266539
0.356532365	0.104415178	0.104415178	0.104415178
0.356776565	0.104563929	0.104563929	0.104563929
0.357020766	0.104712822	0.104712822	0.104712822
0.357264966	0.104861833	0.104861833	0.104861833
0.357509166	0.105010971	0.105010971	0.105010971
0.357753366	0.105160229	0.105160229	0.105160229
0.357997566	0.105309620	0.105309620	0.105309620
0.358241767	0.105459109	0.105459109	0.105459109
0.358485967	0.105608739	0.105608739	0.105608739
0.358730167	0.105758496	0.105758496	0.105758496
0.358974367	0.105908379	0.105908379	0.105908379
0.359218568	0.106058381	0.106058381	0.106058381
0.359462768	0.106208511	0.106208511	0.106208511
0.359706968	0.106358744	0.106358744	0.106358744
0.359951168	0.106509119	0.106509119	0.106509119
0.360195369	0.106659614	0.106659614	0.106659614
0.360439569	0.106810242	0.106810242	0.106810242
0.360683769	0.106960990	0.106960990	0.106960990
0.360927969	0.107111841	0.107111841	0.107111841
0.361172169	0.107262835	0.107262835	0.107262835
0.361416370	0.107413955	0.107413955	0.107413955
0.361660570	0.107565202	0.107565202	0.107565202
0.361904770	0.107716568	0.107716568	0.107716568
0.362148970	0.107868060	0.107868060	0.107868060
0.362393171	0.108019657	0.108019657	0.108019657
0.362637371	0.108171396	0.108171396	0.108171396
0.362881571	0.108323261	0.108323261	0.108323261
0.363125771	0.108475253	0.108475253	0.108475253
0.363369972	0.108627364	0.108627364	0.108627364
0.363614172	0.108779609	0.108779609	0.108779609
0.363858372	0.108931951	0.108931951	0.108931951
0.364102572	0.109084435	0.109084435	0.109084435
0.364346772	0.109237045	0.109237045	0.109237045
0.364590973	0.109389782	0.109389782	0.109389782
0.364835173	0.109542646	0.109542646	0.109542646
0.365079373	0.109695606	0.109695606	0.109695606
0.365323573	0.109848715	0.109848715	0.109848715
0.365567774	0.110001951	0.110001951	0.110001951
0.365811974	0.110155307	0.110155307	0.110155307
0.366056174	0.110308796	0.110308796	0.110308796
0.366300374	0.110462397	0.110462397	0.110462397
0.366544574	0.110616110	0.110616110	0.110616110
0.366788775	0.110769972	0.110769972	0.110769972
0.367032975	0.110923953	0.110923953	0.110923953
0.367277175	0.111078061	0.111078061	0.111078061
0.367521375	0.111232288	0.111232288	0.111232288
0.367765576	0.111386649	0.111386649	0.111386649
0.368009776	0.111541107	0.111541107	0.111541107
0.368253976	0.111695714	0.111695714	0.111695714
0.368498176	0.111850448	0.111850448	0.111850448
0.368742377	0.112005301	0.112005301	0.112005301
0.368986577	0.112160288	0.112160288	0.112160288
0.369230777	0.112315394	0.112315394	0.112315394
0.369474977	0.112470604	0.112470604	0.112470604
0.369719177	0.112625957	0.112625957	0.112625957
0.369963378	0.112781443	0.112781443	0.112781443
0.370207578	0.112937048	0.112937048	0.112937048
0.370451778	0.113092780	0.113092780	0.113092780
0.370695978	0.113248616	0.113248616	0.113248616
0.370940179	0.113404594	0.113404594	0.113404594
0.371184379	0.113560706	0.113560706	0.113560706
0.371428579	0.113716938	0.113716938	0.113716938
0.371672779	0.113873295	0.113873295	0.113873295
0.371916980	0.114029780	0.114029780	0.114029780
0.372161180	0.114186369	0.114186369	0.114186369
0.372405380	0.114343099	0.114343099	0.114343099
0.372649580	0.114499964	0.114499964	0.114499964
0.372893780	0.114656948	0.114656948	0.114656948
0.373137981	0.114814058	0.114814058	0.114814058
0.373382181	0.114971295	0.114971295	0.114971295
0.373626381	0.115128636	0.115128636	0.115128636
0.373870581	0.115286119	0.115286119	0.115286119
0.374114782	0.115443736	0.115443736	0.115443736
0.374358982	0.115601473	0.115601473	0.115601473
0.374603182	0.115759335	0.115759335	0.115759335
0.374847382	0.115917303	0.115917303	0.115917303
0.375091583	0.116075419	0.116075419	0.116075419
0.375335783	0.116233662	0.116233662	0.116233662
0.375579983	0.116392024	0.116392024	0.116392024
0.375824183	0.116550520	0.116550520	0.116550520
0.376068383	0.116709135	0.116709135	0.116709135
0.376312584	0.116867863	0.116867863	0.116867863
0.376556784	0.117026731	0.117026731	0.117026731
0.376800984	0.117185727	0.117185727	0.117185727
0.377045184	0.117344849	0.117344849	0.117344849
0.377289385	0.117504098	0.117504098	0.117504098
0.377533585	0.117663473	0.117663473	0.117663473
0.377777785	0.117822953	0.117822953	0.117822953
0.378021985	0.117982581	0.117982581	0.117982581
0.378266186	0.118142329	0.118142329	0.118142329
0.378510386	0.118302211	0.118302211	0.118302211
0.378754586	0.118462212	0.118462212	0.118462212
0.378998786	0.118622325	0.118622325	0.118622325
0.379242986	0.118782580	0.118782580	0.118782580
0.379487187	0.118942961	0.118942961	0.118942961
0.379731387	0.119103469	0.119103469	0.119103469
0.379975587	0.119264103	0.119264103	0.119264103
0.380219787	0.119424865	0.119424865	0.119424865
0.380463988	0.119585738	0.119585738	0.119585738
0.380708188	0.119746752	0.119746752	0.119746752
0.380952388	0.119907893	0.119907893	0.119907893
0.381196588	0.120069161	0.120069161	0.120069161
0.381440789	0.120230548	0.120230548	0.120230548
0.381684989	0.120392069	0.120392069	0.120392069
0.381929189	0.120553695	0.120553695	0.120553695
0.382173389	0.120715469	0.120715469	0.120715469
0.382417589	0.120877370	0.120877370	0.120877370
0.382661790	0.121039398	0.121039398	0.121039398
0.382905990	0.121201552	0.121201552	0.121201552
0.383150190	0.121363826	0.121363826	0.121363826
0.383394390	0.121526212	0.121526212	0.121526212
0.383638591	0.121688746	0.121688746	0.121688746
0.383882791	0.121851407	0.121851407	0.121851407
0.384126991	0.122014195	0.122014195	0.122014195
0.384371191	0.122177109	0.122177109	0.122177109
0.384615391	0.122340128	0.122340128	0.122340128
0.384859592	0.122503296	0.122503296	0.122503296
0.385103792	0.122666590	0.122666590	0.122666590
0.385347992	0.122830011	0.122830011	0.122830011
0.385592192	0.122993559	0.122993559	0.122993559
0.385836393	0.123157233	0.123157233	0.123157233
0.386080593	0.123321012	0.123321012	0.123321012
0.386324793	0.123484939	0.123484939	0.123484939
0.386568993	0.123648994	0.123648994	0.123648994
0.386813194	0.123813175	0.123813175	0.123813175
0.387057394	0.123977490	0.123977490	0.123977490
0.387301594	0.124141924	0.124141924	0.124141924
0.387545794	0.124306463	0.124306463	0.124306463
0.387789994	0.124471158	0.124471158	0.124471158
0.388034195	0.124635980	0.124635980	0.124635980
0.388278395	0.124800920	0.124800920	0.124800920
0.388522595	0.124965996	0.124965996	0.124965996
0.388766795	0.125131175	0.125131175	0.125131175
0.389010996	0.125296503	0.125296503	0.125296503
0.389255196	0.125461951	0.125461951	0.125461951
0.389499396	0.125627533	0.125627533	0.125627533
0.389743596	0.125793248	0.125793248	0.125793248
0.389987797	0.125959083	0.125959083	0.125959083
0.390231997	0.126125023	0.126125023	0.126125023
0.390476197	0.126291126	0.126291126	0.126291126
0.390720397	0.126457334	0.126457334	0.126457334
0.390964597	0.126623690	0.126623690	0.126623690
0.391208798	0.126790166	0.126790166	0.126790166
0.391452998	0.126956761	0.126956761	0.126956761
0.391697198	0.127123475	0.127123475	0.127123475
0.391941398	0.127290323	0.127290323	0.127290323
0.392185599	0.127457321	0.127457321	0.127457321
0.392429799	0.127624422	0.127624422	0.127624422
0.392673999	0.127791673	0.127791673	0.127791673
0.392918199	0.127959013	0.127959013	0.127959013
0.393162400	0.128126517	0.128126517	0.128126517
0.393406600	0.128294140	0.128294140	0.128294140
0.393650800	0.128461882	0.128461882	0.128461882
0.393895000	0.128629774	0.128629774	0.128629774
0.394139200	0.128797770	0.128797770	0.128797770
0.394383401	0.128965884	0.128965884	0.128965884
0.394627601	0.129134148	0.129134148	0.129134148
0.394871801	0.129302546	0.129302546	0.129302546
0.395116001	0.129471064	0.129471064	0.129471064
0.395360202	0.129639715	0.129639715	0.129639715
0.395604402	0.129808486	0.129808486	0.129808486
0.395848602	0.129977375	0.129977375	0.129977375
0.396092802	0.130146399	0.130146399	0.130146399
0.396337003	0.130315557	0.130315557	0.130315557
0.396581203	0.130484849	0.130484849	0.130484849
0.396825403	0.130654261	0.130654261	0.130654261
0.397069603	0.130823791	0.130823791	0.130823791
0.397313803	0.130993456	0.130993456	0.130993456
0.397558004	0.131163269	0.131163269	0.131163269
0.397802204	0.131333187	0.131333187	0.131333187
0.398046404	0.131503254	0.131503254	0.131503254
0.398290604	0.131673440	0.131673440	0.131673440
0.398534805	0.131843731	0.131843731	0.131843731
0.398779005	0.132014170	0.132014170	0.132014170
0.399023205	0.132184744	0.132184744	0.132184744
0.399267405	0.132355452	0.132355452	0.132355452
0.399511606	0.132526278	0.132526278	0.132526278
0.399755806	0.132697225	0.132697225	0.132697225
0.400000006	0.132868290	0.132868290	0.132868290
0.400244206	0.133039504	0.133039504	0.133039504
0.400488406	0.133210853	0.133210853	0.133210853
0.400732607	0.133382320	0.133382320	0.133382320
0.400976807	0.133553922	0.133553922	0.133553922
0.401221007	0.133725658	0.133725658	0.133725658
0.401465207	0.133897483	0.133897483	0.133897483
0.401709408	0.134069473	0.134069473	0.134069473
0.401953608	0.134241596	0.134241596	0.134241596
0.402197808	0.134413838	0.134413838	0.134413838
0.402442008	0.134586215	0.134586215	0.134586215
0.402686208	0.134758681	0.134758681	0.134758681
0.402930409	0.134931326	0.134931326	0.134931326
0.403174609	0.135104075	0.135104075	0.135104075
0.403418809	0.135276973	0.135276973	0.135276973
0.403663009	0.135449991	0.135449991	0.135449991
0.403907210	0.135623127	0.135623127	0.135623127
0.404151410	0.135796383	0.135796383	0.135796383
0.404395610	0.135969788	0.135969788	0.135969788
0.404639810	0.136143327	0.136143327	0.136143327
0.404884011	0.136316985	0.136316985	0.136316985
0.405128211	0.136490777	0.136490777	0.136490777
0.405372411	0.136664703	0.136664703	0.136664703
0.405616611	0.136838734	0.136838734	0.136838734
0.405860811	0.137012914	0.137012914	0.137012914
0.406105012	0.137187213	0.137187213	0.137187213
0.406349212	0.137361661	0.137361661	0.137361661
0.406593412	0.137536228	0.137536228	0.137536228
0.406837612	0.137710899	0.137710899	0.137710899
0.407081813	0.137885720	0.137885720	0.137885720
0.407326013	0.138060674	0.138060674	0.138060674
0.407570213	0.138235763	0.138235763	0.138235763
0.407814413	0.138410985	0.138410985	0.138410985
0.408058614	0.138586327	0.138586327	0.138586327
0.408302814	0.138761774	0.138761774	0.138761774
0.408547014	0.138937384	0.138937384	0.138937384
0.408791214	0.139113113	0.139113113	0.139113113
0.409035414	0.139288977	0.139288977	0.139288977
0.409279615	0.139464960	0.139464960	0.139464960
0.409523815	0.139641091	0.139641091	0.139641091
0.409768015	0.139817312	0.139817312	0.139817312
0.410012215	0.139993697	0.139993697	0.139993697
0.410256416	0.140170202	0.140170202	0.140170202
0.410500616	0.140346840	0.140346840	0.140346840
0.410744816	0.140523612	0.140523612	0.140523612
0.410989016	0.140700489	0.140700489	0.140700489
0.411233217	0.140877530	0.140877530	0.140877530
0.411477417	0.141054690	0.141054690	0.141054690
0.411721617	0.141231969	0.141231969	0.141231969
0.411965817	0.141409397	0.141409397	0.141409397
0.412210017	0.141586944	0.141586944	0.141586944
0.412454218	0.141764596	0.141764596	0.141764596
0.412698418	0.141942412	0.141942412	0.141942412
0.412942618	0.142120346	0.142120346	0.142120346
0.413186818	0.142298415	0.142298415	0.142298415
0.413431019	0.142476618	0.142476618	0.142476618
0.413675219	0.142654940	0.142654940	0.142654940
0.413919419	0.142833382	0.142833382	0.142833382
0.414163619	0.143011972	0.143011972	0.143011972
0.414407820	0.143190697	0.143190697	0.143190697
0.414652020	0.143369541	0.143369541	0.143369541
0.414896220	0.143548518	0.143548518	0.143548518
0.415140420	0.143727630	0.143727630	0.143727630
0.415384620	0.143906847	0.143906847	0.143906847
0.415628821	0.144086227	0.144086227	0.144086227
0.415873021	0.144265726	0.144265726	0.144265726
0.416117221	0.144445360	0.144445360	0.144445360
0.416361421	0.144625127	0.144625127	0.144625127
0.416605622	0.144804984	0.144804984	0.144804984
0.416849822	0.144985020	0.144985020	0.144985020
0.417094022	0.145165175	0.145165175	0.145165175
0.417338222	0.145345449	0.145345449	0.145345449
0.417582422	0.145525873	0.145525873	0.145525873
0.417826623	0.145706415	0.145706415	0.145706415
0.418070823	0.145887062	0.145887062	0.145887062
0.418315023	0.146067873	0.146067873	0.146067873
0.418559223	0.146248817	0.146248817	0.146248817
0.418803424	0.146429881	0.146429881	0.146429881
0.419047624	0.146611080	0.146611080	0.146611080
0.419291824	0.146792412	0.146792412	0.146792412
0.419536024	0.146973848	0.146973848	0.146973848
0.419780225	0.147155434	0.147155434	0.147155434
0.420024425	0.147337154	0.147337154	0.147337154
0.420268625	0.147519007	0.147519007	0.147519007
0.420512825	0.147700995	0.147700995	0.147700995
0.420757025	0.147883087	0.147883087	0.147883087
0.421001226	0.148065329	0.148065329	0.148065329
0.421245426	0.148247704	0.148247704	0.148247704
0.421489626	0.148430213	0.148430213	0.148430213
0.421733826	0.148612857	0.148612857	0.148612857
0.421978027	0.148795620	0.148795620	0.148795620
0.422222227	0.148978502	0.148978502	0.148978502
0.422466427	0.149161533	0.149161533	0.149161533
0.422710627	0.149344698	0.149344698	0.149344698
0.422954828	0.149527982	0.149527982	0.149527982
0.423199028	0.149711415	0.149711415	0.149711415
0.423443228	0.149894968	0.149894968	0.149894968
0.423687428	0.150078624	0.150078624	0.150078624
0.423931628	0.150262445	0.150262445	0.150262445
0.424175829	0.150446400	0.150446400	0.150446400
0.424420029	0.150630474	0.150630474	0.150630474
0.424664229	0.150814697	0.150814697	0.150814697
0.424908429	0.150999010	0.150999010	0.150999010
0.425152630	0.151183486	0.151183486	0.151183486
0.425396830	0.151368096	0.151368096	0.151368096
0.425641030	0.151552826	0.151552826	0.151552826
0.425885230	0.151737705	0.151737705	0.151737705
0.426129431	0.151922703	0.151922703	0.151922703
0.426373631	0.152107805	0.152107805	0.152107805
0.426617831	0.152293071	0.152293071	0.152293071
0.426862031	0.152478471	0.152478471	0.152478471
0.427106231	0.152663991	0.152663991	0.152663991
0.427350432	0.152849659	0.152849659	0.152849659
0.427594632	0.153035447	0.153035447	0.153035447
0.427838832	0.153221339	0.153221339	0.153221339
0.428083032	0.153407395	0.153407395	0.153407395
0.428327233	0.153593585	0.153593585	0.153593585
0.428571433	0.153779894	0.153779894	0.153779894
0.428815633	0.153966352	0.153966352	0.153966352
0.429059833	0.154152900	0.154152900	0.154152900
0.429304034	0.154339612	0.154339612	0.154339612
0.429548234	0.154526457	0.154526457	0.154526457
0.429792434	0.154713437	0.154713437	0.154713437
0.430036634	0.154900551	0.154900551	0.154900551
0.430280834	0.155087784	0.155087784	0.155087784
0.430525035	0.155275136	0.155275136	0.155275136
0.430769235	0.155462638	0.155462638	0.155462638
0.431013435	0.155650273	0.155650273	0.155650273
0.431257635	0.155838042	0.155838042	0.155838042
0.431501836	0.156025946	0.156025946	0.156025946
0.431746036	0.156213969	0.156213969	0.156213969
0.431990236	0.156402111	0.156402111	0.156402111
0.432234436	0.156590402	0.156590402	0.156590402
0.432478637	0.156778842	0.156778842	0.156778842
0.432722837	0.156967402	0.156967402	0.156967402
0.432967037	0.157156095	0.157156095	0.157156095
0.433211237	0.157344922	0.157344922	0.157344922
0.433455437	0.157533854	0.157533854	0.157533854
0.433699638	0.157722935	0.157722935	0.157722935
0.433943838	0.157912165	0.157912165	0.157912165
0.434188038	0.158101514	0.158101514	0.158101514
0.434432238	0.158290997	0.158290997	0.158290997
0.434676439	0.158480600	0.158480600	0.158480600
0.434920639	0.158670351	0.158670351	0.158670351
0.435164839	0.158860236	0.158860236	0.158860236
0.435409039	0.159050256	0.159050256	0.159050256
0.435653239	0.159240395	0.159240395	0.159240395
0.435897440	0.159430683	0.159430683	0.159430683
0.436141640	0.159621075	0.159621075	0.159621075
0.436385840	0.159811616	0.159811616	0.159811616
0.436630040	0.160002291	0.160002291	0.160002291
0.436874241	0.160193101	0.160193101	0.160193101
0.437118441	0.160384059	0.160384059	0.160384059
0.437362641	0.160575137	0.160575137	0.160575137
0.437606841	0.160766318	0.160766318	0.160766318
0.437851042	0.160957664	0.160957664	0.160957664
0.438095242	0.161149129	0.161149129	0.161149129
0.438339442	0.161340743	0.161340743	0.161340743
0.438583642	0.161532491	0.161532491	0.161532491
0.438827842	0.161724329	0.161724329	0.161724329
0.439072043	0.161916345	0.161916345	0.161916345
0.439316243	0.162108481	0.162108481	0.162108481
0.439560443	0.162300751	0.162300751	0.162300751
0.439804643	0.162493154	0.162493154	0.162493154
0.440048844	0.162685692	0.162685692	0.162685692
0.440293044	0.162878349	0.162878349	0.162878349
0.440537244	0.163071156	0.163071156	0.163071156
0.440781444	0.163264096	0.163264096	0.163264096
0.441025645	0.163457155	0.163457155	0.163457155
0.441269845	0.163650364	0.163650364	0.163650364
0.441514045	0.163843706	0.163843706	0.163843706
0.441758245	0.164037153	0.164037153	0.164037153
0.442002445	0.164230749	0.164230749	0.164230749
0.442246646	0.164424494	0.164424494	0.164424494
0.442490846	0.164618358	0.164618358	0.164618358
0.442735046	0.164812356	0.164812356	0.164812356
0.442979246	0.165006474	0.165006474	0.165006474
0.443223447	0.165200740	0.165200740	0.165200740
0.443467647	0.165395141	0.165395141	0.165395141
0.443711847	0.165589690	0.165589690	0.165589690
0.443956047	0.165784359	0.165784359	0.165784359
0.444200248	0.165979162	0.165979162	0.165979162
0.444444448	0.166174069	0.166174069	0.166174069
0.444688648	0.166369140	0.166369140	0.166369140
0.444932848	0.166564345	0.166564345	0.166564345
0.445177048	0.166759685	0.166759685	0.166759685
0.445421249	0.166955158	0.166955158	0.166955158
0.445665449	0.167150751	0.167150751	0.167150751
0.445909649	0.167346478	0.167346478	0.167346478
0.446153849	0.167542338	0.167542338	0.167542338
0.446398050	0.167738348	0.167738348	0.167738348
0.446642250	0.167934492	0.167934492	0.167934492
0.446886450	0.168130755	0.168130755	0.168130755
0.447130650	0.168327168	0.168327168	0.168327168
0.447374851	0.168523684	0.168523684	0.168523684
0.447619051	0.168720365	0.168720365	0.168720365
0.447863251	0.168917164	0.168917164	0.168917164
0.448107451	0.169114113	0.169114113	0.169114113
0.448351651	0.169311181	0.169311181	0.169311181
0.448595852	0.169508368	0.169508368	0.169508368
0.448840052	0.169705719	0.169705719	0.169705719
0.449084252	0.169903189	0.169903189	0.169903189
0.449328452	0.170100808	0.170100808	0.170100808
0.449572653	0.170298547	0.170298547	0.170298547
0.449816853	0.170496434	0.170496434	0.170496434
0.450061053	0.170694411	0.170694411	0.170694411
0.450305253	0.170892566	0.170892566	0.170892566
0.450549453	0.171090841	0.171090841	0.171090841
0.450793654	0.171289265	0.171289265	0.171289265
0.451037854	0.171487808	0.171487808	0.171487808
0.451282054	0.171686500	0.171686500	0.171686500
0.451526254	0.171885297	0.171885297	0.171885297
0.451770455	0.172084242	0.172084242	0.172084242
0.452014655	0.172283337	0.172283337	0.172283337
0.452258855	0.172482550	0.172482550	0.172482550
0.452503055	0.172681913	0.172681913	0.172681913
0.452747256	0.172881380	0.172881380	0.172881380
0.452991456	0.173080996	0.173080996	0.173080996
0.453235656	0.173280761	0.173280761	0.173280761
0.453479856	0.173480645	0.173480645	0.173480645
0.453724056	0.173680678	0.173680678	0.173680678
0.453968257	0.173880845	0.173880845	0.173880845
0.454212457	0.174081117	0.174081117	0.174081117
0.454456657	0.174281538	0.174281538	0.174281538
0.454700857	0.174482107	0.174482107	0.174482107
0.454945058	0.174682811	0.174682811	0.174682811
0.455189258	0.174883649	0.174883649	0.174883649
0.455433458	0.175084621	0.175084621	0.175084621
0.455677658	0.175285697	0.175285697	0.175285697
0.455921859	0.175486937	0.175486937	0.175486937
0.456166059	0.175688311	0.175688311	0.175688311
0.456410259	0.175889820	0.175889820	0.175889820
0.456654459	0.176091462	0.176091462	0.176091462
0.456898659	0.176293209	0.176293209	0.176293209
0.457142860	0.176495120	0.176495120	0.176495120
0.457387060	0.176697165	0.176697165	0.176697165
0.457631260	0.176899344	0.176899344	0.176899344
0.457875460	0.177101672	0.177101672	0.177101672
0.458119661	0.177304119	0.177304119	0.177304119
0.458363861	0.177506685	0.177506685	0.177506685
0.458608061	0.177709401	0.177709401	0.177709401
0.458852261	0.177912265	0.177912265	0.177912265
0.459096462	0.178115249	0.178115249	0.178115249
0.459340662	0.178318381	0.178318381	0.178318381
0.459584862	0.178521648	0.178521648	0.178521648
0.459829062	0.178725019	0.178725019	0.178725019
0.460073262	0.178928539	0.178928539	0.178928539
0.460317463	0.179132208	0.179132208	0.179132208
0.460561663	0.179336011	0.179336011	0.179336011
0.460805863	0.179539949	0.179539949	0.179539949
0.461050063	0.179744035	0.179744035	0.179744035
0.461294264	0.179948211	0.179948211	0.179948211
0.461538464	0.180152550	0.180152550	0.180152550
0.461782664	0.180357039	0.180357039	0.180357039
0.462026864	0.180561647	0.180561647	0.180561647
0.462271065	0.180766404	0.180766404	0.180766404
0.462515265	0.180971250	0.180971250	0.180971250
0.462759465	0.181176275	0.181176275	0.181176275
0.463003665	0.181381434	0.181381434	0.181381434
0.463247865	0.181586727	0.181586727	0.181586727
0.463492066	0.181792155	0.181792155	0.181792155
0.463736266	0.181997716	0.181997716	0.181997716
0.463980466	0.182203382	0.182203382	0.182203382
0.464224666	0.182409212	0.182409212	0.182409212
0.464468867	0.182615191	0.182615191	0.182615191
0.464713067	0.182821289	0.182821289	0.182821289
0.464957267	0.183027536	0.183027536	0.183027536
0.465201467	0.183233902	0.183233902	0.183233902
0.465445668	0.183440387	0.183440387	0.183440387
0.465689868	0.183647037	0.183647037	0.183647037
0.465934068	0.183853820	0.183853820	0.183853820
0.466178268	0.184060737	0.184060737	0.184060737
0.466422468	0.184267789	0.184267789	0.184267789
0.466666669	0.184474960	0.184474960	0.184474960
0.466910869	0.184682280	0.184682280	0.184682280
0.467155069	0.184889749	0.184889749	0.184889749
0.467399269	0.185097337	0.185097337	0.185097337
0.467643470	0.185305074	0.185305074	0.185305074
0.467887670	0.185512945	0.185512945	0.185512945
0.468131870	0.185720921	0.185720921	0.185720921
0.468376070	0.185929060	0.185929060	0.185929060
0.468620270	0.186137348	0.186137348	0.186137348
0.468864471	0.186345756	0.186345756	0.186345756
0.469108671	0.186554313	0.186554313	0.186554313
0.469352871	0.186762989	0.186762989	0.186762989
0.469597071	0.186971784	0.186971784	0.186971784
0.469841272	0.187180743	0.187180743	0.187180743
0.470085472	0.187389836	0.187389836	0.187389836
0.470329672	0.187599063	0.187599063	0.187599063
0.470573872	0.187808439	0.187808439	0.187808439
0.470818073	0.188017905	0.188017905	0.188017905
0.471062273	0.188227549	0.188227549	0.188227549
0.471306473	0.188437328	0.188437328	0.188437328
0.471550673	0.188647240	0.188647240	0.188647240
0.471794873	0.188857287	0.188857287	0.188857287
0.472039074	0.189067468	0.189067468	0.189067468
0.472283274	0.189277768	0.189277768	0.189277768
0.472527474	0.189488247	0.189488247	0.189488247
0.472771674	0.189698815	0.189698815	0.189698815
0.473015875	0.189909577	0.189909577	0.189909577
0.473260075	0.190120414	0.190120414	0.190120414
0.473504275	0.190331444	0.190331444	0.190331444
0.473748475	0.190542549	0.190542549	0.190542549
0.473992676	0.190753803	0.190753803	0.190753803
0.474236876	0.190965235	0.190965235	0.190965235
0.474481076	0.191176757	0.191176757	0.191176757
0.474725276	0.191388473	0.191388473	0.191388473
0.474969476	0.191600278	0.191600278	0.191600278
0.475213677	0.191812202	0.191812202	0.191812202
0.475457877	0.192024320	0.192024320	0.192024320
0.475702077	0.192236528	0.192236528	0.192236528
0.475946277	0.192448929	0.192448929	0.192448929
0.476190478	0.192661405	0.192661405	0.192661405
0.476434678	0.192874029	0.192874029	0.192874029
0.476678878	0.193086833	0.193086833	0.193086833
0.476923078	0.193299726	0.193299726	0.193299726
0.477167279	0.193512797	0.193512797	0.193512797
0.477411479	0.193725958	0.193725958	0.193725958
0.477655679	0.193939313	0.193939313	0.193939313
0.477899879	0.194152758	0.194152758	0.194152758
0.478144079	0.194366336	0.194366336	0.194366336
0.478388280	0.194580093	0.194580093	0.194580093
0.478632480	0.194793940	0.194793940	0.194793940
0.478876680	0.195007980	0.195007980	0.195007980
0.479120880	0.195222110	0.195222110	0.195222110
0.479365081	0.195436373	0.195436373	0.195436373
0.479609281	0.195650816	0.195650816	0.195650816
0.479853481	0.195865348	0.195865348	0.195865348
0.480097681	0.196080074	0.196080074	0.196080074
0.480341882	0.196294889	0.196294889	0.196294889
0.480586082	0.196509838	0.196509838	0.196509838
0.480830282	0.196724966	0.196724966	0.196724966
0.481074482	0.196940184	0.196940184	0.196940184
0.481318682	0.197155595	0.197155595	0.197155595
0.481562883	0.197371095	0.197371095	0.197371095
0.481807083	0.197586790	0.197586790	0.197586790
0.482051283	0.197802559	0.197802559	0.197802559
0.482295483	0.198018461	0.198018461	0.198018461
0.482539684	0.198234558	0.198234558	0.198234558
0.482783884	0.198450744	0.198450744	0.198450744
0.483028084	0.198667109	0.198667109	0.198667109
0.483272284	0.198883563	0.198883563	0.198883563
0.483516484	0.199100167	0.199100167	0.199100167
0.483760685	0.199316949	0.199316949	0.199316949
0.484004885	0.199533820	0.199533820	0.199533820
0.484249085	0.199750885	0.199750885	0.199750885
0.484493285	0.199968025	0.199968025	0.199968025
0.484737486	0.200185314	0.200185314	0.200185314
0.484981686	0.200402781	0.200402781	0.200402781
0.485225886	0.200620338	0.200620338	0.200620338
0.485470086	0.200838089	0.200838089	0.200838089
0.485714287	0.201055929	0.201055929	0.201055929
0.485958487	0.201273948	0.201273948	0.201273948
0.486202687	0.201492056	0.201492056	0.201492056
0.486446887	0.201710299	0.201710299	0.201710299
0.486691087	0.201928750	0.201928750	0.201928750
0.486935288	0.202147260	0.202147260	0.202147260
0.487179488	0.202365980	0.202365980	0.202365980
0.487423688	0.202584773	0.202584773	0.202584773
0.487667888	0.202803716	0.202803716	0.202803716
0.487912089	0.203022853	0.203022853	0.203022853
0.488156289	0.203242064	0.203242064	0.203242064
0.488400489	0.203461468	0.203461468	0.203461468
0.488644689	0.203680947	0.203680947	0.203680947
0.488888890	0.203900576	0.203900576	0.203900576
0.489133090	0.204120398	0.204120398	0.204120398
0.489377290	0.204340294	0.204340294	0.204340294
0.489621490	0.204560399	0.204560399	0.204560399
0.489865690	0.204780579	0.204780579	0.204780579
0.490109891	0.205000952	0.205000952	0.205000952
0.490354091	0.205221400	0.205221400	0.205221400
0.490598291	0.205441996	0.205441996	0.205441996
0.490842491	0.205662787	0.205662787	0.205662787
0.491086692	0.205883652	0.205883652	0.205883652
0.491330892	0.206104711	0.206104711	0.206104711
0.491575092	0.206325859	0.206325859	0.206325859
0.491819292	0.206547141	0.206547141	0.206547141
0.492063493	0.206768632	0.206768632	0.206768632
0.492307693	0.206990182	0.206990182	0.206990182
0.492551893	0.207211941	0.207211941	0.207211941
0.492796093	0.207433790	0.207433790	0.207433790
0.493040293	0.207655817	0.207655817	0.207655817
0.493284494	0.207877934	0.207877934	0.207877934
0.493528694	0.208100185	0.208100185	0.208100185
0.493772894	0.208322629	0.208322629	0.208322629
0.494017094	0.208545163	0.208545163	0.208545163
0.494261295	0.208767891	0.208767891	0.208767891
0.494505495	0.208990708	0.208990708	0.208990708
0.494749695	0.209213644	0.209213644	0.209213644
0.494993895	0.209436789	0.209436789	0.209436789
0.495238096	0.209660009	0.209660009	0.209660009
0.495482296	0.209883437	0.209883437	0.209883437
0.495726496	0.210106939	0.210106939	0.210106939
0.495970696	0.210330576	0.210330576	0.210330576
0.496214896	0.210554421	0.210554421	0.210554421
0.496459097	0.210778326	0.210778326	0.210778326
0.496703297	0.211002454	0.211002454	0.211002454
0.496947497	0.211226642	0.211226642	0.211226642
0.497191697	0.211451039	0.211451039	0.211451039
0.497435898	0.211675510	0.211675510	0.211675510
0.497680098	0.211900115	0.211900115	0.211900115
0.497924298	0.212124929	0.212124929	0.212124929
0.498168498	0.212349817	0.212349817	0.212349817
0.498412699	0.212574914	0.212574914	0.212574914
0.498656899	0.212800086	0.212800086	0.212800086
0.498901099	0.213025391	0.213025391	0.213025391
0.499145299	0.213250890	0.213250890	0.213250890
0.499389499	0.213476479	0.213476479	0.213476479
0.499633700	0.213702261	0.213702261	0.213702261
0.499877900	0.213928118	0.213928118	0.213928118
0.500122130	0.214154184	0.214154184	0.214154184
0.500366330	0.214380324	0.214380324	0.214380324
0.500610530	0.214606673	0.214606673	0.214606673
0.500854731	0.214833096	0.214833096	0.214833096
0.501098931	0.215059713	0.215059713	0.215059713
0.501343131	0.215286419	0.215286419	0.215286419
0.501587331	0.215513244	0.215513244	0.215513244
0.501831532	0.215740293	0.215740293	0.215740293
0.502075732	0.215967402	0.215967402	0.215967402
0.502319932	0.216194719	0.216194719	0.216194719
0.502564132	0.216422126	0.216422126	0.216422126
0.502808332	0.216649652	0.216649652	0.216649652
0.503052533	0.216877386	0.216877386	0.216877386
0.503296733	0.217105210	0.217105210	0.217105210
0.503540933	0.217333227	0.217333227	0.217333227
0.503785133	0.217561319	0.217561319	0.217561319
0.504029334	0.217789605	0.217789605	0.217789605
0.504273534	0.218017980	0.218017980	0.218017980
0.504517734	0.218246490	0.218246490	0.218246490
0.504761934	0.218475208	0.218475208	0.218475208
0.505006135	0.218704000	0.218704000	0.218704000
0.505250335	0.218932986	0.218932986	0.218932986
0.505494535	0.219162062	0.219162062	0.219162062
0.505738735	0.219391271	0.219391271	0.219391271
0.505982935	0.219620690	0.219620690	0.219620690
0.506227136	0.219850183	0.219850183	0.219850183
0.506471336	0.220079869	0.220079869	0.220079869
0.506715536	0.220309645	0.220309645	0.220309645
0.506959736	0.220539555	0.220539555	0.220539555
0.507203937	0.220769659	0.220769659	0.220769659
0.507448137	0.220999852	0.220999852	0.220999852
0.507692337	0.221230239	0.221230239	0.221230239
0.507936537	0.221460715	0.221460715	0.221460715
0.508180737	0.221691385	0.221691385	0.221691385
0.508424938	0.221922144	0.221922144	0.221922144
0.508669138	0.222153023	0.222153023	0.222153023
0.508913338	0.222384125	0.222384125	0.222384125
0.509157538	0.222615287	0.222615287	0.222615287
0.509401739	0.222846657	0.222846657	0.222846657
0.509645939	0.223078117	0.223078117	0.223078117
0.509890139	0.223309711	0.223309711	0.223309711
0.510134339	0.223541498	0.223541498	0.223541498
0.510378540	0.223773375	0.223773375	0.223773375
0.510622740	0.224005446	0.224005446	0.224005446
0.510866940	0.224237591	0.224237591	0.224237591
0.511111140	0.224469885	0.224469885	0.224469885
0.511355340	0.224702388	0.224702388	0.224702388
0.511599541	0.224934950	0.224934950	0.224934950
0.511843741	0.225167736	0.225167736	0.225167736
0.512087941	0.225400582	0.225400582	0.225400582
0.512332141	0.225633636	0.225633636	0.225633636
0.512576342	0.225866780	0.225866780	0.225866780
0.512820542	0.226100057	0.226100057	0.226100057
0.513064742	0.226333529	0.226333529	0.226333529
0.513308942	0.226567090	0.226567090	0.226567090
0.513553143	0.226800844	0.226800844	0.226800844
0.513797343	0.227034688	0.227034688	0.227034688
0.514041543	0.227268666	0.227268666	0.227268666
0.514285743	0.227502838	0.227502838	0.227502838
0.514529943	0.227737099	0.227737099	0.227737099
0.514774144	0.227971554	0.227971554	0.227971554
0.515018344	0.228206098	0.228206098	0.228206098
0.515262544	0.228440791	0.228440791	0.228440791
0.515506744	0.228675663	0.228675663	0.228675663
0.515750945	0.228910625	0.228910625	0.228910625
0.515995145	0.229145795	0.229145795	0.229145795
0.516239345	0.229381040	0.229381040	0.229381040
0.516483545	0.229616493	0.229616493	0.229616493
0.516727746	0.229852021	0.229852021	0.229852021
0.516971946	0.230087683	0.230087683	0.230087683
0.517216146	0.230323553	0.230323553	0.230323553
0.517460346	0.230559498	0.230559498	0.230559498
0.517704546	0.230795652	0.230795652	0.230795652
0.517948747	0.231031880	0.231031880	0.231031880
0.518192947	0.231268257	0.231268257	0.231268257
0.518437147	0.231504828	0.231504828	0.231504828
0.518681347	0.231741488	0.231741488	0.231741488
0.518925548	0.231978342	0.231978342	0.231978342
0.519169748	0.232215285	0.232215285	0.232215285
0.519413948	0.232452363	0.232452363	0.232452363
0.519658148	0.232689634	0.232689634	0.232689634
0.519902349	0.232926995	0.232926995	0.232926995
0.520146549	0.233164564	0.233164564	0.233164564
0.520390749	0.233402207	0.233402207	0.233402207
0.520634949	0.233640045	0.233640045	0.233640045
0.520879149	0.233877972	0.233877972	0.233877972
0.521123350	0.234116033	0.234116033	0.234116033
0.521367550	0.234354302	0.234354302	0.234354302
0.521611750	0.234592661	0.234592661	0.234592661
0.521855950	0.234831214	0.234831214	0.234831214
0.522100151	0.235069841	0.235069841	0.235069841
0.522344351	0.235308617	0.235308617	0.235308617
0.522588551	0.235547587	0.235547587	0.235547587
0.522832751	0.235786647	0.235786647	0.235786647
0.523076952	0.236025900	0.236025900	0.236025900
0.523321152	0.236265242	0.236265242	0.236265242
0.523565352	0.236504793	0.236504793	0.236504793
0.523809552	0.236744404	0.236744404	0.236744404
0.524053752	0.236984178	0.236984178	0.236984178
0.524297953	0.237224147	0.237224147	0.237224147
0.524542153	0.237464190	0.237464190	0.237464190
0.524786353	0.237704441	0.237704441	0.237704441
0.525030553	0.237944767	0.237944767	0.237944767
0.525274754	0.238185242	0.238185242	0.238185242
0.525518954	0.238425910	0.238425910	0.238425910
0.525763154	0.238666669	0.238666669	0.238666669
0.526007354	0.238907635	0.238907635	0.238907635
0.526251554	0.239148661	0.239148661	0.239148661
0.526495755	0.239389852	0.239389852	0.239389852
0.526739955	0.239631236	0.239631236	0.239631236
0.526984155	0.239872694	0.239872694	0.239872694
0.527228355	0.240114361	0.240114361	0.240114361
0.527472556	0.240356117	0.240356117	0.240356117
0.527716756	0.240598068	0.240598068	0.240598068
0.527960956	0.240840107	0.240840107	0.240840107
0.528205156	0.241082340	0.241082340	0.241082340
0.528449357	0.241324648	0.241324648	0.241324648
0.528693557	0.241567105	0.241567105	0.241567105
0.528937757	0.241809770	0.241809770	0.241809770
0.529181957	0.242052510	0.242052510	0.242052510
0.529426157	0.242295459	0.242295459	0.242295459
0.529670358	0.242538497	0.242538497	0.242538497
0.529914558	0.242781654	0.242781654	0.242781654
0.530158758	0.243025035	0.243025035	0.243025035
0.530402958	0.243268490	0.243268490	0.243268490
0.530647159	0.243512139	0.243512139	0.243512139
0.530891359	0.243755877	0.243755877	0.243755877
0.531135559	0.243999824	0.243999824	0.243999824
0.531379759	0.244243845	0.244243845	0.244243845
0.531623960	0.244488016	0.244488016	0.244488016
0.531868160	0.244732380	0.244732380	0.244732380
0.532112360	0.244976833	0.244976833	0.244976833
0.532356560	0.245221481	0.245221481	0.245221481
0.532600760	0.245466217	0.245466217	0.245466217
0.532844961	0.245711088	0.245711088	0.245711088
0.533089161	0.245956182	0.245956182	0.245956182
0.533333361	0.246201336	0.246201336	0.246201336
0.533577561	0.246446699	0.246446699	0.246446699
0.533821762	0.246692151	0.246692151	0.246692151
0.534065962	0.246937737	0.246937737	0.246937737
0.534310162	0.247183532	0.247183532	0.247183532
0.534554362	0.247429416	0.247429416	0.247429416
0.534798563	0.247675493	0.247675493	0.247675493
0.535042763	0.247921646	0.247921646	0.247921646
0.535286963	0.248168007	0.248168007	0.248168007
0.535531163	0.248414457	0.248414457	0.248414457
0.535775363	0.248661041	0.248661041	0.248661041
0.536019564	0.248907834	0.248907834	0.248907834
0.536263764	0.249154717	0.249154717	0.249154717
0.536507964	0.249401793	0.249401793	0.249401793
0.536752164	0.249648944	0.249648944	0.249648944
0.536996365	0.249896258	0.249896258	0.249896258
0.537240565	0.250143766	0.250143766	0.250143766
0.537484765	0.250391334	0.250391334	0.250391334
0.537728965	0.250639141	0.250639141	0.250639141
0.537973166	0.250887007	0.250887007	0.250887007
0.538217366	0.251135021	0.251135021	0.251135021
0.538461566	0.251383245	0.251383245	0.251383245
0.538705766	0.251631558	0.251631558	0.251631558
0.538949966	0.251880050	0.251880050	0.251880050
0.539194167	0.252128661	0.252128661	0.252128661
0.539438367	0.252377450	0.252377450	0.252377450
0.539682567	0.252626330	0.252626330	0.252626330
0.539926767	0.252875328	0.252875328	0.252875328
0.540170968	0.253124565	0.253124565	0.253124565
0.540415168	0.253373861	0.253373861	0.253373861
0.540659368	0.253623366	0.253623366	0.253623366
0.540903568	0.253872961	0.253872961	0.253872961
0.541147768	0.254122704	0.254122704	0.254122704
0.541391969	0.254372627	0.254372627	0.254372627
0.541636169	0.254622668	0.254622668	0.254622668
0.541880369	0.254872888	0.254872888	0.254872888
0.542124569	0.255123198	0.255123198	0.255123198
0.542368770	0.255373657	0.255373657	0.255373657
0.542612970	0.255624294	0.255624294	0.255624294
0.542857170	0.255875051	0.255875051	0.255875051
0.543101370	0.256125987	0.256125987	0.256125987
0.543345571	0.256377012	0.256377012	0.256377012
0.543589771	0.256628245	0.256628245	0.256628245
0.543833971	0.256879538	0.256879538	0.256879538
0.544078171	0.257131010	0.257131010	0.257131010
0.544322371	0.257382661	0.257382661	0.257382661
0.544566572	0.257634401	0.257634401	0.257634401
0.544810772	0.257886350	0.257886350	0.257886350
0.545054972	0.258138388	0.258138388	0.258138388
0.545299172	0.258390546	0.258390546	0.258390546
0.545543373	0.258642942	0.258642942	0.258642942
0.545787573	0.258895397	0.258895397	0.258895397
0.546031773	0.259148061	0.259148061	0.259148061
0.546275973	0.259400815	0.259400815	0.259400815
0.546520174	0.259653777	0.259653777	0.259653777
0.546764374	0.259906799	0.259906799	0.259906799
0.547008574	0.260159969	0.260159969	0.260159969
0.547252774	0.260413349	0.260413349	0.260413349
0.547496974	0.260666817	0.260666817	0.260666817
0.547741175	0.260920495	0.260920495	0.260920495
0.547985375	0.261174262	0.261174262	0.261174262
0.548229575	0.261428148	0.261428148	0.261428148
0.548473775	0.261682272	0.261682272	0.261682272
0.548717976	0.261936456	0.261936456	0.261936456
0.548962176	0.262190849	0.262190849	0.262190849
0.549206376	0.262445301	0.262445301	0.262445301
0.549450576	0.262699932	0.262699932	0.262699932
0.549694777	0.262954742	0.262954742	0.262954742
0.549938977	0.263209671	0.263209671	0.263209671
0.550183177	0.263464779	0.263464779	0.263464779
0.550427377	0.263719976	0.263719976	0.263719976
0.550671577	0.263975382	0.263975382	0.263975382
0.550915778	0.264230847	0.264230847	0.264230847
0.551159978	0.264486492	0.264486492	0.264486492
0.551404178	0.264742315	0.264742315	0.264742315
0.551648378	0.264998227	0.264998227	0.264998227
0.551892579	0.265254349	0.265254349	0.265254349
0.552136779	0.265510559	0.265510559	0.265510559
0.552380979	0.265766919	0.265766919	0.265766919
0.552625179	0.266023457	0.266023457	0.266023457
0.552869380	0.266280085	0.266280085	0.266280085
0.553113580	0.266536951	0.266536951	0.266536951
0.553357780	0.266793877	0.266793877	0.266793877
0.553601980	0.267050952	0.267050952	0.267050952
0.553846180	0.267308205	0.267308205	0.267308205
0.554090381	0.267565578	0.267565578	0.267565578
0.554334581	0.267823160	0.267823160	0.267823160
0.554578781	0.268080801	0.268080801	0.268080801
0.554822981	0.268338650	0.268338650	0.268338650
0.555067182	0.268596590	0.268596590	0.268596590
0.555311382	0.268854678	0.268854678	0.268854678
0.555555582	0.269112974	0.269112974	0.269112974
0.555799782	0.269371331	0.269371331	0.269371331
0.556043983	0.269629925	0.269629925	0.269629925
0.556288183	0.269888580	0.269888580	0.269888580
0.556532383	0.270147383	0.270147383	0.270147383
0.556776583	0.270406395	0.270406395	0.270406395
0.557020783	0.270665497	0.270665497	0.270665497
0.557264984	0.270924777	0.270924777	0.270924777
0.557509184	0.271184176	0.271184176	0.271184176
0.557753384	0.271443695	0.271443695	0.271443695
0.557997584	0.271703452	0.271703452	0.271703452
0.558241785	0.271963269	0.271963269	0.271963269
0.558485985	0.272223294	0.272223294	0.272223294
0.558730185	0.272483408	0.272483408	0.272483408
0.558974385	0.272743702	0.272743702	0.272743702
0.559218585	0.273004115	0.273004115	0.273004115
0.559462786	0.273264647	0.273264647	0.273264647
0.559706986	0.273525417	0.273525417	0.273525417
0.559951186	0.273786247	0.273786247	0.273786247
0.560195386	0.274047285	0.274047285	0.274047285
0.560439587	0.274308413	0.274308413	0.274308413
0.560683787	0.274569690	0.274569690	0.274569690
0.560927987	0.274831146	0.274831146	0.274831146
0.561172187	0.275092721	0.275092721	0.275092721
0.561416388	0.275354475	0.275354475	0.275354475
0.561660588	0.275616318	0.275616318	0.275616318
0.561904788	0.275878340	0.275878340	0.275878340
0.562148988	0.276140541	0.276140541	0.276140541
0.562393188	0.276402801	0.276402801	0.276402801
0.562637389	0.276665300	0.276665300	0.276665300
0.562881589	0.276927888	0.276927888	0.276927888
0.563125789	0.277190685	0.277190685	0.277190685
0.563369989	0.277453542	0.277453542	0.277453542
0.563614190	0.277716547	0.277716547	0.277716547
0.563858390	0.277979761	0.277979761	0.277979761
0.564102590	0.278243065	0.278243065	0.278243065
0.564346790	0.278506577	0.278506577	0.278506577
0.564590991	0.278770179	0.278770179	0.278770179
0.564835191	0.279033929	0.279033929	0.279033929
0.565079391	0.279297858	0.279297858	0.279297858
0.565323591	0.279561907	0.279561907	0.279561907
0.565567791	0.279826134	0.279826134	0.279826134
0.565811992	0.280090451	0.280090451	0.280090451
0.566056192	0.280354917	0.280354917	0.280354917
0.566300392	0.280619621	0.280619621	0.280619621
0.566544592	0.280884355	0.280884355	0.280884355
0.566788793	0.281149328	0.281149328	0.281149328
0.567032993	0.281414390	0.281414390	0.281414390
0.567277193	0.281679630	0.281679630	0.281679630
0.567521393	0.281944990	0.281944990	0.281944990
0.567765594	0.282210469	0.282210469	0.282210469
0.568009794	0.282476157	0.282476157	0.282476157
0.568253994	0.282741934	0.282741934	0.282741934
0.568498194	0.283007950	0.283007950	0.283007950
0.568742394	0.283273995	0.283273995	0.283273995
0.568986595	0.283540219	0.283540219	0.283540219
0.569230795	0.283806652	0.283806652	0.283806652
0.569474995	0.284073144	0.284073144	0.284073144
0.569719195	0.284339875	0.284339875	0.284339875
0.569963396	0.284606665	0.284606665	0.284606665
0.570207596	0.284873605	0.284873605	0.284873605
0.570451796	0.285140783	0.285140783	0.285140783
0.570695996	0.285408020	0.285408020	0.285408020
0.570940197	0.285675466	0.285675466	0.285675466
0.571184397	0.285943002	0.285943002	0.285943002
0.571428597	0.286210746	0.286210746	0.286210746
0.571672797	0.286478549	0.286478549	0.286478549
0.571916997	0.286746532	0.286746532	0.286746532
0.572161198	0.287014693	0.287014693	0.287014693
0.572405398	0.287282974	0.287282974	0.287282974
0.572649598	0.287551433	0.287551433	0.287551433
0.572893798	0.287819982	0.287819982	0.287819982
0.573137999	0.288088679	0.288088679	0.288088679
0.573382199	0.288357615	0.288357615	0.288357615
0.573626399	0.288626581	0.288626581	0.288626581
0.573870599	0.288895786	0.288895786	0.288895786
0.574114799	0.289165080	0.289165080	0.289165080
0.574359000	0.289434522	0.289434522	0.289434522
0.574603200	0.289704144	0.289704144	0.289704144
0.574847400	0.289973885	0.289973885	0.289973885
0.575091600	0.290243804	0.290243804	0.290243804
0.575335801	0.290513843	0.290513843	0.290513843
0.575580001	0.290784061	0.290784061	0.290784061
0.575824201	0.291054368	0.291054368	0.291054368
0.576068401	0.291324824	0.291324824	0.291324824
0.576312602	0.291595489	0.291595489	0.291595489
0.576556802	0.291866243	0.291866243	0.291866243
0.576801002	0.292137206	0.292137206	0.292137206
0.577045202	0.292408258	0.292408258	0.292408258
0.577289402	0.292679429	0.292679429	0.292679429
0.577533603	0.292950839	0.292950839	0.292950839
0.577777803	0.293222338	0.293222338	0.293222338
0.578022003	0.293494016	0.293494016	0.293494016
0.578266203	0.293765783	0.293765783	0.293765783
0.578510404	0.294037789	0.294037789	0.294037789
0.578754604	0.294309855	0.294309855	0.294309855
0.578998804	0.294582069	0.294582069	0.294582069
0.579243004	0.294854492	0.294854492	0.294854492
0.579487205	0.295127004	0.295127004	0.295127004
0.579731405	0.295399725	0.295399725	0.295399725
0.579975605	0.295672536	0.295672536	0.295672536
0.580219805	0.295945495	0.295945495	0.295945495
0.580464005	0.296218663	0.296218663	0.296218663
0.580708206	0.296491891	0.296491891	0.296491891
0.580952406	0.296765357	0.296765357	0.296765357
0.581196606	0.297038883	0.297038883	0.297038883
0.581440806	0.297312587	0.297312587	0.297312587
0.581685007	0.297586471	0.297586471	0.297586471
0.581929207	0.297860473	0.297860473	0.297860473
0.582173407	0.298134655	0.298134655	0.298134655
0.582417607	0.298408926	0.298408926	0.298408926
0.582661808	0.298683435	0.298683435	0.298683435
0.582906008	0.298958004	0.298958004	0.298958004
0.583150208	0.299232692	0.299232692	0.299232692
0.583394408	0.299507648	0.299507648	0.299507648
0.583638608	0.299782634	0.299782634	0.299782634
0.583882809	0.300057858	0.300057858	0.300057858
0.584127009	0.300333172	0.300333172	0.300333172
0.584371209	0.300608635	0.300608635	0.300608635
0.584615409	0.300884306	0.300884306	0.300884306
0.584859610	0.301160038	0.301160038	0.301160038
0.585103810	0.301436007	0.301436007	0.301436007
0.585348010	0.301712036	0.301712036	0.301712036
0.585592210	0.301988214	0.301988214	0.301988214
0.585836411	0.302264631	0.302264631	0.302264631
0.586080611	0.302541107	0.302541107	0.302541107
0.586324811	0.302817822	0.302817822	0.302817822
0.586569011	0.303094596	0.303094596	0.303094596
0.586813211	0.303371578	0.303371578	0.303371578
0.587057412	0.303648651	0.303648651	0.303648651
0.587301612	0.303925872	0.303925872	0.303925872
0.587545812	0.304203331	0.304203331	0.304203331
0.587790012	0.304480851	0.304480851	0.304480851
0.588034213	0.304758579	0.304758579	0.304758579
0.588278413	0.305036396	0.305036396	0.305036396
0.588522613	0.305314332	0.305314332	0.305314332
0.588766813	0.305592507	0.305592507	0.305592507
0.589011014	0.305870771	0.305870771	0.305870771
0.589255214	0.306149244	0.306149244	0.306149244
0.589499414	0.306427807	0.306427807	0.306427807
0.589743614	0.306706488	0.306706488	0.306706488
0.589987814	0.306985408	0.306985408	0.306985408
0.590232015	0.307264388	0.307264388	0.307264388
0.590476215	0.307543606	0.307543606	0.307543606
0.590720415	0.307822913	0.307822913	0.307822913
0.590964615	0.308102399	0.308102399	0.308102399
0.591208816	0.308382004	0.308382004	0.308382004
0.591453016	0.308661729	0.308661729	0.308661729
0.591697216	0.308941662	0.308941662	0.308941662
0.591941416	0.309221715	0.309221715	0.309221715
0.592185616	0.309501946	0.309501946	0.309501946
0.592429817	0.309782267	0.309782267	0.309782267
0.592674017	0.310062736	0.310062736	0.310062736
0.592918217	0.310343444	0.310343444	0.310343444
0.593162417	0.310624212	0.310624212	0.310624212
0.593406618	0.310905188	0.310905188	0.310905188
0.593650818	0.311186254	0.311186254	0.311186254
0.593895018	0.311467469	0.311467469	0.311467469
0.594139218	0.311748922	0.311748922	0.311748922
0.594383419	0.312030405	0.312030405	0.312030405
0.594627619	0.312312156	0.312312156	0.312312156
0.594871819	0.312593967	0.312593967	0.312593967
0.595116019	0.312875986	0.312875986	0.312875986
0.595360219	0.313158095	0.313158095	0.313158095
0.595604420	0.313440323	0.313440323	0.313440323
0.595848620	0.313722819	0.313722819	0.313722819
0.596092820	0.314005345	0.314005345	0.314005345
0.596337020	0.314288110	0.314288110	0.314288110
0.596581221	0.314570963	0.314570963	0.314570963
0.596825421	0.314853966	0.314853966	0.314853966
0.597069621	0.315137178	0.315137178	0.315137178
0.597313821	0.315420449	0.315420449	0.315420449
0.597558022	0.315703958	0.315703958	0.315703958
0.597802222	0.315987557	0.315987557	0.315987557
0.598046422	0.316271305	0.316271305	0.316271305
0.598290622	0.316555262	0.316555262	0.316555262
0.598534822	0.316839278	0.316839278	0.316839278
0.598779023	0.317123532	0.317123532	0.317123532
0.599023223	0.317407876	0.317407876	0.317407876
0.599267423	0.317692429	0.317692429	0.317692429
0.599511623	0.317977041	0.317977041	0.317977041
0.599755824	0.318261832	0.318261832	0.318261832
0.600000024	0.318546832	0.318546832	0.318546832
0.600244224	0.318831891	0.318831891	0.318831891
0.600488424	0.319117188	0.319117188	0.319117188
0.600732625	0.319402546	0.319402546	0.319402546
0.600976825	0.319688082	0.319688082	0.319688082
0.601221025	0.319973826	0.319973826	0.319973826
0.601465225	0.320259631	0.320259631	0.320259631
0.601709425	0.320545673	0.320545673	0.320545673
0.601953626	0.320831805	0.320831805	0.320831805
0.602197826	0.321118057	0.321118057	0.321118057
0.602442026	0.321404546	0.321404546	0.321404546
0.602686226	0.321691096	0.321691096	0.321691096
0.602930427	0.321977884	0.321977884	0.321977884
0.603174627	0.322264761	0.322264761	0.322264761
0.603418827	0.322551847	0.322551847	0.322551847
0.603663027	0.322838992	0.322838992	0.322838992
0.603907228	0.323126286	0.323126286	0.323126286
0.604151428	0.323413819	0.323413819	0.323413819
0.604395628	0.323701441	0.323701441	0.323701441
0.604639828	0.323989272	0.323989272	0.323989272
0.604884028	0.324277163	0.324277163	0.324277163
0.605128229	0.324565232	0.324565232	0.324565232
0.605372429	0.324853510	0.324853510	0.324853510
0.605616629	0.325141847	0.325141847	0.325141847
0.605860829	0.325430423	0.325430423	0.325430423
0.606105030	0.325719088	0.325719088	0.325719088
0.606349230	0.326007873	0.326007873	0.326007873
0.606593430	0.326296896	0.326296896	0.326296896
0.606837630	0.326586008	0.326586008	0.326586008
0.607081831	0.326875329	0.326875329	0.326875329
0.607326031	0.327164710	0.327164710	0.327164710
0.607570231	0.327454329	0.327454329	0.327454329
0.607814431	0.327744037	0.327744037	0.327744037
0.608058631	0.328033864	0.328033864	0.328033864
0.608302832	0.328323931	0.328323931	0.328323931
0.608547032	0.328614086	0.328614086	0.328614086
0.608791232	0.328904450	0.328904450	0.328904450
0.609035432	0.329194903	0.329194903	0.329194903
0.609279633	0.329485506	0.329485506	0.329485506
0.609523833	0.329776317	0.329776317	0.329776317
0.609768033	0.330067188	0.330067188	0.330067188
0.610012233	0.330358326	0.330358326	0.330358326
0.610256433	0.330649525	0.330649525	0.330649525
0.610500634	0.330940932	0.330940932	0.330940932
0.610744834	0.331232429	0.331232429	0.331232429
0.610989034	0.331524044	0.331524044	0.331524044
0.611233234	0.331815928	0.331815928	0.331815928
0.611477435	0.332107872	0.332107872	0.332107872
0.611721635	0.332400024	0.332400024	0.332400024
0.611965835	0.332692266	0.332692266	0.332692266
0.612210035	0.332984656	0.332984656	0.332984656
0.612454236	0.333277285	0.333277285	0.333277285
0.612698436	0.333569974	0.333569974	0.333569974
0.612942636	0.333862871	0.333862871	0.333862871
0.613186836	0.334155858	0.334155858	0.334155858
0.613431036	0.334448993	0.334448993	0.334448993
0.613675237	0.334742367	0.334742367	0.334742367
0.613919437	0.335035801	0.335035801	0.335035801
0.614163637	0.335329473	0.335329473	0.335329473
0.614407837	0.335623205	0.335623205	0.335623205
0.614652038	0.335917175	0.335917175	0.335917175
0.614896238	0.336211205	0.336211205	0.336211205
0.615140438	0.336505413	0.336505413	0.336505413
0.615384638	0.336799830	0.336799830	0.336799830
0.615628839	0.337094307	0.337094307	0.337094307
0.615873039	0.337389022	0.337389022	0.337389022
0.616117239	0.337683827	0.337683827	0.337683827
0.616361439	0.337978750	0.337978750	0.337978750
0.616605639	0.338273913	0.338273913	0.338273913
0.616849840	0.338569164	0.338569164	0.338569164
0.617094040	0.338864625	0.338864625	0.338864625
0.617338240	0.339160174	0.339160174	0.339160174
0.617582440	0.339455873	0.339455873	0.339455873
0.617826641	0.339751780	0.339751780	0.339751780
0.618070841	0.340047777	0.340047777	0.340047777
0.618315041	0.340343982	0.340343982	0.340343982
0.618559241	0.340640277	0.340640277	0.340640277
0.618803442	0.340936810	0.340936810	0.340936810
0.619047642	0.341233402	0.341233402	0.341233402
0.619291842	0.341530144	0.341530144	0.341530144
0.619536042	0.341827095	0.341827095	0.341827095
0.619780242	0.342124164	0.342124164	0.342124164
0.620024443	0.342421412	0.342421412	0.342421412
0.620268643	0.342718780	0.342718780	0.342718780
0.620512843	0.343016267	0.343016267	0.343016267
0.620757043	0.343313992	0.343313992	0.343313992
0.621001244	0.343611777	0.343611777	0.343611777
0.621245444	0.343909830	0.343909830	0.343909830
0.621489644	0.344207913	0.344207913	0.344207913
0.621733844	0.344506174	0.344506174	0.344506174
0.621978045	0.344804645	0.344804645	0.344804645
0.622222245	0.345103204	0.345103204	0.345103204
0.622466445	0.345401973	0.345401973	0.345401973
0.622710645	0.345700830	0.345700830	0.345700830
0.622954845	0.345999897	0.345999897	0.345999897
0.623199046	0.346299052	0.346299052	0.346299052
0.623443246	0.346598357	0.346598357	0.346598357
0.623687446	0.346897900	0.346897900	0.346897900
0.623931646	0.347197503	0.347197503	0.347197503
0.624175847	0.347497344	0.347497344	0.347497344
0.624420047	0.347797245	0.347797245	0.347797245
0.624664247	0.348097324	0.348097324	0.348097324
0.624908447	0.348397613	0.348397613	0.348397613
0.625152647	0.348697960	0.348697960	0.348697960
0.625396848	0.348998547	0.348998547	0.348998547
0.625641048	0.349299222	0.349299222	0.349299222
0.625885248	0.349600047	0.349600047	0.349600047
0.626129448	0.349901080	0.349901080	0.349901080
0.626373649	0.350202203	0.350202203	0.350202203
0.626617849	0.350503534	0.350503534	0.350503534
0.626862049	0.350804955	0.350804955	0.350804955
0.627106249	0.351106614	0.351106614	0.351106614
0.627350450	0.351408333	0.351408333	0.351408333
0.627594650	0.351710200	0.351710200	0.351710200
0.627838850	0.352012306	0.352012306	0.352012306
0.628083050	0.352314472	0.352314472	0.352314472
0.628327250	0.352616876	0.352616876	0.352616876
0.628571451	0.352919370	0.352919370	0.352919370
0.628815651	0.353221983	0.353221983	0.353221983
0.629059851	0.353524864	0.353524864	0.353524864
0.629304051	0.353827775	0.353827775	0.353827775
0.629548252	0.354130954	0.354130954	0.354130954
0.629792452	0.354434192	0.354434192	0.354434192
0.630036652	0.354737580	0.354737580	0.354737580
0.630280852	0.355041176	0.355041176	0.355041176
0.630525053	0.355344862	0.355344862	0.355344862
0.630769253	0.355648786	0.355648786	0.355648786
0.631013453	0.355952799	0.355952799	0.355952799
0.631257653	0.356257021	0.356257021	0.356257021
0.631501853	0.356561303	0.356561303	0.356561303
0.631746054	0.356865764	0.356865764	0.356865764
0.631990254	0.357170433	0.357170433	0.357170433
0.632234454	0.357475191	0.357475191	0.357475191
0.632478654	0.357780159	0.357780159	0.357780159
0.632722855	0.358085215	0.358085215	0.358085215
0.632967055	0.358390421	0.358390421	0.358390421
0.633211255	0.358695865	0.358695865	0.358695865
0.633455455	0.359001368	0.359001368	0.359001368
0.633699656	0.359307110	0.359307110	0.359307110
0.633943856	0.359612912	0.359612912	0.359612912
0.634188056	0.359918892	0.359918892	0.359918892
0.634432256	0.360225081	0.360225081	0.360225081
0.634676456	0.360531330	0.360531330	0.360531330
0.634920657	0.360837847	0.360837847	0.360837847
0.635164857	0.361144423	0.361144423	0.361144423
0.635409057	0.361451209	0.361451209	0.361451209
0.635653257	0.361758083	0.361758083	0.361758083
0.635897458	0.362065107	0.362065107	0.362065107
0.636141658	0.362372369	0.362372369	0.362372369
0.636385858	0.362679720	0.362679720	0.362679720
0.636630058	0.362987280	0.362987280	0.362987280
0.636874259	0.363294899	0.363294899	0.363294899
0.637118459	0.363602698	0.363602698	0.363602698
0.637362659	0.363910705	0.363910705	0.363910705
0.637606859	0.364218801	0.364218801	0.364218801
0.637851059	0.364527136	0.364527136	0.364527136
0.638095260	0.364835531	0.364835531	0.364835531
0.638339460	0.365144074	0.365144074	0.365144074
0.638583660	0.365452856	0.365452856	0.365452856
0.638827860	0.365761697	0.365761697	0.365761697
0.639072061	0.366070777	0.366070777	0.366070777
0.639316261	0.366379946	0.366379946	0.366379946
0.639560461	0.366689324	0.366689324	0.366689324
0.639804661	0.366998792	0.366998792	0.366998792
0.640048862	0.367308408	0.367308408	0.367308408
0.640293062	0.367618263	0.367618263	0.367618263
0.640537262	0.367928177	0.367928177	0.367928177
0.640781462	0.368238330	0.368238330	0.368238330
0.641025662	0.368548542	0.368548542	0.368548542
0.641269863	0.368858904	0.368858904	0.368858904
0.641514063	0.369169533	0.369169533	0.369169533
0.641758263	0.369480193	0.369480193	0.369480193
0.642002463	0.369791120	0.369791120	0.369791120
0.642246664	0.370102108	0.370102108	0.370102108
0.642490864	0.370413333	0.370413333	0.370413333
0.642735064	0.370724618	0.370724618	0.370724618
0.642979264	0.371036053	0.371036053	0.371036053
0.643223464	0.371347725	0.371347725	0.371347725
0.643467665	0.371659487	0.371659487	0.371659487
0.643711865	0.371971458	0.371971458	0.371971458
0.643956065	0.372283518	0.372283518	0.372283518
0.644200265	0.372595727	0.372595727	0.372595727
0.644444466	0.372908145	0.372908145	0.372908145
0.644688666	0.373220682	0.373220682	0.373220682
0.644932866	0.373533428	0.373533428	0.373533428
0.645177066	0.373846233	0.373846233	0.373846233
0.645421267	0.374159187	0.374159187	0.374159187
0.645665467	0.374472409	0.374472409	0.374472409
0.645909667	0.374785691	0.374785691	0.374785691
0.646153867	0.375099182	0.375099182	0.375099182
0.646398067	0.375412762	0.375412762	0.375412762
0.646642268	0.375726581	0.375726581	0.375726581
0.646886468	0.376040459	0.376040459	0.376040459
0.647130668	0.376354516	0.376354516	0.376354516
0.647374868	0.376668781	0.376668781	0.376668781
0.647619069	0.376983136	0.376983136	0.376983136
0.647863269	0.377297699	0.377297699	0.377297699
0.648107469	0.377612352	0.377612352	0.377612352
0.648351669	0.377927154	0.377927154	0.377927154
0.648595870	0.378242195	0.378242195	0.378242195
0.648840070	0.378557324	0.378557324	0.378557324
0.649084270	0.378872663	0.378872663	0.378872663
0.649328470	0.379188091	0.379188091	0.379188091
0.649572670	0.379503638	0.379503638	0.379503638
0.649816871	0.379819453	0.379819453	0.379819453
0.650061071	0.380135328	0.380135328	0.380135328
0.650305271	0.380451441	0.380451441	0.380451441
0.650549471	0.380767614	0.380767614	0.380767614
0.650793672	0.381084055	0.381084055	0.381084055
0.651037872	0.381400526	0.381400526	0.381400526
0.651282072	0.381717175	0.381717175	0.381717175
0.651526272	0.382034063	0.382034063	0.382034063
0.651770473	0.382351011	0.382351011	0.382351011
0.652014673	0.382668197	0.382668197	0.382668197
0.652258873	0.382985443	0.382985443	0.382985443
0.652503073	0.383302838	0.383302838	0.383302838
0.652747273	0.383620501	0.383620501	0.383620501
0.652991474	0.383938223	0.383938223	0.383938223
0.653235674	0.384256154	0.384256154	0.384256154
0.653479874	0.384574175	0.384574175	0.384574175
0.653724074	0.384892374	0.384892374	0.384892374
0.653968275	0.385210782	0.385210782	0.385210782
0.654212475	0.385529250	0.385529250	0.385529250
0.654456675	0.385847986	0.385847986	0.385847986
0.654700875	0.386166781	0.386166781	0.386166781
0.654945076	0.386485785	0.386485785	0.386485785
0.655189276	0.386804909	0.386804909	0.386804909
0.655433476	0.387124151	0.387124151	0.387124151
0.655677676	0.387443632	0.387443632	0.387443632
0.655921876	0.387763202	0.387763202	0.387763202
0.656166077	0.388082981	0.388082981	0.388082981
0.656410277	0.388402849	0.388402849	0.388402849
0.656654477	0.388722867	0.388722867	0.388722867
0.656898677	0.389043123	0.389043123	0.389043123
0.657142878	0.389363468	0.389363468	0.389363468
0.657387078	0.389684021	0.389684021	0.389684021
0.657631278	0.390004665	0.390004665	0.390004665
0.657875478	0.390325457	0.390325457	0.390325457
0.658119678	0.390646487	0.390646487	0.390646487
0.658363879	0.390967578	0.390967578	0.390967578
0.658608079	0.391288906	0.391288906	0.391288906
0.658852279	0.391610324	0.391610324	0.391610324
0.659096479	0.391931951	0.391931951	0.391931951
0.659340680	0.392253667	0.392253667	0.392253667
0.659584880	0.392575532	0.392575532	0.392575532
0.659829080	0.392897636	0.392897636	0.392897636
0.660073280	0.393219829	0.393219829	0.393219829
0.660317481	0.393542230	0.393542230	0.393542230
0.660561681	0.393864721	0.393864721	0.393864721
0.660805881	0.394187361	0.394187361	0.394187361
0.661050081	0.394510239	0.394510239	0.394510239
0.661294281	0.394833177	0.394833177	0.394833177
0.661538482	0.395156354	0.395156354	0.395156354
0.661782682	0.395479620	0.395479620	0.395479620
0.662026882	0.395803005	0.395803005	0.395803005
0.662271082	0.396126658	0.396126658	0.396126658
0.662515283	0.396450371	0.396450371	0.396450371
0.662759483	0.396774322	0.396774322	0.396774322
0.663003683	0.397098362	0.397098362	0.397098362
0.663247883	0.397422612	0.397422612	0.397422612
0.663492084	0.397746950	0.397746950	0.397746950
0.663736284	0.398071438	0.398071438	0.398071438
0.663980484	0.398396164	0.398396164	0.398396164
0.664224684	0.398720980	0.398720980	0.398720980
0.664468884	0.399046004	0.399046004	0.399046004
0.664713085	0.399371117	0.399371117	0.399371117
0.664957285	0.399696380	0.399696380	0.399696380
0.665201485	0.400021881	0.400021881	0.400021881
0.665445685	0.400347441	0.400347441	0.400347441
0.665689886	0.400673240	0.400673240	0.400673240
0.665934086	0.400999129	0.400999129	0.400999129
0.666178286	0.401325166	0.401325166	0.401325166
0.666422486	0.401651442	0.401651442	0.401651442
0.666666687	0.401977777	0.401977777	0.401977777
0.666910887	0.402304351	0.402304351	0.402304351
0.667155087	0.402631015	0.402631015	0.402631015
0.667399287	0.402957886	0.402957886	0.402957886
0.667643487	0.403284848	0.403284848	0.403284848
0.667887688	0.403611988	0.403611988	0.403611988
0.668131888	0.403939337	0.403939337	0.403939337
0.668376088	0.404266745	0.404266745	0.404266745
0.668620288	0.404594421	0.404594421	0.404594421
0.668864489	0.404922158	0.404922158	0.404922158
0.669108689	0.405250043	0.405250043	0.405250043
0.669352889	0.405578166	0.405578166	0.405578166
0.669597089	0.405906379	0.405906379	0.405906379
0.669841290	0.406234831	0.406234831	0.406234831
0.670085490	0.406563312	0.406563312	0.406563312
0.670329690	0.406892002	0.406892002	0.406892002
0.670573890	0.407220900	0.407220900	0.407220900
0.670818090	0.407549858	0.407549858	0.407549858
0.671062291	0.407879084	0.407879084	0.407879084
0.671306491	0.408208370	0.408208370	0.408208370
0.671550691	0.408537894	0.408537894	0.408537894
0.671794891	0.408867478	0.408867478	0.408867478
0.672039092	0.409197241	0.409197241	0.409197241
0.672283292	0.409527212	0.409527212	0.409527212
0.672527492	0.409857273	0.409857273	0.409857273
0.672771692	0.410187572	0.410187572	0.410187572
0.673015893	0.410517961	0.410517961	0.410517961
0.673260093	0.410848469	0.410848469	0.410848469
0.673504293	0.411179245	0.411179245	0.411179245
0.673748493	0.411510080	0.411510080	0.411510080
0.673992693	0.411841154	0.411841154	0.411841154
0.674236894	0.412172288	0.412172288	0.412172288
0.674481094	0.412503690	0.412503690	0.412503690
0.674725294	0.412835151	0.412835151	0.412835151
0.674969494	0.413166761	0.413166761	0.413166761
0.675213695	0.413498610	0.413498610	0.413498610
0.675457895	0.413830519	0.413830519	0.413830519
0.675702095	0.414162695	0.414162695	0.414162695
0.675946295	0.414494932	0.414494932	0.414494932
0.676190495	0.414827317	0.414827317	0.414827317
0.676434696	0.415159941	0.415159941	0.415159941
0.676678896	0.415492654	0.415492654	0.415492654
0.676923096	0.415825576	0.415825576	0.415825576
0.677167296	0.416158587	0.416158587	0.416158587
0.677411497	0.416491777	0.416491777	0.416491777
0.677655697	0.416825175	0.416825175	0.416825175
0.677899897	0.417158663	0.417158663	0.417158663
0.678144097	0.417492360	0.417492360	0.417492360
0.678388298	0.417826146	0.417826146	0.417826146
0.678632498	0.418160200	0.418160200	0.418160200
0.678876698	0.418494284	0.418494284	0.418494284
0.679120898	0.418828547	0.418828547	0.418828547
0.679365098	0.419163048	0.419163048	0.419163048
0.679609299	0.419497609	0.419497609	0.419497609
0.679853499	0.419832408	0.419832408	0.419832408
0.680097699	0.420167297	0.420167297	0.420167297
0.680341899	0.420502335	0.420502335	0.420502335
0.680586100	0.420837611	0.420837611	0.420837611
0.680830300	0.421172947	0.421172947	0.421172947
0.681074500	0.421508551	0.421508551	0.421508551
0.681318700	0.421844214	0.421844214	0.421844214
0.681562901	0.422180027	0.422180027	0.422180027
0.681807101	0.422516078	0.422516078	0.422516078
0.682051301	0.422852188	0.422852188	0.422852188
0.682295501	0.423188567	0.423188567	0.423188567
0.682539701	0.423525006	0.423525006	0.423525006
0.682783902	0.423861682	0.423861682	0.423861682
0.683028102	0.424198419	0.424198419	0.424198419
0.683272302	0.424535334	0.424535334	0.424535334
0.683516502	0.424872488	0.424872488	0.424872488
0.683760703	0.425209701	0.425209701	0.425209701
0.684004903	0.425547153	0.425547153	0.425547153
0.684249103	0.425884694	0.425884694	0.425884694
0.684493303	0.426222384	0.426222384	0.426222384
0.684737504	0.426560313	0.426560313	0.426560313
0.684981704	0.426898301	0.426898301	0.426898301
0.685225904	0.427236557	0.427236557	0.427236557
0.685470104	0.427574843	0.427574843	0.427574843
0.685714304	0.427913308	0.427913308	0.427913308
0.685958505	0.428252041	0.428252041	0.428252041
0.686202705	0.428590804	0.428590804	0.428590804
0.686446905	0.428929836	0.428929836	0.428929836
0.686691105	0.429268926	0.429268926	0.429268926
0.686935306	0.429608256	0.429608256	0.429608256
0.687179506	0.429947674	0.429947674	0.429947674
0.687423706	0.430287242	0.430287242	0.430287242
0.687667906	0.430627048	0.430627048	0.430627048
0.687912107	0.430966914	0.430966914	0.430966914
0.688156307	0.431307018	0.431307018	0.431307018
0.688400507	0.431647211	0.431647211	0.431647211
0.688644707	0.431987554	0.431987554	0.431987554
0.688888907	0.432328135	0.432328135	0.432328135
0.689133108	0.432668805	0.432668805	0.432668805
0.689377308	0.433009714	0.433009714	0.433009714
0.689621508	0.433350682	0.433350682	0.433350682
0.689865708	0.433691800	0.433691800	0.433691800
0.690109909	0.434033155	0.434033155	0.434033155
0.690354109	0.434374601	0.434374601	0.434374601
0.690598309	0.434716284	0.434716284	0.434716284
0.690842509	0.435058028	0.435058028	0.435058028
0.691086709	0.435400039	0.435400039	0.435400039
0.691330910	0.435742110	0.435742110	0.435742110
0.691575110	0.436084330	0.436084330	0.436084330
0.691819310	0.436426789	0.436426789	0.436426789
0.692063510	0.436769336	0.436769336	0.436769336
0.692307711	0.437112123	0.437112123	0.437112123
0.692551911	0.437454969	0.437454969	0.437454969
0.692796111	0.437797964	0.437797964	0.437797964
0.693040311	0.438141227	0.438141227	0.438141227
0.693284512	0.438484550	0.438484550	0.438484550
0.693528712	0.438828111	0.438828111	0.438828111
0.693772912	0.439171731	0.439171731	0.439171731
0.694017112	0.439515531	0.439515531	0.439515531
0.694261312	0.439859569	0.439859569	0.439859569
0.694505513	0.440203667	0.440203667	0.440203667
0.694749713	0.440548033	0.440548033	0.440548033
0.694993913	0.440892428	0.440892428	0.440892428
0.695238113	0.441237122	0.441237122	0.441237122
0.695482314	0.441581845	0.441581845	0.441581845
0.695726514	0.441926718	0.441926718	0.441926718
0.695970714	0.442271858	0.442271858	0.442271858
0.696214914	0.442617059	0.442617059	0.442617059
0.696459115	0.442962527	0.442962527	0.442962527
0.696703315	0.443308055	0.443308055	0.443308055
0.696947515	0.443653703	0.443653703	0.443653703
0.697191715	0.443999648	0.443999648	0.443999648
0.697435915	0.444345623	0.444345623	0.444345623
0.697680116	0.444691867	0.444691867	0.444691867
0.697924316	0.445038170	0.445038170	0.445038170
0.698168516	0.445384622	0.445384622	0.445384622
0.698412716	0.445731342	0.445731342	0.445731342
0.698656917	0.446078122	0.446078122	0.446078122
0.698901117	0.446425140	0.446425140	0.446425140
0.699145317	0.446772248	0.446772248	0.446772248
0.699389517	0.447119564	0.447119564	0.447119564
0.699633718	0.447466969	0.447466969	0.447466969
0.699877918	0.447814554	0.447814554	0.447814554
0.700122118	0.448162347	0.448162347	0.448162347
0.700366318	0.448510230	0.448510230	0.448510230
0.700610518	0.448858351	0.448858351	0.448858351
0.700854719	0.449206561	0.449206561	0.449206561
0.701098919	0.449554890	0.449554890	0.449554890
0.701343119	0.449903488	0.449903488	0.449903488
0.701587319	0.450252175	0.450252175	0.450252175
0.701831520	0.450601071	0.450601071	0.450601071
0.702075720	0.450950056	0.450950056	0.450950056
0.702319920	0.451299280	0.451299280	0.451299280
0.702564120	0.451648593	0.451648593	0.451648593
0.702808321	0.451998055	0.451998055	0.451998055
0.703052521	0.452347755	0.452347755	0.452347755
0.703296721	0.452697515	0.452697515	0.452697515
0.703540921	0.453047544	0.453047544	0.453047544
0.703785121	0.453397602	0.453397602	0.453397602
0.704029322	0.453747869	0.453747869	0.453747869
0.704273522	0.454098344	0.454098344	0.454098344
0.704517722	0.454448909	0.454448909	0.454448909
0.704761922	0.454799712	0.454799712	0.454799712
0.705006123	0.455150574	0.455150574	0.455150574
0.705250323	0.455501616	0.455501616	0.455501616
0.705494523	0.455852896	0.455852896	0.455852896
0.705738723	0.456204236	0.456204236	0.456204236
0.705982924	0.456555843	0.456555843	0.456555843
0.706227124	0.456907511	0.456907511	0.456907511
0.706471324	0.457259417	0.457259417	0.457259417
0.706715524	0.457611412	0.457611412	0.457611412
0.706959724	0.457963526	0.457963526	0.457963526
0.707203925	0.458315939	0.458315939	0.458315939
0.707448125	0.458668381	0.458668381	0.458668381
0.707692325	0.459021091	0.459021091	0.459021091
0.707936525	0.459373862	0.459373862	0.459373862
0.708180726	0.459726781	0.459726781	0.459726781
0.708424926	0.460079968	0.460079968	0.460079968
0.708669126	0.460433215	0.460433215	0.460433215
0.708913326	0.460786700	0.460786700	0.460786700
0.709157526	0.461140245	0.461140245	0.461140245
0.709401727	0.461493969	0.461493969	0.461493969
0.709645927	0.461847931	0.461847931	0.461847931
0.709890127	0.462201983	0.462201983	0.462201983
0.710134327	0.462556273	0.462556273	0.462556273
0.710378528	0.462910622	0.462910622	0.462910622
0.710622728	0.463265210	0.463265210	0.463265210
0.710866928	0.463619888	0.463619888	0.463619888
0.711111128	0.463974714	0.463974714	0.463974714
0.711355329	0.464329779	0.464329779	0.464329779
0.711599529	0.464684933	0.464684933	0.464684933
0.711843729	0.465040326	0.465040326	0.465040326
0.712087929	0.465395778	0.465395778	0.465395778
0.712332129	0.465751410	0.465751410	0.465751410
0.712576330	0.466107279	0.466107279	0.466107279
0.712820530	0.466463208	0.466463208	0.466463208
0.713064730	0.466819406	0.466819406	0.466819406
0.713308930	0.467175663	0.467175663	0.467175663
0.713553131	0.467532068	0.467532068	0.467532068
0.713797331	0.467888743	0.467888743	0.467888743
0.714041531	0.468245447	0.468245447	0.468245447
0.714285731	0.468602449	0.468602449	0.468602449
0.714529932	0.468959481	0.468959481	0.468959481
0.714774132	0.469316781	0.469316781	0.469316781
0.715018332	0.469674140	0.469674140	0.469674140
0.715262532	0.470031679	0.470031679	0.470031679
0.715506732	0.470389456	0.470389456	0.470389456
0.715750933	0.470747292	0.470747292	0.470747292
0.715995133	0.471105367	0.471105367	0.471105367
0.716239333	0.471463531	0.471463531	0.471463531
0.716483533	0.471821845	0.471821845	0.471821845
0.716727734	0.472180426	0.472180426	0.472180426
0.716971934	0.472539037	0.472539037	0.472539037
0.717216134	0.472897917	0.472897917	0.472897917
0.717460334	0.473256886	0.473256886	0.473256886
0.717704535	0.473616004	0.473616004	0.473616004
0.717948735	0.473975360	0.473975360	0.473975360
0.718192935	0.474334776	0.474334776	0.474334776
0.718437135	0.474694461	0.474694461	0.474694461
0.718681335	0.475054204	0.475054204	0.475054204
0.718925536	0.475414217	0.475414217	0.475414217
0.719169736	0.475774258	0.475774258	0.475774258
0.719413936	0.476134509	0.476134509	0.476134509
0.719658136	0.476494968	0.476494968	0.476494968
0.719902337	0.476855516	0.476855516	0.476855516
0.720146537	0.477216303	0.477216303	0.477216303
0.720390737	0.477577180	0.477577180	0.477577180
0.720634937	0.477938175	0.477938175	0.477938175
0.720879138	0.478299469	0.478299469	0.478299469
0.721123338	0.478660792	0.478660792	0.478660792
0.721367538	0.479022384	0.479022384	0.479022384
0.721611738	0.479384035	0.479384035	0.479384035
0.721855938	0.479745865	0.479745865	0.479745865
0.722100139	0.480107933	0.480107933	0.480107933
0.722344339	0.480470061	0.480470061	0.480470061
0.722588539	0.480832428	0.480832428	0.480832428
0.722832739	0.481194884	0.481194884	0.481194884
0.723076940	0.481557608	0.481557608	0.481557608
0.723321140	0.481920362	0.481920362	0.481920362
0.723565340	0.482283294	0.482283294	0.482283294
0.723809540	0.482646495	0.482646495	0.482646495
0.724053741	0.483009726	0.483009726	0.483009726
0.724297941	0.483373225	0.483373225	0.483373225
0.724542141	0.483736813	0.483736813	0.483736813
0.724786341	0.484100521	0.484100521	0.484100521
0.725030541	0.484464496	0.484464496	0.484464496
0.725274742	0.484828562	0.484828562	0.484828562
0.725518942	0.485192865	0.485192865	0.485192865
0.725763142	0.485557228	0.485557228	0.485557228
0.726007342	0.485921741	0.485921741	0.485921741
0.726251543	0.486286521	0.486286521	0.486286521
0.726495743	0.486651361	0.486651361	0.486651361
0.726739943	0.487016469	0.487016469	0.487016469
0.726984143	0.487381637	0.487381637	0.487381637
0.727228343	0.487747043	0.487747043	0.487747043
0.727472544	0.488112539	0.488112539	0.488112539
0.727716744	0.488478184	0.488478184	0.488478184
0.727960944	0.488844067	0.488844067	0.488844067
0.728205144	0.489210039	0.489210039	0.489210039
0.728449345	0.489576250	0.489576250	0.489576250
0.728693545	0.489942521	0.489942521	0.489942521
0.728937745	0.490308970	0.490308970	0.490308970
0.729181945	0.490675658	0.490675658	0.490675658
0.729426146	0.491042435	0.491042435	0.491042435
0.729670346	0.491409451	0.491409451	0.491409451
0.729914546	0.491776526	0.491776526	0.491776526
0.730158746	0.492143750	0.492143750	0.492143750
0.730402946	0.492511272	0.492511272	0.492511272
0.730647147	0.492878824	0.492878824	0.492878824
0.730891347	0.493246645	0.493246645	0.493246645
0.731135547	0.493614525	0.493614525	0.493614525
0.731379747	0.493982643	0.493982643	0.493982643
0.731623948	0.494350851	0.494350851	0.494350851
0.731868148	0.494719207	0.494719207	0.494719207
0.732112348	0.495087832	0.495087832	0.495087832
0.732356548	0.495456517	0.495456517	0.495456517
0.732600749	0.495825440	0.495825440	0.495825440
0.732844949	0.496194452	0.496194452	0.496194452
0.733089149	0.496563613	0.496563613	0.496563613
0.733333349	0.496933043	0.496933043	0.496933043
0.733577549	0.497302502	0.497302502	0.497302502
0.733821750	0.497672260	0.497672260	0.497672260
0.734065950	0.498042047	0.498042047	0.498042047
0.734310150	0.498412102	0.498412102	0.498412102
0.734554350	0.498782247	0.498782247	0.498782247
0.734798551	0.499152511	0.499152511	0.499152511
0.735042751	0.499523044	0.499523044	0.499523044
0.735286951	0.499893665	0.499893665	0.499893665
0.735531151	0.500264525	0.500264525	0.500264525
0.735775352	0.500635445	0.500635445	0.500635445
0.736019552	0.501006544	0.501006544	0.501006544
0.736263752	0.501377881	0.501377881	0.501377881
0.736507952	0.501749277	0.501749277	0.501749277
0.736752152	0.502120912	0.502120912	0.502120912
0.736996353	0.502492666	0.502492666	0.502492666
0.737240553	0.502864540	0.502864540	0.502864540
0.737484753	0.503236711	0.503236711	0.503236711
0.737728953	0.503608882	0.503608882	0.503608882
0.737973154	0.503981352	0.503981352	0.503981352
0.738217354	0.504353881	0.504353881	0.504353881
0.738461554	0.504726708	0.504726708	0.504726708
0.738705754	0.505099535	0.505099535	0.505099535
0.738949955	0.505472541	0.505472541	0.505472541
0.739194155	0.505845845	0.505845845	0.505845845
0.739438355	0.506219149	0.506219149	0.506219149
0.739682555	0.506592751	0.506592751	0.506592751
0.739926755	0.506966412	0.506966412	0.506966412
0.740170956	0.507340193	0.507340193	0.507340193
0.740415156	0.507714272	0.507714272	0.507714272
0.740659356	0.508088410	0.508088410	0.508088410
0.740903556	0.508462787	0.508462787	0.508462787
0.741147757	0.508837283	0.508837283	0.508837283
0.741391957	0.509211898	0.509211898	0.509211898
0.741636157	0.509586751	0.509586751	0.509586751
0.741880357	0.509961724	0.509961724	0.509961724
0.742124557	0.510336876	0.510336876	0.510336876
0.742368758	0.510712147	0.510712147	0.510712147
0.742612958	0.511087656	0.511087656	0.511087656
0.742857158	0.511463284	0.511463284	0.511463284
0.743101358	0.511839032	0.511839032	0.511839032
0.743345559	0.512215018	0.512215018	0.512215018
0.743589759	0.512591064	0.512591064	0.512591064
0.743833959	0.512967408	0.512967408	0.512967408
0.744078159	0.513343811	0.513343811	0.513343811
0.744322360	0.513720334	0.513720334	0.513720334
0.744566560	0.514097154	0.514097154	0.514097154
0.744810760	0.514474034	0.514474034	0.514474034
0.745054960	0.514851153	0.514851153	0.514851153
0.745299160	0.515228331	0.515228331	0.515228331
0.745543361	0.515605688	0.515605688	0.515605688
0.745787561	0.515983343	0.515983343	0.515983343
0.746031761	0.516360998	0.516360998	0.516360998
0.746275961	0.516738951	0.516738951	0.516738951
0.746520162	0.517116964	0.517116964	0.517116964
0.746764362	0.517495215	0.517495215	0.517495215
0.747008562	0.517873526	0.517873526	0.517873526
0.747252762	0.518252015	0.518252015	0.518252015
0.747496963	0.518630743	0.518630743	0.518630743
0.747741163	0.519009590	0.519009590	0.519009590
0.747985363	0.519388616	0.519388616	0.519388616
0.748229563	0.519767761	0.519767761	0.519767761
0.748473763	0.520147026	0.520147026	0.520147026
0.748717964	0.520526588	0.520526588	0.520526588
0.748962164	0.520906210	0.520906210	0.520906210
0.749206364	0.521286070	0.521286070	0.521286070
0.749450564	0.521666050	0.521666050	0.521666050
0.749694765	0.522046149	0.522046149	0.522046149
0.749938965	0.522426486	0.522426486	0.522426486
0.750183165	0.522806883	0.522806883	0.522806883
0.750427365	0.523187578	0.523187578	0.523187578
0.750671566	0.523568332	0.523568332	0.523568332
0.750915766	0.523949325	0.523949325	0.523949325
0.751159966	0.524330378	0.524330378	0.524330378
0.751404166	0.524711609	0.524711609	0.524711609
0.751648366	0.525093138	0.525093138	0.525093138
0.751892567	0.525474668	0.525474668	0.525474668
0.752136767	0.525856495	0.525856495	0.525856495
0.752380967	0.526238382	0.526238382	0.526238382
0.752625167	0.526620388	0.526620388	0.526620388
0.752869368	0.527002692	0.527002692	0.527002692
0.753113568	0.527385056	0.527385056	0.527385056
0.753357768	0.527767718	0.527767718	0.527767718
0.753601968	0.528150380	0.528150380	0.528150380
0.753846169	0.528533220	0.528533220	0.528533220
0.754090369	0.528916359	0.528916359	0.528916359
0.754334569	0.529299498	0.529299498	0.529299498
0.754578769	0.529682934	0.529682934	0.529682934
0.754822969	0.530066431	0.530066431	0.530066431
0.755067170	0.530450165	0.530450165	0.530450165
0.755311370	0.530834019	0.530834019	0.530834019
0.755555570	0.531217992	0.531217992	0.531217992
0.755799770	0.531602204	0.531602204	0.531602204
0.756043971	0.531986535	0.531986535	0.531986535
0.756288171	0.532371104	0.532371104	0.532371104
0.756532371	0.532755733	0.532755733	0.532755733
0.756776571	0.533140540	0.533140540	0.533140540
0.757020772	0.533525586	0.533525586	0.533525586
0.757264972	0.533910692	0.533910692	0.533910692
0.757509172	0.534296036	0.534296036	0.534296036
0.757753372	0.534681499	0.534681499	0.534681499
0.757997572	0.535067081	0.535067081	0.535067081
0.758241773	0.535452962	0.535452962	0.535452962
0.758485973	0.535838902	0.535838902	0.535838902
0.758730173	0.536225080	0.536225080	0.536225080
0.758974373	0.536611319	0.536611319	0.536611319
0.759218574	0.536997855	0.536997855	0.536997855
0.759462774	0.537384391	0.537384391	0.537384391
0.759706974	0.537771165	0.537771165	0.537771165
0.759951174	0.538158178	0.538158178	0.538158178
0.760195374	0.538545191	0.538545191	0.538545191
0.760439575	0.538932562	0.538932562	0.538932562
0.760683775	0.539319932	0.539319932	0.539319932
0.760927975	0.539707482	0.539707482	0.539707482
0.761172175	0.540095270	0.540095270	0.540095270
0.761416376	0.540483177	0.540483177	0.540483177
0.761660576	0.540871322	0.540871322	0.540871322
0.761904776	0.541259527	0.541259527	0.541259527
0.762148976	0.541647851	0.541647851	0.541647851
0.762393177	0.542036474	0.542036474	0.542036474
0.762637377	0.542425156	0.542425156	0.542425156
0.762881577	0.542814136	0.542814136	0.542814136
0.763125777	0.543203115	0.543203115	0.543203115
0.763369977	0.543592393	0.543592393	0.543592393
0.763614178	0.543981731	0.543981731	0.543981731
0.763858378	0.544371247	0.544371247	0.544371247
0.764102578	0.544761002	0.544761002	0.544761002
0.764346778	0.545150816	0.545150816	0.545150816
0.764590979	0.545540929	0.545540929	0.545540929
0.764835179	0.545931041	0.545931041	0.545931041
0.765079379	0.546321392	0.546321392	0.546321392
0.765323579	0.546711981	0.546711981	0.546711981
0.765567780	0.547102571	0.547102571	0.547102571
0.765811980	0.547493517	0.547493517	0.547493517
0.766056180	0.547884464	0.547884464	0.547884464
0.766300380	0.548275709	0.548275709	0.548275709
0.766544580	0.548666954	0.548666954	0.548666954
0.766788781	0.549058437	0.549058437	0.549058437
0.767032981	0.549450159	0.549450159	0.549450159
0.767277181	0.549841940	0.549841940	0.549841940
0.767521381	0.550233960	0.550233960	0.550233960
0.767765582	0.550626099	0.550626099	0.550626099
0.768009782	0.551018357	0.551018357	0.551018357
0.768253982	0.551410854	0.551410854	0.551410854
0.768498182	0.551803470	0.551803470	0.551803470
0.768742383	0.552196324	0.552196324	0.552196324
0.768986583	0.552589238	0.552589238	0.552589238
0.769230783	0.552982330	0.552982330	0.552982330
0.769474983	0.553375661	0.553375661	0.553375661
0.769719183	0.553769052	0.553769052	0.553769052
0.769963384	0.554162741	0.554162741	0.554162741
0.770207584	0.554556489	0.554556489	0.554556489
0.770451784	0.554950476	0.554950476	0.554950476
0.770695984	0.555344522	0.555344522	0.555344522
0.770940185	0.555738747	0.555738747	0.555738747
0.771184385	0.556133270	0.556133270	0.556133270
0.771428585	0.556527793	0.556527793	0.556527793
0.771672785	0.556922615	0.556922615	0.556922615
0.771916986	0.557317495	0.557317495	0.557317495
0.772161186	0.557712555	0.557712555	0.557712555
0.772405386	0.558107853	0.558107853	0.558107853
0.772649586	0.558503211	0.558503211	0.558503211
0.772893786	0.558898866	0.558898866	0.558898866
0.773137987	0.559294522	0.559294522	0.559294522
0.773382187	0.559690416	0.559690416	0.559690416
0.773626387	0.560086548	0.560086548	0.560086548
0.773870587	0.560482740	0.560482740	0.560482740
0.774114788	0.560879171	0.560879171	0.560879171
0.774358988	0.561275661	0.561275661	0.561275661
0.774603188	0.561672449	0.561672449	0.561672449
0.774847388	0.562069297	0.562069297	0.562069297
0.775091588	0.562466264	0.562466264	0.562466264
0.775335789	0.562863529	0.562863529	0.562863529
0.775579989	0.563260913	0.563260913	0.563260913
0.775824189	0.563658476	0.563658476	0.563658476
0.776068389	0.564056158	0.564056158	0.564056158
0.776312590	0.564453959	0.564453959	0.564453959
0.776556790	0.564852059	0.564852059	0.564852059
0.776800990	0.565250158	0.565250158	0.565250158
0.777045190	0.565648615	0.565648615	0.565648615
0.777289391	0.566047072	0.566047072	0.566047072
0.777533591	0.566445708	0.566445708	0.566445708
0.777777791	0.566844642	0.566844642	0.566844642
0.778021991	0.567243576	0.567243576	0.567243576
0.778266191	0.567642808	0.567642808	0.567642808
0.778510392	0.568042099	0.568042099	0.568042099
0.778754592	0.568441689	0.568441689	0.568441689
0.778998792	0.568841279	0.568841279	0.568841279
0.779242992	0.569241047	0.569241047	0.569241047
0.779487193	0.569641113	0.569641113	0.569641113
0.779731393	0.570041239	0.570041239	0.570041239
0.779975593	0.570441604	0.570441604	0.570441604
0.780219793	0.570842028	0.570842028	0.570842028
0.780463994	0.571242630	0.571242630	0.571242630
0.780708194	0.571643531	0.571643531	0.571643531
0.780952394	0.572044492	0.572044492	0.572044492
0.781196594	0.572445691	0.572445691	0.572445691
0.781440794	0.572846949	0.572846949	0.572846949
0.781684995	0.573248327	0.573248327	0.573248327
0.781929195	0.573650062	0.573650062	0.573650062
0.782173395	0.574051797	0.574051797	0.574051797
0.782417595	0.574453831	0.574453831	0.574453831
0.782661796	0.574855864	0.574855864	0.574855864
0.782905996	0.575258255	0.575258255	0.575258255
0.783150196	0.575660646	0.575660646	0.575660646
0.783394396	0.576063216	0.576063216	0.576063216
0.783638597	0.576466084	0.576466084	0.576466084
0.783882797	0.576868951	0.576868951	0.576868951
0.784126997	0.577272117	0.577272117	0.577272117
0.784371197	0.577675343	0.577675343	0.577675343
0.784615397	0.578078747	0.578078747	0.578078747
0.784859598	0.578482389	0.578482389	0.578482389
0.785103798	0.578886151	0.578886151	0.578886151
0.785347998	0.579290152	0.579290152	0.579290152
0.785592198	0.579694152	0.579694152	0.579694152
0.785836399	0.580098391	0.580098391	0.580098391
0.786080599	0.580502868	0.580502868	0.580502868
0.786324799	0.580907404	0.580907404	0.580907404
0.786568999	0.581312239	0.581312239	0.581312239
0.786813200	0.581717134	0.581717134	0.581717134
0.787057400	0.582122266	0.582122266	0.582122266
0.787301600	0.582527459	0.582527459	0.582527459
0.787545800	0.582932830	0.582932830	0.582932830
0.787790000	0.583338439	0.583338439	0.583338439
0.788034201	0.583744168	0.583744168	0.583744168
0.788278401	0.584150136	0.584150136	0.584150136
0.788522601	0.584556162	0.584556162	0.584556162
0.788766801	0.584962308	0.584962308	0.584962308
0.789011002	0.585368812	0.585368812	0.585368812
0.789255202	0.585775316	0.585775316	0.585775316
0.789499402	0.586182117	0.586182117	0.586182117
0.789743602	0.586588919	0.586588919	0.586588919
0.789987803	0.586995959	0.586995959	0.586995959
0.790232003	0.587403238	0.587403238	0.587403238
0.790476203	0.587810576	0.587810576	0.587810576
0.790720403	0.588218212	0.588218212	0.588218212
0.790964603	0.588625848	0.588625848	0.588625848
0.791208804	0.589033782	0.589033782	0.589033782
0.791453004	0.589441836	0.589441836	0.589441836
0.791697204	0.589849949	0.589849949	0.589849949
0.791941404	0.590258420	0.590258420	0.590258420
0.792185605	0.590666890	0.590666890	0.590666890
0.792429805	0.591075659	0.591075659	0.591075659
0.792674005	0.591484487	0.591484487	0.591484487
0.792918205	0.591893494	0.591893494	0.591893494
0.793162405	0.592302740	0.592302740	0.592302740
0.793406606	0.592712045	0.592712045	0.592712045
0.793650806	0.593121648	0.593121648	0.593121648
0.793895006	0.593531311	0.593531311	0.593531311
0.794139206	0.593941152	0.593941152	0.593941152
0.794383407	0.594351232	0.594351232	0.594351232
0.794627607	0.594761372	0.594761372	0.594761372
0.794871807	0.595171750	0.595171750	0.595171750
0.795116007	0.595582247	0.595582247	0.595582247
0.795360208	0.595992982	0.595992982	0.595992982
0.795604408	0.596403778	0.596403778	0.596403778
0.795848608	0.596814752	0.596814752	0.596814752
0.796092808	0.597226024	0.597226024	0.597226024
0.796337008	0.597637296	0.597637296	0.597637296
0.796581209	0.598048866	0.598048866	0.598048866
0.796825409	0.598460495	0.598460495	0.598460495
0.797069609	0.598872304	0.598872304	0.598872304
0.797313809	0.599284410	0.599284410	0.599284410
0.797558010	0.599696517	0.599696517	0.599696517
0.797802210	0.600108922	0.600108922	0.600108922
0.798046410	0.600521386	0.600521386	0.600521386
0.798290610	0.600934088	0.600934088	0.600934088
0.798534811	0.601346910	0.601346910	0.601346910
0.798779011	0.601759851	0.601759851	0.601759851
0.799023211	0.602173090	0.602173090	0.602173090
0.799267411	0.602586389	0.602586389	0.602586389
0.799511611	0.602999926	0.602999926	0.602999926
0.799755812	0.603413522	0.603413522	0.603413522
0.800000012	0.603827298	0.603827298	0.603827298
0.800244212	0.604241371	0.604241371	0.604241371
0.800488412	0.604655504	0.604655504	0.604655504
0.800732613	0.605069876	0.605069876	0.605069876
0.800976813	0.605484307	0.605484307	0.605484307
0.801221013	0.605898917	0.605898917	0.605898917
0.801465213	0.606313825	0.606313825	0.606313825
0.801709414	0.606728733	0.606728733	0.606728733
0.801953614	0.607143939	0.607143939	0.607143939
0.802197814	0.607559204	0.607559204	0.607559204
0.802442014	0.607974768	0.607974768	0.607974768
0.802686214	0.608390391	0.608390391	0.608390391
0.802930415	0.608806133	0.608806133	0.608806133
0.803174615	0.609222174	0.609222174	0.609222174
0.803418815	0.609638274	0.609638274	0.609638274
0.803663015	0.610054672	0.610054672	0.610054672
0.803907216	0.610471070	0.610471070	0.610471070
0.804151416	0.610887706	0.610887706	0.610887706
0.804395616	0.611304581	0.611304581	0.611304581
0.804639816	0.611721456	0.611721456	0.611721456
0.804884017	0.612138689	0.612138689	0.612138689
0.805128217	0.612555921	0.612555921	0.612555921
0.805372417	0.612973392	0.612973392	0.612973392
0.805616617	0.613391042	0.613391042	0.613391042
0.805860817	0.613808811	0.613808811	0.613808811
0.806105018	0.614226878	0.614226878	0.614226878
0.806349218	0.614644945	0.614644945	0.614644945
0.806593418	0.615063310	0.615063310	0.615063310
0.806837618	0.615481734	0.615481734	0.615481734
0.807081819	0.615900338	0.615900338	0.615900338
0.807326019	0.616319180	0.616319180	0.616319180
0.807570219	0.616738081	0.616738081	0.616738081
0.807814419	0.617157280	0.617157280	0.617157280
0.808058619	0.617576540	0.617576540	0.617576540
0.808302820	0.617995977	0.617995977	0.617995977
0.808547020	0.618415654	0.618415654	0.618415654
0.808791220	0.618835390	0.618835390	0.618835390
0.809035420	0.619255424	0.619255424	0.619255424
0.809279621	0.619675517	0.619675517	0.619675517
0.809523821	0.620095789	0.620095789	0.620095789
0.809768021	0.620516300	0.620516300	0.620516300
0.810012221	0.620936871	0.620936871	0.620936871
0.810256422	0.621357739	0.621357739	0.621357739
0.810500622	0.621778667	0.621778667	0.621778667
0.810744822	0.622199833	0.622199833	0.622199833
0.810989022	0.622621119	0.622621119	0.622621119
0.811233222	0.623042524	0.623042524	0.623042524
0.811477423	0.623464167	0.623464167	0.623464167
0.811721623	0.623885930	0.623885930	0.623885930
0.811965823	0.624307930	0.624307930	0.624307930
0.812210023	0.624730051	0.624730051	0.624730051
0.812454224	0.625152290	0.625152290	0.625152290
0.812698424	0.625574827	0.625574827	0.625574827
0.812942624	0.625997365	0.625997365	0.625997365
0.813186824	0.626420259	0.626420259	0.626420259
0.813431025	0.626843154	0.626843154	0.626843154
0.813675225	0.627266228	0.627266228	0.627266228
0.813919425	0.627689600	0.627689600	0.627689600
0.814163625	0.628112972	0.628112972	0.628112972
0.814407825	0.628536701	0.628536701	0.628536701
0.814652026	0.628960431	0.628960431	0.628960431
0.814896226	0.629384458	0.629384458	0.629384458
0.815140426	0.629808545	0.629808545	0.629808545
0.815384626	0.630232751	0.630232751	0.630232751
0.815628827	0.630657256	0.630657256	0.630657256
0.815873027	0.631081879	0.631081879	0.631081879
0.816117227	0.631506741	0.631506741	0.631506741
0.816361427	0.631931603	0.631931603	0.631931603
0.816605628	0.632356703	0.632356703	0.632356703
0.816849828	0.632782042	0.632782042	0.632782042
0.817094028	0.633207440	0.633207440	0.633207440
0.817338228	0.633633137	0.633633137	0.633633137
0.817582428	0.634058893	0.634058893	0.634058893
0.817826629	0.634484828	0.634484828	0.634484828
0.818070829	0.634911001	0.634911001	0.634911001
0.818315029	0.635337234	0.635337234	0.635337234
0.818559229	0.635763764	0.635763764	0.635763764
0.818803430	0.636190355	0.636190355	0.636190355
0.819047630	0.636617184	0.636617184	0.636617184
0.819291830	0.637044132	0.637044132	0.637044132
0.819536030	0.637471199	0.637471199	0.637471199
0.819780231	0.637898564	0.637898564	0.637898564
0.820024431	0.638325989	0.638325989	0.638325989
0.820268631	0.638753653	0.638753653	0.638753653
0.820512831	0.639181376	0.639181376	0.639181376
0.820757031	0.639609337	0.639609337	0.639609337
0.821001232	0.640037537	0.640037537	0.640037537
0.821245432	0.640465736	0.640465736	0.640465736
0.821489632	0.640894294	0.640894294	0.640894294
0.821733832	0.641322851	0.641322851	0.641322851
0.821978033	0.641751647	0.641751647	0.641751647
0.822222233	0.642180622	0.642180622	0.642180622
0.822466433	0.642609715	0.642609715	0.642609715
0.822710633	0.643039107	0.643039107	0.643039107
0.822954834	0.643468499	0.643468499	0.643468499
0.823199034	0.643898189	0.643898189	0.643898189
0.823443234	0.644327939	0.644327939	0.644327939
0.823687434	0.644757867	0.644757867	0.644757867
0.823931634	0.645188093	0.645188093	0.645188093
0.824175835	0.645618320	0.645618320	0.645618320
0.824420035	0.646048903	0.646048903	0.646048903
0.824664235	0.646479487	0.646479487	0.646479487
0.824908435	0.646910250	0.646910250	0.646910250
0.825152636	0.647341251	0.647341251	0.647341251
0.825396836	0.647772372	0.647772372	0.647772372
0.825641036	0.648203731	0.648203731	0.648203731
0.825885236	0.648635149	0.648635149	0.648635149
0.826129436	0.649066746	0.649066746	0.649066746
0.826373637	0.649498641	0.649498641	0.649498641
0.826617837	0.649930537	0.649930537	0.649930537
0.826862037	0.650362790	0.650362790	0.650362790
0.827106237	0.650795043	0.650795043	0.650795043
0.827350438	0.651227593	0.651227593	0.651227593
0.827594638	0.651660144	0.651660144	0.651660144
0.827838838	0.652092934	0.652092934	0.652092934
0.828083038	0.652525961	0.652525961	0.652525961
0.828327239	0.652959108	0.652959108	0.652959108
0.828571439	0.653392494	0.653392494	0.653392494
0.828815639	0.653825939	0.653825939	0.653825939
0.829059839	0.654259503	0.654259503	0.654259503
0.829304039	0.654693425	0.654693425	0.654693425
0.829548240	0.655127347	0.655127347	0.655127347
0.829792440	0.655561566	0.655561566	0.655561566
0.830036640	0.655995846	0.655995846	0.655995846
0.830280840	0.656430423	0.656430423	0.656430423
0.830525041	0.656865001	0.656865001	0.656865001
0.830769241	0.657299817	0.657299817	0.657299817
0.831013441	0.657734871	0.657734871	0.657734871
0.831257641	0.658169985	0.658169985	0.658169985
0.831501842	0.658605397	0.658605397	0.658605397
0.831746042	0.659040809	0.659040809	0.659040809
0.831990242	0.659476459	0.659476459	0.659476459
0.832234442	0.659912348	0.659912348	0.659912348
0.832478642	0.660348296	0.660348296	0.660348296
0.832722843	0.660784543	0.660784543	0.660784543
0.832967043	0.661220849	0.661220849	0.661220849
0.833211243	0.661657274	0.661657274	0.661657274
0.833455443	0.662094057	0.662094057	0.662094057
0.833699644	0.662530839	0.662530839	0.662530839
0.833943844	0.662967920	0.662967920	0.662967920
0.834188044	0.663405061	0.663405061	0.663405061
0.834432244	0.663842440	0.663842440	0.663842440
0.834676445	0.664279938	0.664279938	0.664279938
0.834920645	0.664717555	0.664717555	0.664717555
0.835164845	0.665155470	0.665155470	0.665155470
0.835409045	0.665593445	0.665593445	0.665593445
0.835653245	0.666031718	0.666031718	0.666031718
0.835897446	0.666469991	0.666469991	0.666469991
0.836141646	0.666908503	0.666908503	0.666908503
0.836385846	0.667347252	0.667347252	0.667347252
0.836630046	0.667786062	0.667786062	0.667786062
0.836874247	0.668225169	0.668225169	0.668225169
0.837118447	0.668664277	0.668664277	0.668664277
0.837362647	0.669103622	0.669103622	0.669103622
0.837606847	0.669543207	0.669543207	0.669543207
0.837851048	0.669982851	0.669982851	0.669982851
0.838095248	0.670422792	0.670422792	0.670422792
0.838339448	0.670862794	0.670862794	0.670862794
0.838583648	0.671303093	0.671303093	0.671303093
0.838827848	0.671743393	0.671743393	0.671743393
0.839072049	0.672183931	0.672183931	0.672183931
0.839316249	0.672624707	0.672624707	0.672624707
0.839560449	0.673065543	0.673065543	0.673065543
0.839804649	0.673506618	0.673506618	0.673506618
0.840048850	0.673947811	0.673947811	0.673947811
0.840293050	0.674389124	0.674389124	0.674389124
0.840537250	0.674830794	0.674830794	0.674830794
0.840781450	0.675272465	0.675272465	0.675272465
0.841025651	0.675714433	0.675714433	0.675714433
0.841269851	0.676156402	0.676156402	0.676156402
0.841514051	0.676598608	0.676598608	0.676598608
0.841758251	0.677041054	0.677041054	0.677041054
0.842002451	0.677483618	0.677483618	0.677483618
0.842246652	0.677926421	0.677926421	0.677926421
0.842490852	0.678369284	0.678369284	0.678369284
0.842735052	0.678812385	0.678812385	0.678812385
0.842979252	0.679255605	0.679255605	0.679255605
0.843223453	0.679698944	0.679698944	0.679698944
0.843467653	0.680142581	0.680142581	0.680142581
0.843711853	0.680586338	0.680586338	0.680586338
0.843956053	0.681030273	0.681030273	0.681030273
0.844200253	0.681474328	0.681474328	0.681474328
0.844444454	0.681918561	0.681918561	0.681918561
0.844688654	0.682363033	0.682363033	0.682363033
0.844932854	0.682807565	0.682807565	0.682807565
0.845177054	0.683252394	0.683252394	0.683252394
0.845421255	0.683697283	0.683697283	0.683697283
0.845665455	0.684142351	0.684142351	0.684142351
0.845909655	0.684587657	0.684587657	0.684587657
0.846153855	0.685033083	0.685033083	0.685033083
0.846398056	0.685478747	0.685478747	0.685478747
0.846642256	0.685924470	0.685924470	0.685924470
0.846886456	0.686370492	0.686370492	0.686370492
0.847130656	0.686816573	0.686816573	0.686816573
0.847374856	0.687262774	0.687262774	0.687262774
0.847619057	0.687709332	0.687709332	0.687709332
0.847863257	0.688155890	0.688155890	0.688155890
0.848107457	0.688602746	0.688602746	0.688602746
0.848351657	0.689049661	0.689049661	0.689049661
0.848595858	0.689496756	0.689496756	0.689496756
0.848840058	0.689944088	0.689944088	0.689944088
0.849084258	0.690391541	0.690391541	0.690391541
0.849328458	0.690839231	0.690839231	0.690839231
0.849572659	0.691286981	0.691286981	0.691286981
0.849816859	0.691734910	0.691734910	0.691734910
0.850061059	0.692183137	0.692183137	0.692183137
0.850305259	0.692631423	0.692631423	0.692631423
0.850549459	0.693079948	0.693079948	0.693079948
0.850793660	0.693528533	0.693528533	0.693528533
0.851037860	0.693977475	0.693977475	0.693977475
0.851282060	0.694426417	0.694426417	0.694426417
0.851526260	0.694875479	0.694875479	0.694875479
0.851770461	0.695324898	0.695324898	0.695324898
0.852014661	0.695774376	0.695774376	0.695774376
0.852258861	0.696224093	0.696224093	0.696224093
0.852503061	0.696673870	0.696673870	0.696673870
0.852747262	0.697123826	0.697123826	0.697123826
0.852991462	0.697574079	0.697574079	0.697574079
0.853235662	0.698024392	0.698024392	0.698024392
0.853479862	0.698475003	0.698475003	0.698475003
0.853724062	0.698925614	0.698925614	0.698925614
0.853968263	0.699376404	0.699376404	0.699376404
0.854212463	0.699827492	0.699827492	0.699827492
0.854456663	0.700278640	0.700278640	0.700278640
0.854700863	0.700730085	0.700730085	0.700730085
0.854945064	0.701181591	0.701181591	0.701181591
0.855189264	0.701633334	0.701633334	0.701633334
0.855433464	0.702085197	0.702085197	0.702085197
0.855677664	0.702537179	0.702537179	0.702537179
0.855921865	0.702989459	0.702989459	0.702989459
0.856166065	0.703441799	0.703441799	0.703441799
0.856410265	0.703894436	0.703894436	0.703894436
0.856654465	0.704347074	0.704347074	0.704347074
0.856898665	0.704799950	0.704799950	0.704799950
0.857142866	0.705253065	0.705253065	0.705253065
0.857387066	0.705706239	0.705706239	0.705706239
0.857631266	0.706159711	0.706159711	0.706159711
0.857875466	0.706613243	0.706613243	0.706613243
0.858119667	0.707066953	0.707066953	0.707066953
0.858363867	0.707520902	0.707520902	0.707520902
0.858608067	0.707974970	0.707974970	0.707974970
0.858852267	0.708429277	0.708429277	0.708429277
0.859096467	0.708883643	0.708883643	0.708883643
0.859340668	0.709338307	0.709338307	0.709338307
0.859584868	0.709793031	0.709793031	0.709793031
0.859829068	0.710247934	0.710247934	0.710247934
0.860073268	0.710703075	0.710703075	0.710703075
0.860317469	0.711158276	0.711158276	0.711158276
0.860561669	0.711613834	0.711613834	0.711613834
0.860805869	0.712069392	0.712069392	0.712069392
0.861050069	0.712525129	0.712525129	0.712525129
0.861294270	0.712981105	0.712981105	0.712981105
0.861538470	0.713437200	0.713437200	0.713437200
0.861782670	0.713893592	0.713893592	0.713893592
0.862026870	0.714349985	0.714349985	0.714349985
0.862271070	0.714806676	0.714806676	0.714806676
0.862515271	0.715263426	0.715263426	0.715263426
0.862759471	0.715720356	0.715720356	0.715720356
0.863003671	0.716177583	0.716177583	0.716177583
0.863247871	0.716634810	0.716634810	0.716634810
0.863492072	0.717092395	0.717092395	0.717092395
0.863736272	0.717549980	0.717549980	0.717549980
0.863980472	0.718007803	0.718007803	0.718007803
0.864224672	0.718465865	0.718465865	0.718465865
0.864468873	0.718923926	0.718923926	0.718923926
0.864713073	0.719382346	0.719382346	0.719382346
0.864957273	0.719840825	0.719840825	0.719840825
0.865201473	0.720299423	0.720299423	0.720299423
0.865445673	0.720758379	0.720758379	0.720758379
0.865689874	0.721217334	0.721217334	0.721217334
0.865934074	0.721676588	0.721676588	0.721676588
0.866178274	0.722135901	0.722135901	0.722135901
0.866422474	0.722595513	0.722595513	0.722595513
0.866666675	0.723055124	0.723055124	0.723055124
0.866910875	0.723514974	0.723514974	0.723514974
0.867155075	0.723975062	0.723975062	0.723975062
0.867399275	0.724435270	0.724435270	0.724435270
0.867643476	0.724895716	0.724895716	0.724895716
0.867887676	0.725356221	0.725356221	0.725356221
0.868131876	0.725816846	0.725816846	0.725816846
0.868376076	0.726277828	0.726277828	0.726277828
0.868620276	0.726738870	0.726738870	0.726738870
0.868864477	0.727200150	0.727200150	0.727200150
0.869108677	0.727661490	0.727661490	0.727661490
0.869352877	0.728123069	0.728123069	0.728123069
0.869597077	0.728584886	0.728584886	0.728584886
0.869841278	0.729046702	0.729046702	0.729046702
0.870085478	0.729508877	0.729508877	0.729508877
0.870329678	0.729971111	0.729971111	0.729971111
0.870573878	0.730433583	0.730433583	0.730433583
0.870818079	0.730896175	0.730896175	0.730896175
0.871062279	0.731358886	0.731358886	0.731358886
0.871306479	0.731821895	0.731821895	0.731821895
0.871550679	0.732284963	0.732284963	0.732284963
0.871794879	0.732748330	0.732748330	0.732748330
0.872039080	0.733211696	0.733211696	0.733211696
0.872283280	0.733675301	0.733675301	0.733675301
0.872527480	0.734139144	0.734139144	0.734139144
0.872771680	0.734603107	0.734603107	0.734603107
0.873015881	0.735067308	0.735067308	0.735067308
0.873260081	0.735531569	0.735531569	0.735531569
0.873504281	0.735996008	0.735996008	0.735996008
0.873748481	0.736460686	0.736460686	0.736460686
0.873992682	0.736925483	0.736925483	0.736925483
0.874236882	0.737390578	0.737390578	0.737390578
0.874481082	0.737855673	0.737855673	0.737855673
0.874725282	0.738321066	0.738321066	0.738321066
0.874969482	0.738786519	0.738786519	0.738786519
0.875213683	0.739252150	0.739252150	0.739252150
0.875457883	0.739718080	0.739718080	0.739718080
0.875702083	0.740184069	0.740184069	0.740184069
0.875946283	0.740650296	0.740650296	0.740650296
0.876190484	0.741116643	0.741116643	0.741116643
0.876434684	0.741583109	0.741583109	0.741583109
0.876678884	0.742049932	0.742049932	0.742049932
0.876923084	0.742516756	0.742516756	0.742516756
0.877167284	0.742983878	0.742983878	0.742983878
0.877411485	0.743450999	0.743450999	0.743450999
0.877655685	0.743918359	0.743918359	0.743918359
0.877899885	0.744386017	0.744386017	0.744386017
0.878144085	0.744853675	0.744853675	0.744853675
0.878388286	0.745321691	0.745321691	0.745321691
0.878632486	0.745789707	0.745789707	0.745789707
0.878876686	0.746258020	0.746258020	0.746258020
0.879120886	0.746726394	0.746726394	0.746726394
0.879365087	0.747194946	0.747194946	0.747194946
0.879609287	0.747663736	0.747663736	0.747663736
0.879853487	0.748132646	0.748132646	0.748132646
0.880097687	0.748601854	0.748601854	0.748601854
0.880341887	0.749071062	0.749071062	0.749071062
0.880586088	0.749540448	0.749540448	0.749540448
0.880830288	0.750010133	0.750010133	0.750010133
0.881074488	0.750479877	0.750479877	0.750479877
0.881318688	0.750949919	0.750949919	0.750949919
0.881562889	0.751420021	0.751420021	0.751420021
0.881807089	0.751890242	0.751890242	0.751890242
0.882051289	0.752360821	0.752360821	0.752360821
0.882295489	0.752831399	0.752831399	0.752831399
0.882539690	0.753302336	0.753302336	0.753302336
0.882783890	0.753773272	0.753773272	0.753773272
0.883028090	0.754244506	0.754244506	0.754244506
0.883272290	0.754715800	0.754715800	0.754715800
0.883516490	0.755187273	0.755187273	0.755187273
0.883760691	0.755658984	0.755658984	0.755658984
0.884004891	0.756130815	0.756130815	0.756130815
0.884249091	0.756602883	0.756602883	0.756602883
0.884493291	0.757075071	0.757075071	0.757075071
0.884737492	0.757547379	0.757547379	0.757547379
0.884981692	0.758019984	0.758019984	0.758019984
0.885225892	0.758492649	0.758492649	0.758492649
0.885470092	0.758965611	0.758965611	0.758965611
0.885714293	0.759438634	0.759438634	0.759438634
0.885958493	0.759911776	0.759911776	0.759911776
0.886202693	0.760385275	0.760385275	0.760385275
0.886446893	0.760858774	0.760858774	0.760858774
0.886691093	0.761332572	0.761332572	0.761332572
0.886935294	0.761806488	0.761806488	0.761806488
0.887179494	0.762280643	0.762280643	0.762280643
0.887423694	0.762754858	0.762754858	0.762754858
0.887667894	0.763229191	0.763229191	0.763229191
0.887912095	0.763703883	0.763703883	0.763703883
0.888156295	0.764178634	0.764178634	0.764178634
0.888400495	0.764653623	0.764653623	0.764653623
0.888644695	0.765128732	0.765128732	0.765128732
0.888888896	0.765603960	0.765603960	0.765603960
0.889133096	0.766079485	0.766079485	0.766079485
0.889377296	0.766555071	0.766555071	0.766555071
0.889621496	0.767030954	0.767030954	0.767030954
0.889865696	0.767506897	0.767506897	0.767506897
0.890109897	0.767983019	0.767983019	0.767983019
0.890354097	0.768459380	0.768459380	0.768459380
0.890598297	0.768935859	0.768935859	0.768935859
0.890842497	0.769412577	0.769412577	0.769412577
0.891086698	0.769889414	0.769889414	0.769889414
0.891330898	0.770366490	0.770366490	0.770366490
0.891575098	0.770843625	0.770843625	0.770843625
0.891819298	0.771320939	0.771320939	0.771320939
0.892063498	0.771798551	0.771798551	0.771798551
0.892307699	0.772276163	0.772276163	0.772276163
0.892551899	0.772754133	0.772754133	0.772754133
0.892796099	0.773232162	0.773232162	0.773232162
0.893040299	0.773710310	0.773710310	0.773710310
0.893284500	0.774188757	0.774188757	0.774188757
0.893528700	0.774667263	0.774667263	0.774667263
0.893772900	0.775146127	0.775146127	0.775146127
0.894017100	0.775624990	0.775624990	0.775624990
0.894261301	0.776104152	0.776104152	0.776104152
0.894505501	0.776583314	0.776583314	0.776583314
0.894749701	0.777062714	0.777062714	0.777062714
0.894993901	0.777542412	0.777542412	0.777542412
0.895238101	0.778022110	0.778022110	0.778022110
0.895482302	0.778502107	0.778502107	0.778502107
0.895726502	0.778982222	0.778982222	0.778982222
0.895970702	0.779462457	0.779462457	0.779462457
0.896214902	0.779942989	0.779942989	0.779942989
0.896459103	0.780423582	0.780423582	0.780423582
0.896703303	0.780904472	0.780904472	0.780904472
0.896947503	0.781385422	0.781385422	0.781385422
0.897191703	0.781866491	0.781866491	0.781866491
0.897435904	0.782347918	0.782347918	0.782347918
0.897680104	0.782829344	0.782829344	0.782829344
0.897924304	0.783311129	0.783311129	0.783311129
0.898168504	0.783792913	0.783792913	0.783792913
0.898412704	0.784274995	0.784274995	0.784274995
0.898656905	0.784757137	0.784757137	0.784757137
0.898901105	0.785239458	0.785239458	0.785239458
0.899145305	0.785722077	0.785722077	0.785722077
0.899389505	0.786204755	0.786204755	0.786204755
0.899633706	0.786687672	0.786687672	0.786687672
0.899877906	0.787170708	0.787170708	0.787170708
0.900122106	0.787653863	0.787653863	0.787653863
0.900366306	0.788137376	0.788137376	0.788137376
0.900610507	0.788620889	0.788620889	0.788620889
0.900854707	0.789104700	0.789104700	0.789104700
0.901098907	0.789588571	0.789588571	0.789588571
0.901343107	0.790072620	0.790072620	0.790072620
0.901587307	0.790556967	0.790556967	0.790556967
0.901831508	0.791041374	0.791041374	0.791041374
0.902075708	0.791526079	0.791526079	0.791526079
0.902319908	0.792010784	0.792010784	0.792010784
0.902564108	0.792495847	0.792495847	0.792495847
0.902808309	0.792980909	0.792980909	0.792980909
0.903052509	0.793466210	0.793466210	0.793466210
0.903296709	0.793951750	0.793951750	0.793951750
0.903540909	0.794437349	0.794437349	0.794437349
0.903785110	0.794923246	0.794923246	0.794923246
0.904029310	0.795409203	0.795409203	0.795409203
0.904273510	0.795895338	0.795895338	0.795895338
0.904517710	0.796381772	0.796381772	0.796381772
0.904761910	0.796868205	0.796868205	0.796868205
0.905006111	0.797354996	0.797354996	0.797354996
0.905250311	0.797841787	0.797841787	0.797841787
0.905494511	0.798328817	0.798328817	0.798328817
0.905738711	0.798816085	0.798816085	0.798816085
0.905982912	0.799303412	0.799303412	0.799303412
0.906227112	0.799791038	0.799791038	0.799791038
0.906471312	0.800278723	0.800278723	0.800278723
0.906715512	0.800766706	0.800766706	0.800766706
0.906959713	0.801254749	0.801254749	0.801254749
0.907203913	0.801742971	0.801742971	0.801742971
0.907448113	0.802231491	0.802231491	0.802231491
0.907692313	0.802720010	0.802720010	0.802720010
0.907936513	0.803208888	0.803208888	0.803208888
0.908180714	0.803697765	0.803697765	0.803697765
0.908424914	0.804186821	0.804186821	0.804186821
0.908669114	0.804676235	0.804676235	0.804676235
0.908913314	0.805165648	0.805165648	0.805165648
0.909157515	0.805655360	0.805655360	0.805655360
0.909401715	0.806145132	0.806145132	0.806145132
0.909645915	0.806635082	0.806635082	0.806635082
0.909890115	0.807125270	0.807125270	0.807125270
0.910134315	0.807615578	0.807615578	0.807615578
0.910378516	0.808106184	0.808106184	0.808106184
0.910622716	0.808596790	0.808596790	0.808596790
0.910866916	0.809087753	0.809087753	0.809087753
0.911111116	0.809578717	0.809578717	0.809578717
0.911355317	0.810069859	0.810069859	0.810069859
0.911599517	0.810561359	0.810561359	0.810561359
0.911843717	0.811052859	0.811052859	0.811052859
0.912087917	0.811544657	0.811544657	0.811544657
0.912332118	0.812036514	0.812036514	0.812036514
0.912576318	0.812528551	0.812528551	0.812528551
0.912820518	0.813020885	0.813020885	0.813020885
0.913064718	0.813513219	0.813513219	0.813513219
0.913308918	0.814005911	0.814005911	0.814005911
0.913553119	0.814498603	0.814498603	0.814498603
0.913797319	0.814991534	0.814991534	0.814991534
0.914041519	0.815484703	0.815484703	0.815484703
0.914285719	0.815977991	0.815977991	0.815977991
0.914529920	0.816471517	0.816471517	0.816471517
0.914774120	0.816965103	0.816965103	0.816965103
0.915018320	0.817458987	0.817458987	0.817458987
0.915262520	0.817952931	0.817952931	0.817952931
0.915506721	0.818447053	0.818447053	0.818447053
0.915750921	0.818941474	0.818941474	0.818941474
0.915995121	0.819435894	0.819435894	0.819435894
0.916239321	0.819930673	0.819930673	0.819930673
0.916483521	0.820425510	0.820425510	0.820425510
0.916727722	0.820920467	0.820920467	0.820920467
0.916971922	0.821415782	0.821415782	0.821415782
0.917216122	0.821911097	0.821911097	0.821911097
0.917460322	0.822406709	0.822406709	0.822406709
0.917704523	0.822902381	0.822902381	0.822902381
0.917948723	0.823398292	0.823398292	0.823398292
0.918192923	0.823894441	0.823894441	0.823894441
0.918437123	0.824390650	0.824390650	0.824390650
0.918681324	0.824887156	0.824887156	0.824887156
0.918925524	0.825383663	0.825383663	0.825383663
0.919169724	0.825880527	0.825880527	0.825880527
0.919413924	0.826377451	0.826377451	0.826377451
0.919658124	0.826874495	0.826874495	0.826874495
0.919902325	0.827371895	0.827371895	0.827371895
0.920146525	0.827869296	0.827869296	0.827869296
0.920390725	0.828367054	0.828367054	0.828367054
0.920634925	0.828864813	0.828864813	0.828864813
0.920879126	0.829362750	0.829362750	0.829362750
0.921123326	0.829861045	0.829861045	0.829861045
0.921367526	0.830359340	0.830359340	0.830359340
0.921611726	0.830857933	0.830857933	0.830857933
0.921855927	0.831356585	0.831356585	0.831356585
0.922100127	0.831855536	0.831855536	0.831855536
0.922344327	0.832354486	0.832354486	0.832354486
0.922588527	0.832853675	0.832853675	0.832853675
0.922832727	0.833353162	0.833353162	0.833353162
0.923076928	0.833852649	0.833852649	0.833852649
0.923321128	0.834352493	0.834352493	0.834352493
0.923565328	0.834852338	0.834852338	0.834852338
0.923809528	0.835352421	0.835352421	0.835352421
0.924053729	0.835852742	0.835852742	0.835852742
0.924297929	0.836353123	0.836353123	0.836353123
0.924542129	0.836853802	0.836853802	0.836853802
0.924786329	0.837354541	0.837354541	0.837354541
0.925030529	0.837855458	0.837855458	0.837855458
0.925274730	0.838356733	0.838356733	0.838356733
0.925518930	0.838857949	0.838857949	0.838857949
0.925763130	0.839359522	0.839359522	0.839359522
0.926007330	0.839861155	0.839861155	0.839861155
0.926251531	0.840363085	0.840363085	0.840363085
0.926495731	0.840865016	0.840865016	0.840865016
0.926739931	0.841367185	0.841367185	0.841367185
0.926984131	0.841869652	0.841869652	0.841869652
0.927228332	0.842372119	0.842372119	0.842372119
0.927472532	0.842874885	0.842874885	0.842874885
0.927716732	0.843377769	0.843377769	0.843377769
0.927960932	0.843880773	0.843880773	0.843880773
0.928205132	0.844384074	0.844384074	0.844384074
0.928449333	0.844887435	0.844887435	0.844887435
0.928693533	0.845391095	0.845391095	0.845391095
0.928937733	0.845894814	0.845894814	0.845894814
0.929181933	0.846398711	0.846398711	0.846398711
0.929426134	0.846902907	0.846902907	0.846902907
0.929670334	0.847407162	0.847407162	0.847407162
0.929914534	0.847911716	0.847911716	0.847911716
0.930158734	0.848416269	0.848416269	0.848416269
0.930402935	0.848921180	0.848921180	0.848921180
0.930647135	0.849426150	0.849426150	0.849426150
0.930891335	0.849931240	0.849931240	0.849931240
0.931135535	0.850436687	0.850436687	0.850436687
0.931379735	0.850942135	0.850942135	0.850942135
0.931623936	0.851447880	0.851447880	0.851447880
0.931868136	0.851953685	0.851953685	0.851953685
0.932112336	0.852459729	0.852459729	0.852459729
0.932356536	0.852966011	0.852966011	0.852966011
0.932600737	0.853472352	0.853472352	0.853472352
0.932844937	0.853978992	0.853978992	0.853978992
0.933089137	0.854485691	0.854485691	0.854485691
0.933333337	0.854992568	0.854992568	0.854992568
0.933577538	0.855499744	0.855499744	0.855499744
0.933821738	0.856006920	0.856006920	0.856006920
0.934065938	0.856514454	0.856514454	0.856514454
0.934310138	0.857022047	0.857022047	0.857022047
0.934554338	0.857529938	0.857529938	0.857529938
0.934798539	0.858037829	0.858037829	0.858037829
0.935042739	0.858545959	0.858545959	0.858545959
0.935286939	0.859054327	0.859054327	0.859054327
0.935531139	0.859562755	0.859562755	0.859562755
0.935775340	0.860071540	0.860071540	0.860071540
0.936019540	0.860580325	0.860580325	0.860580325
0.936263740	0.861089289	0.861089289	0.861089289
0.936507940	0.861598611	0.861598611	0.861598611
0.936752141	0.862107933	0.862107933	0.862107933
0.936996341	0.862617552	0.862617552	0.862617552
0.937240541	0.863127232	0.863127232	0.863127232
0.937484741	0.863637090	0.863637090	0.863637090
0.937728941	0.864147246	0.864147246	0.864147246
0.937973142	0.864657462	0.864657462	0.864657462
0.938217342	0.865167975	0.865167975	0.865167975
0.938461542	0.865678489	0.865678489	0.865678489
0.938705742	0.866189361	0.866189361	0.866189361
0.938949943	0.866700292	0.866700292	0.866700292
0.939194143	0.867211342	0.867211342	0.867211342
0.939438343	0.867722750	0.867722750	0.867722750
0.939682543	0.868234158	0.868234158	0.868234158
0.939926744	0.868745923	0.868745923	0.868745923
0.940170944	0.869257689	0.869257689	0.869257689
0.940415144	0.869769633	0.869769633	0.869769633
0.940659344	0.870281935	0.870281935	0.870281935
0.940903544	0.870794237	0.870794237	0.870794237
0.941147745	0.871306837	0.871306837	0.871306837
0.941391945	0.871819496	0.871819496	0.871819496
0.941636145	0.872332394	0.872332394	0.872332394
0.941880345	0.872845531	0.872845531	0.872845531
0.942124546	0.873358727	0.873358727	0.873358727
0.942368746	0.873872221	0.873872221	0.873872221
0.942612946	0.874385774	0.874385774	0.874385774
0.942857146	0.874899626	0.874899626	0.874899626
0.943101346	0.875413477	0.875413477	0.875413477
0.943345547	0.875927567	0.875927567	0.875927567
0.943589747	0.876441956	0.876441956	0.876441956
0.943833947	0.876956403	0.876956403	0.876956403
0.944078147	0.877471089	0.877471089	0.877471089
0.944322348	0.877985895	0.877985895	0.877985895
0.944566548	0.878500819	0.878500819	0.878500819
0.944810748	0.879016101	0.879016101	0.879016101
0.945054948	0.879531384	0.879531384	0.879531384
0.945299149	0.880047023	0.880047023	0.880047023
0.945543349	0.880562663	0.880562663	0.880562663
0.945787549	0.881078482	0.881078482	0.881078482
0.946031749	0.881594658	0.881594658	0.881594658
0.946275949	0.882110834	0.882110834	0.882110834
0.946520150	0.882627308	0.882627308	0.882627308
0.946764350	0.883143902	0.883143902	0.883143902
0.947008550	0.883660734	0.883660734	0.883660734
0.947252750	0.884177625	0.884177625	0.884177625
0.947496951	0.884694695	0.884694695	0.884694695
0.947741151	0.885212064	0.885212064	0.885212064
0.947985351	0.885729492	0.885729492	0.885729492
0.948229551	0.886247218	0.886247218	0.886247218
0.948473752	0.886765003	0.886765003	0.886765003
0.948717952	0.887282908	0.887282908	0.887282908
0.948962152	0.887801170	0.887801170	0.887801170
0.949206352	0.888319492	0.888319492	0.888319492
0.949450552	0.888838112	0.888838112	0.888838112
0.949694753	0.889356792	0.889356792	0.889356792
0.949938953	0.889875591	0.889875591	0.889875591
0.950183153	0.890394747	0.890394747	0.890394747
0.950427353	0.890913904	0.890913904	0.890913904
0.950671554	0.891433418	0.891433418	0.891433418
0.950915754	0.891952932	0.891952932	0.891952932
0.951159954	0.892472804	0.892472804	0.892472804
0.951404154	0.892992675	0.892992675	0.892992675
0.951648355	0.893512785	0.893512785	0.893512785
0.951892555	0.894033134	0.894033134	0.894033134
0.952136755	0.894553542	0.894553542	0.894553542
0.952380955	0.895074308	0.895074308	0.895074308
0.952625155	0.895595074	0.895595074	0.895595074
0.952869356	0.896116018	0.896116018	0.896116018
0.953113556	0.896637261	0.896637261	0.896637261
0.953357756	0.897158623	0.897158623	0.897158623
0.953601956	0.897680223	0.897680223	0.897680223
0.953846157	0.898201883	0.898201883	0.898201883
0.954090357	0.898723841	0.898723841	0.898723841
0.954334557	0.899245858	0.899245858	0.899245858
0.954578757	0.899768054	0.899768054	0.899768054
0.954822958	0.900290549	0.900290549	0.900290549
0.955067158	0.900813103	0.900813103	0.900813103
0.955311358	0.901335955	0.901335955	0.901335955
0.955555558	0.901858866	0.901858866	0.901858866
0.955799758	0.902381897	0.902381897	0.902381897
0.956043959	0.902905285	0.902905285	0.902905285
0.956288159	0.903428733	0.903428733	0.903428733
0.956532359	0.903952479	0.903952479	0.903952479
0.956776559	0.904476225	0.904476225	0.904476225
0.957020760	0.905000210	0.905000210	0.905000210
0.957264960	0.905524492	0.905524492	0.905524492
0.957509160	0.906048775	0.906048775	0.906048775
0.957753360	0.906573415	0.906573415	0.906573415
0.957997561	0.907098055	0.907098055	0.907098055
0.958241761	0.907623053	0.907623053	0.907623053
0.958485961	0.908148110	0.908148110	0.908148110
0.958730161	0.908673286	0.908673286	0.908673286
0.958974361	0.909198821	0.909198821	0.909198821
0.959218562	0.909724355	0.909724355	0.909724355
0.959462762	0.910250187	0.910250187	0.910250187
0.959706962	0.910776138	0.910776138	0.910776138
0.959951162	0.911302209	0.911302209	0.911302209
0.960195363	0.911828578	0.911828578	0.911828578
0.960439563	0.912355065	0.912355065	0.912355065
0.960683763	0.912881792	0.912881792	0.912881792
0.960927963	0.913408577	0.913408577	0.913408577
0.961172163	0.913935542	0.913935542	0.913935542
0.961416364	0.914462864	0.914462864	0.914462864
0.961660564	0.914990187	0.914990187	0.914990187
0.961904764	0.915517807	0.915517807	0.915517807
0.962148964	0.916045487	0.916045487	0.916045487
0.962393165	0.916573465	0.916573465	0.916573465
0.962637365	0.917101502	0.917101502	0.917101502
0.962881565	0.917629719	0.917629719	0.917629719
0.963125765	0.918158233	0.918158233	0.918158233
0.963369966	0.918686807	0.918686807	0.918686807
0.963614166	0.919215679	0.919215679	0.919215679
0.963858366	0.919744611	0.919744611	0.919744611
0.964102566	0.920273721	0.920273721	0.920273721
0.964346766	0.920803130	0.920803130	0.920803130
0.964590967	0.921332598	0.921332598	0.921332598
0.964835167	0.921862364	0.921862364	0.921862364
0.965079367	0.922392190	0.922392190	0.922392190
0.965323567	0.922922134	0.922922134	0.922922134
0.965567768	0.923452437	0.923452437	0.923452437
0.965811968	0.923982799	0.923982799	0.923982799
0.966056168	0.924513459	0.924513459	0.924513459
0.966300368	0.925044179	0.925044179	0.925044179
0.966544569	0.925575137	0.925575137	0.925575137
0.966788769	0.926106215	0.926106215	0.926106215
0.967032969	0.926637471	0.926637471	0.926637471
0.967277169	0.927168965	0.927168965	0.927168965
0.967521369	0.927700579	0.927700579	0.927700579
0.967765570	0.928232491	0.928232491	0.928232491
0.968009770	0.928764403	0.928764403	0.928764403
0.968253970	0.929296553	0.929296553	0.929296553
0.968498170	0.929829001	0.929829001	0.929829001
0.968742371	0.930361450	0.930361450	0.930361450
0.968986571	0.930894256	0.930894256	0.930894256
0.969230771	0.931427062	0.931427062	0.931427062
0.969474971	0.931960106	0.931960106	0.931960106
0.969719172	0.932493389	0.932493389	0.932493389
0.969963372	0.933026791	0.933026791	0.933026791
0.970207572	0.933560431	0.933560431	0.933560431
0.970451772	0.934094191	0.934094191	0.934094191
0.970695972	0.934628189	0.934628189	0.934628189
0.970940173	0.935162306	0.935162306	0.935162306
0.971184373	0.935696542	0.935696542	0.935696542
0.971428573	0.936231136	0.936231136	0.936231136
0.971672773	0.936765730	0.936765730	0.936765730
0.971916974	0.937300682	0.937300682	0.937300682
0.972161174	0.937835634	0.937835634	0.937835634
0.972405374	0.938370764	0.938370764	0.938370764
0.972649574	0.938906252	0.938906252	0.938906252
0.972893775	0.939441741	0.939441741	0.939441741
0.973137975	0.939977527	0.939977527	0.939977527
0.973382175	0.940513432	0.940513432	0.940513432
0.973626375	0.941049457	0.941049457	0.941049457
0.973870575	0.941585779	0.941585779	0.941585779
0.974114776	0.942122161	0.942122161	0.942122161
0.974358976	0.942658901	0.942658901	0.942658901
0.974603176	0.943195641	0.943195641	0.943195641
0.974847376	0.943732679	0.943732679	0.943732679
0.975091577	0.944269836	0.944269836	0.944269836
0.975335777	0.944807112	0.944807112	0.944807112
0.975579977	0.945344687	0.945344687	0.945344687
0.975824177	0.945882320	0.945882320	0.945882320
0.976068377	0.946420312	0.946420312	0.946420312
0.976312578	0.946958303	0.946958303	0.946958303
0.976556778	0.947496474	0.947496474	0.947496474
0.976800978	0.948034942	0.948034942	0.948034942
0.977045178	0.948573470	0.948573470	0.948573470
0.977289379	0.949112356	0.949112356	0.949112356
0.977533579	0.949651241	0.949651241	0.949651241
0.977777779	0.950190306	0.950190306	0.950190306
0.978021979	0.950729668	0.950729668	0.950729668
0.978266180	0.951269090	0.951269090	0.951269090
0.978510380	0.951808870	0.951808870	0.951808870
0.978754580	0.952348650	0.952348650	0.952348650
0.978998780	0.952888727	0.952888727	0.952888727
0.979242980	0.953428864	0.953428864	0.953428864
0.979487181	0.953969181	0.953969181	0.953969181
0.979731381	0.954509795	0.954509795	0.954509795
0.979975581	0.955050468	0.955050468	0.955050468
0.980219781	0.955591500	0.955591500	0.955591500
0.980463982	0.956132531	0.956132531	0.956132531
0.980708182	0.956673741	0.956673741	0.956673741
0.980952382	0.957215250	0.957215250	0.957215250
0.981196582	0.957756817	0.957756817	0.957756817
0.981440783	0.958298683	0.958298683	0.958298683
0.981684983	0.958840609	0.958840609	0.958840609
0.981929183	0.959382713	0.959382713	0.959382713
0.982173383	0.959925175	0.959925175	0.959925175
0.982417583	0.960467637	0.960467637	0.960467637
0.982661784	0.961010396	0.961010396	0.961010396
0.982905984	0.961553216	0.961553216	0.961553216
0.983150184	0.962096334	0.962096334	0.962096334
0.983394384	0.962639511	0.962639511	0.962639511
0.983638585	0.963182867	0.963182867	0.963182867
0.983882785	0.963726580	0.963726580	0.963726580
0.984126985	0.964270294	0.964270294	0.964270294
0.984371185	0.964814305	0.964814305	0.964814305
0.984615386	0.965358377	0.965358377	0.965358377
0.984859586	0.965902627	0.965902627	0.965902627
0.985103786	0.966447175	0.966447175	0.966447175
0.985347986	0.966991782	0.966991782	0.966991782
0.985592186	0.967536747	0.967536747	0.967536747
0.985836387	0.968081713	0.968081713	0.968081713
0.986080587	0.968626976	0.968626976	0.968626976
0.986324787	0.969172299	0.969172299	0.969172299
0.986568987	0.969717801	0.969717801	0.969717801
0.986813188	0.970263660	0.970263660	0.970263660
0.987057388	0.970809519	0.970809519	0.970809519
0.987301588	0.971355677	0.971355677	0.971355677
0.987545788	0.971901894	0.971901894	0.971901894
0.987789989	0.972448289	0.972448289	0.972448289
0.988034189	0.972995043	0.972995043	0.972995043
0.988278389	0.973541796	0.973541796	0.973541796
0.988522589	0.974088848	0.974088848	0.974088848
0.988766789	0.974635959	0.974635959	0.974635959
0.989010990	0.975183249	0.975183249	0.975183249
0.989255190	0.975730896	0.975730896	0.975730896
0.989499390	0.976278543	0.976278543	0.976278543
0.989743590	0.976826489	0.976826489	0.976826489
0.989987791	0.977374494	0.977374494	0.977374494
0.990231991	0.977922857	0.977922857	0.977922857
0.990476191	0.978471220	0.978471220	0.978471220
0.990720391	0.979019761	0.979019761	0.979019761
0.990964592	0.979568660	0.979568660	0.979568660
0.991208792	0.980117559	0.980117559	0.980117559
0.991452992	0.980666757	0.980666757	0.980666757
0.991697192	0.981216013	0.981216013	0.981216013
0.991941392	0.981765509	0.981765509	0.981765509
0.992185593	0.982315242	0.982315242	0.982315242
0.992429793	0.982865036	0.982865036	0.982865036
0.992673993	0.983415186	0.983415186	0.983415186
0.992918193	0.983965337	0.983965337	0.983965337
0.993162394	0.984515727	0.984515727	0.984515727
0.993406594	0.985066354	0.985066354	0.985066354
0.993650794	0.985617042	0.985617042	0.985617042
0.993894994	0.986168087	0.986168087	0.986168087
0.994139194	0.986719131	0.986719131	0.986719131
0.994383395	0.987270534	0.987270534	0.987270534
0.994627595	0.987821937	0.987821937	0.987821937
0.994871795	0.988373578	0.988373578	0.988373578
0.995115995	0.988925457	0.988925457	0.988925457
0.995360196	0.989477456	0.989477456	0.989477456
0.995604396	0.990029752	0.990029752	0.990029752
0.995848596	0.990582049	0.990582049	0.990582049
0.996092796	0.991134524	0.991134524	0.991134524
0.996336997	0.991687357	0.991687357	0.991687357
0.996581197	0.992240250	0.992240250	0.992240250
0.996825397	0.992793441	0.992793441	0.992793441
0.997069597	0.993346632	0.993346632	0.993346632
0.997313797	0.993900001	0.993900001	0.993900001
0.997557998	0.994453728	0.994453728	0.994453728
0.997802198	0.995007515	0.995007515	0.995007515
0.998046398	0.995561600	0.995561600	0.995561600
0.998290598	0.996115685	0.996115685	0.996115685
0.998534799	0.996670127	0.996670127	0.996670127
0.998778999	0.997224629	0.997224629	0.997224629
0.999023199	0.997779310	0.997779310	0.997779310
0.999267399	0.998334289	0.998334289	0.998334289
0.999511600	0.998889267	0.998889267	0.998889267
0.999755800	0.999444604	0.999444604	0.999444604
1.000000000	1.000000000	1.000000000	1.000000000
